E00499:807:HJM5GCCX2:5:1117:24860:20014	ccnd1	CGTCGTCATCCC	TTGAACGG	7	54670130	-	T	37
E00499:807:HJM5GCCX2:5:1117:24860:20014	ccnd1	CGTCGTCATCCC	TTGAACGG	7	54670134	-	T	37
E00499:807:HJM5GCCX2:5:1117:24860:20014	ccnd1	CGTCGTCATCCC	TTGAACGG	7	54670146	-	T	32
E00499:807:HJM5GCCX2:5:1117:24860:20014	ccnd1	CGTCGTCATCCC	TTGAACGG	7	54670148	-	T	41
E00499:807:HJM5GCCX2:5:1117:24860:20014	ccnd1	CGTCGTCATCCC	TTGAACGG	7	54670151	-	T	41
E00499:807:HJM5GCCX2:5:1117:24860:20014	ccnd1	CGTCGTCATCCC	TTGAACGG	7	54670152	-	T	32
E00499:807:HJM5GCCX2:5:1117:24860:20014	ccnd1	CGTCGTCATCCC	TTGAACGG	7	54670153	-	T	41
E00499:807:HJM5GCCX2:5:1117:24860:20014	ccnd1	CGTCGTCATCCC	TTGAACGG	7	54670154	-	T	41
E00499:807:HJM5GCCX2:5:1117:24860:20014	ccnd1	CGTCGTCATCCC	TTGAACGG	7	54670155	-	T	41
E00499:807:HJM5GCCX2:5:1117:24860:20014	ccnd1	CGTCGTCATCCC	TTGAACGG	7	54670156	-	T	37
E00499:807:HJM5GCCX2:5:1117:24860:20014	ccnd1	CGTCGTCATCCC	TTGAACGG	7	54670158	-	T	37
E00499:807:HJM5GCCX2:5:1117:24860:20014	ccnd1	CGTCGTCATCCC	TTGAACGG	7	54670159	-	T	41
E00499:807:HJM5GCCX2:5:1117:24860:20014	ccnd1	CGTCGTCATCCC	TTGAACGG	7	54670160	-	T	41
E00499:807:HJM5GCCX2:5:1117:24860:20014	ccnd1	CGTCGTCATCCC	TTGAACGG	7	54670161	-	C	37
E00499:807:HJM5GCCX2:5:1117:24860:20014	ccnd1	CGTCGTCATCCC	TTGAACGG	7	54670163	-	T	41
E00499:807:HJM5GCCX2:5:1117:24860:20014	ccnd1	CGTCGTCATCCC	TTGAACGG	7	54670167	-	T	32
E00499:807:HJM5GCCX2:5:1117:24860:20014	ccnd1	CGTCGTCATCCC	TTGAACGG	7	54670168	-	T	37
E00499:807:HJM5GCCX2:5:1117:24860:20014	ccnd1	CGTCGTCATCCC	TTGAACGG	7	54670169	-	T	41
E00499:807:HJM5GCCX2:5:1117:24860:20014	ccnd1	CGTCGTCATCCC	TTGAACGG	7	54670172	-	T	41
E00499:807:HJM5GCCX2:5:1117:24860:20014	ccnd1	CGTCGTCATCCC	TTGAACGG	7	54670173	-	T	37
E00499:807:HJM5GCCX2:5:1117:24860:20014	ccnd1	CGTCGTCATCCC	TTGAACGG	7	54670174	-	T	37
E00499:807:HJM5GCCX2:5:1117:24860:20014	ccnd1	CGTCGTCATCCC	TTGAACGG	7	54670177	-	T	41
E00499:807:HJM5GCCX2:5:1117:24860:20014	ccnd1	CGTCGTCATCCC	TTGAACGG	7	54670180	-	T	37
E00499:807:HJM5GCCX2:5:1117:24860:20014	ccnd1	CGTCGTCATCCC	TTGAACGG	7	54670182	-	T	41
E00499:807:HJM5GCCX2:5:1117:24860:20014	ccnd1	CGTCGTCATCCC	TTGAACGG	7	54670187	-	C	32
E00499:807:HJM5GCCX2:5:1117:24860:20014	ccnd1	CGTCGTCATCCC	TTGAACGG	7	54670192	-	T	41
E00499:807:HJM5GCCX2:5:1117:24860:20014	ccnd1	CGTCGTCATCCC	TTGAACGG	7	54670195	-	T	41
E00499:807:HJM5GCCX2:5:1117:24860:20014	ccnd1	CGTCGTCATCCC	TTGAACGG	7	54670198	-	T	37
E00499:807:HJM5GCCX2:5:1117:24860:20014	ccnd1	CGTCGTCATCCC	TTGAACGG	7	54670199	-	T	41
E00499:807:HJM5GCCX2:5:1117:24860:20014	ccnd1	CGTCGTCATCCC	TTGAACGG	7	54670201	-	C	41
E00499:807:HJM5GCCX2:5:1117:24860:20014	ccnd1	CGTCGTCATCCC	TTGAACGG	7	54670203	-	T	41
E00499:807:HJM5GCCX2:5:1117:24860:20014	ccnd1	CGTCGTCATCCC	TTGAACGG	7	54670207	-	C	41
E00499:807:HJM5GCCX2:5:1117:24860:20014	ccnd1	CGTCGTCATCCC	TTGAACGG	7	54670209	-	T	41
E00499:807:HJM5GCCX2:5:1117:24860:20014	ccnd1	CGTCGTCATCCC	TTGAACGG	7	54670218	-	T	41
E00499:807:HJM5GCCX2:5:1117:24860:20014	ccnd1	CGTCGTCATCCC	TTGAACGG	7	54670219	-	C	41
E00499:807:HJM5GCCX2:5:1117:24860:20014	ccnd1	CGTCGTCATCCC	TTGAACGG	7	54670222	-	T	41
E00499:807:HJM5GCCX2:5:1117:24860:20014	ccnd1	CGTCGTCATCCC	TTGAACGG	7	54670223	-	T	41
E00499:807:HJM5GCCX2:5:1117:24860:20014	ccnd1	CGTCGTCATCCC	TTGAACGG	7	54670225	-	T	37
E00499:807:HJM5GCCX2:5:1117:24860:20014	ccnd1	CGTCGTCATCCC	TTGAACGG	7	54670228	-	C	37
E00499:807:HJM5GCCX2:5:1117:24860:20014	ccnd1	CGTCGTCATCCC	TTGAACGG	7	54670230	-	T	41
E00499:807:HJM5GCCX2:5:1117:24860:20014	ccnd1	CGTCGTCATCCC	TTGAACGG	7	54670233	-	T	37
E00499:807:HJM5GCCX2:5:1117:24860:20014	ccnd1	CGTCGTCATCCC	TTGAACGG	7	54670234	-	T	37
E00499:807:HJM5GCCX2:5:1117:24860:20014	ccnd1	CGTCGTCATCCC	TTGAACGG	7	54670235	-	C	41
E00499:807:HJM5GCCX2:5:1117:24860:20014	ccnd1	CGTCGTCATCCC	TTGAACGG	7	54670238	-	T	41
E00499:807:HJM5GCCX2:5:1117:24860:20014	ccnd1	CGTCGTCATCCC	TTGAACGG	7	54670239	-	T	37
E00499:807:HJM5GCCX2:5:1117:24860:20014	ccnd1	CGTCGTCATCCC	TTGAACGG	7	54670240	-	C	41
E00499:807:HJM5GCCX2:5:1117:24860:20014	ccnd1	CGTCGTCATCCC	TTGAACGG	7	54670241	-	T	41
E00499:807:HJM5GCCX2:5:1117:24860:20014	ccnd1	CGTCGTCATCCC	TTGAACGG	7	54670243	-	C	37
E00499:807:HJM5GCCX2:5:1117:24860:20014	ccnd1	CGTCGTCATCCC	TTGAACGG	7	54670246	-	T	37
E00499:807:HJM5GCCX2:5:1117:24860:20014	ccnd1	CGTCGTCATCCC	TTGAACGG	7	54670248	-	T	32
E00499:807:HJM5GCCX2:5:1204:15209:66478	ccnd1	CGTCGTCATCCC	TTGAACGG	7	54670343	-	T	41
E00499:807:HJM5GCCX2:5:1204:15209:66478	ccnd1	CGTCGTCATCCC	TTGAACGG	7	54670345	-	T	37
E00499:807:HJM5GCCX2:5:1204:15209:66478	ccnd1	CGTCGTCATCCC	TTGAACGG	7	54670349	-	T	41
E00499:807:HJM5GCCX2:5:1204:15209:66478	ccnd1	CGTCGTCATCCC	TTGAACGG	7	54670350	-	T	41
E00499:807:HJM5GCCX2:5:1204:15209:66478	ccnd1	CGTCGTCATCCC	TTGAACGG	7	54670352	-	T	41
E00499:807:HJM5GCCX2:5:1204:15209:66478	ccnd1	CGTCGTCATCCC	TTGAACGG	7	54670354	-	T	41
E00499:807:HJM5GCCX2:5:1204:15209:66478	ccnd1	CGTCGTCATCCC	TTGAACGG	7	54670355	-	T	37
E00499:807:HJM5GCCX2:5:1204:15209:66478	ccnd1	CGTCGTCATCCC	TTGAACGG	7	54670356	-	T	32
E00499:807:HJM5GCCX2:5:1204:15209:66478	ccnd1	CGTCGTCATCCC	TTGAACGG	7	54670357	-	T	32
E00499:807:HJM5GCCX2:5:1204:15209:66478	ccnd1	CGTCGTCATCCC	TTGAACGG	7	54670373	-	T	37
E00499:807:HJM5GCCX2:5:1204:15209:66478	ccnd1	CGTCGTCATCCC	TTGAACGG	7	54670388	-	C	41
E00499:807:HJM5GCCX2:5:1204:15209:66478	ccnd1	CGTCGTCATCCC	TTGAACGG	7	54670393	-	C	41
E00499:807:HJM5GCCX2:5:1204:15209:66478	ccnd1	CGTCGTCATCCC	TTGAACGG	7	54670396	-	T	41
E00499:807:HJM5GCCX2:5:1204:15209:66478	ccnd1	CGTCGTCATCCC	TTGAACGG	7	54670398	-	C	41
E00499:807:HJM5GCCX2:5:1204:15209:66478	ccnd1	CGTCGTCATCCC	TTGAACGG	7	54670408	-	T	32
E00499:807:HJM5GCCX2:5:1204:15209:66478	ccnd1	CGTCGTCATCCC	TTGAACGG	7	54670410	-	T	37
E00499:807:HJM5GCCX2:5:1204:15209:66478	ccnd1	CGTCGTCATCCC	TTGAACGG	7	54670416	-	C	41
E00499:807:HJM5GCCX2:5:1204:15209:66478	ccnd1	CGTCGTCATCCC	TTGAACGG	7	54670420	-	T	37
E00499:807:HJM5GCCX2:5:1204:15209:66478	ccnd1	CGTCGTCATCCC	TTGAACGG	7	54670426	-	T	41
E00499:807:HJM5GCCX2:5:1204:15209:66478	ccnd1	CGTCGTCATCCC	TTGAACGG	7	54670440	-	T	41
E00499:807:HJM5GCCX2:5:1204:15209:66478	ccnd1	CGTCGTCATCCC	TTGAACGG	7	54670446	-	T	41
E00499:807:HJM5GCCX2:5:1204:15209:66478	ccnd1	CGTCGTCATCCC	TTGAACGG	7	54670450	-	T	41
E00499:807:HJM5GCCX2:5:1204:15209:66478	ccnd1	CGTCGTCATCCC	TTGAACGG	7	54670451	-	T	41
E00499:807:HJM5GCCX2:5:1204:15209:66478	ccnd1	CGTCGTCATCCC	TTGAACGG	7	54670452	-	T	41
E00499:807:HJM5GCCX2:5:1204:15209:66478	ccnd1	CGTCGTCATCCC	TTGAACGG	7	54670453	-	C	41
E00499:807:HJM5GCCX2:5:1204:15209:66478	ccnd1	CGTCGTCATCCC	TTGAACGG	7	54670454	-	T	41
E00499:807:HJM5GCCX2:5:1204:15209:66478	ccnd1	CGTCGTCATCCC	TTGAACGG	7	54670455	-	T	41
E00499:807:HJM5GCCX2:5:1204:15209:66478	ccnd1	CGTCGTCATCCC	TTGAACGG	7	54670456	-	T	37
E00499:807:HJM5GCCX2:5:1204:15209:66478	ccnd1	CGTCGTCATCCC	TTGAACGG	7	54670459	-	C	41
E00499:807:HJM5GCCX2:5:1204:15209:66478	ccnd1	CGTCGTCATCCC	TTGAACGG	7	54670466	-	T	37
E00499:807:HJM5GCCX2:5:1204:15209:66478	ccnd1	CGTCGTCATCCC	TTGAACGG	7	54670468	-	T	41
E00499:807:HJM5GCCX2:5:1204:15209:66478	ccnd1	CGTCGTCATCCC	TTGAACGG	7	54670471	-	T	41
E00499:807:HJM5GCCX2:5:1204:15209:66478	ccnd1	CGTCGTCATCCC	TTGAACGG	7	54670473	-	C	41
E00499:807:HJM5GCCX2:5:1204:15209:66478	ccnd1	CGTCGTCATCCC	TTGAACGG	7	54670475	-	T	41
E00499:807:HJM5GCCX2:5:1204:15209:66478	ccnd1	CGTCGTCATCCC	TTGAACGG	7	54670478	-	T	41
E00499:807:HJM5GCCX2:5:1204:15209:66478	ccnd1	CGTCGTCATCCC	TTGAACGG	7	54670480	-	T	41
E00499:807:HJM5GCCX2:5:1204:15209:66478	ccnd1	CGTCGTCATCCC	TTGAACGG	7	54670481	-	T	41
E00499:807:HJM5GCCX2:5:1204:15209:66478	ccnd1	CGTCGTCATCCC	TTGAACGG	7	54670483	-	T	37
E00499:807:HJM5GCCX2:5:1204:15209:66478	ccnd1	CGTCGTCATCCC	TTGAACGG	7	54670485	-	C	37
E00499:807:HJM5GCCX2:5:2207:26829:10662	ccnd1	CGTCGTCATCCC	AGGGGACG	7	54670738	-	T	41
E00499:807:HJM5GCCX2:5:2207:26829:10662	ccnd1	CGTCGTCATCCC	AGGGGACG	7	54670740	-	C	41
E00499:807:HJM5GCCX2:5:2207:26829:10662	ccnd1	CGTCGTCATCCC	AGGGGACG	7	54670744	-	C	41
E00499:807:HJM5GCCX2:5:2207:26829:10662	ccnd1	CGTCGTCATCCC	AGGGGACG	7	54670747	-	T	37
E00499:807:HJM5GCCX2:5:2207:26829:10662	ccnd1	CGTCGTCATCCC	AGGGGACG	7	54670748	-	T	37
E00499:807:HJM5GCCX2:5:2207:26829:10662	ccnd1	CGTCGTCATCCC	AGGGGACG	7	54670750	-	C	41
E00499:807:HJM5GCCX2:5:2207:26829:10662	ccnd1	CGTCGTCATCCC	AGGGGACG	7	54670752	-	T	37
E00499:807:HJM5GCCX2:5:2207:26829:10662	ccnd1	CGTCGTCATCCC	AGGGGACG	7	54670756	-	T	37
E00499:807:HJM5GCCX2:5:2207:26829:10662	ccnd1	CGTCGTCATCCC	AGGGGACG	7	54670767	-	T	37
E00499:807:HJM5GCCX2:5:2207:26829:10662	ccnd1	CGTCGTCATCCC	AGGGGACG	7	54670774	-	C	41
E00499:807:HJM5GCCX2:5:2207:26829:10662	ccnd1	CGTCGTCATCCC	AGGGGACG	7	54670789	-	T	41
E00499:807:HJM5GCCX2:5:2207:26829:10662	ccnd1	CGTCGTCATCCC	AGGGGACG	7	54670791	-	C	41
E00499:807:HJM5GCCX2:5:2207:26829:10662	ccnd1	CGTCGTCATCCC	AGGGGACG	7	54670792	-	T	41
E00499:807:HJM5GCCX2:5:2207:26829:10662	ccnd1	CGTCGTCATCCC	AGGGGACG	7	54670794	-	T	41
E00499:807:HJM5GCCX2:5:2207:26829:10662	ccnd1	CGTCGTCATCCC	AGGGGACG	7	54670795	-	C	41
E00499:807:HJM5GCCX2:5:2207:26829:10662	ccnd1	CGTCGTCATCCC	AGGGGACG	7	54670797	-	T	41
E00499:807:HJM5GCCX2:5:2207:26829:10662	ccnd1	CGTCGTCATCCC	AGGGGACG	7	54670799	-	C	41
E00499:807:HJM5GCCX2:5:2207:26829:10662	ccnd1	CGTCGTCATCCC	AGGGGACG	7	54670803	-	T	41
E00499:807:HJM5GCCX2:5:2207:26829:10662	ccnd1	CGTCGTCATCCC	AGGGGACG	7	54670807	-	C	41
E00499:807:HJM5GCCX2:5:2207:26829:10662	ccnd1	CGTCGTCATCCC	AGGGGACG	7	54670811	-	T	41
E00499:807:HJM5GCCX2:5:2207:26829:10662	ccnd1	CGTCGTCATCCC	AGGGGACG	7	54670813	-	T	41
E00499:807:HJM5GCCX2:5:2207:26829:10662	ccnd1	CGTCGTCATCCC	AGGGGACG	7	54670815	-	T	41
E00499:807:HJM5GCCX2:5:2207:26829:10662	ccnd1	CGTCGTCATCCC	AGGGGACG	7	54670818	-	T	41
E00499:807:HJM5GCCX2:5:2207:26829:10662	ccnd1	CGTCGTCATCCC	AGGGGACG	7	54670819	-	C	41
E00499:807:HJM5GCCX2:5:2207:26829:10662	ccnd1	CGTCGTCATCCC	AGGGGACG	7	54670827	-	T	41
E00499:807:HJM5GCCX2:5:1217:24312:65793	ccnd1	CGTCGTCATCCC	CGGCGGGT	7	54671076	-	T	41
E00499:807:HJM5GCCX2:5:1217:24312:65793	ccnd1	CGTCGTCATCCC	CGGCGGGT	7	54671079	-	T	37
E00499:807:HJM5GCCX2:5:1217:24312:65793	ccnd1	CGTCGTCATCCC	CGGCGGGT	7	54671085	-	T	41
E00499:807:HJM5GCCX2:5:1217:24312:65793	ccnd1	CGTCGTCATCCC	CGGCGGGT	7	54671090	-	T	41
E00499:807:HJM5GCCX2:5:1217:24312:65793	ccnd1	CGTCGTCATCCC	CGGCGGGT	7	54671092	-	T	41
E00499:807:HJM5GCCX2:5:1217:24312:65793	ccnd1	CGTCGTCATCCC	CGGCGGGT	7	54671093	-	T	41
E00499:807:HJM5GCCX2:5:1217:24312:65793	ccnd1	CGTCGTCATCCC	CGGCGGGT	7	54671095	-	T	41
E00499:807:HJM5GCCX2:5:1217:24312:65793	ccnd1	CGTCGTCATCCC	CGGCGGGT	7	54671097	-	T	41
E00499:807:HJM5GCCX2:5:1217:24312:65793	ccnd1	CGTCGTCATCCC	CGGCGGGT	7	54671098	-	T	41
E00499:807:HJM5GCCX2:5:1217:24312:65793	ccnd1	CGTCGTCATCCC	CGGCGGGT	7	54671101	-	T	41
E00499:807:HJM5GCCX2:5:1217:24312:65793	ccnd1	CGTCGTCATCCC	CGGCGGGT	7	54671102	-	T	41
E00499:807:HJM5GCCX2:5:1217:24312:65793	ccnd1	CGTCGTCATCCC	CGGCGGGT	7	54671104	-	T	41
E00499:807:HJM5GCCX2:5:1217:24312:65793	ccnd1	CGTCGTCATCCC	CGGCGGGT	7	54671108	-	T	41
E00499:807:HJM5GCCX2:5:1217:24312:65793	ccnd1	CGTCGTCATCCC	CGGCGGGT	7	54671109	-	T	41
E00499:807:HJM5GCCX2:5:1217:24312:65793	ccnd1	CGTCGTCATCCC	CGGCGGGT	7	54671111	-	T	41
E00499:807:HJM5GCCX2:5:1217:24312:65793	ccnd1	CGTCGTCATCCC	CGGCGGGT	7	54671112	-	T	41
E00499:807:HJM5GCCX2:5:1217:24312:65793	ccnd1	CGTCGTCATCCC	CGGCGGGT	7	54671113	-	T	41
E00499:807:HJM5GCCX2:5:1217:24312:65793	ccnd1	CGTCGTCATCCC	CGGCGGGT	7	54671114	-	T	41
E00499:807:HJM5GCCX2:5:1217:24312:65793	ccnd1	CGTCGTCATCCC	CGGCGGGT	7	54671116	-	T	41
E00499:807:HJM5GCCX2:5:1217:24312:65793	ccnd1	CGTCGTCATCCC	CGGCGGGT	7	54671117	-	T	37
E00499:807:HJM5GCCX2:5:1217:24312:65793	ccnd1	CGTCGTCATCCC	CGGCGGGT	7	54671120	-	C	41
E00499:807:HJM5GCCX2:5:1217:24312:65793	ccnd1	CGTCGTCATCCC	CGGCGGGT	7	54671121	-	T	41
E00499:807:HJM5GCCX2:5:1217:24312:65793	ccnd1	CGTCGTCATCCC	CGGCGGGT	7	54671125	-	T	41
E00499:807:HJM5GCCX2:5:1217:24312:65793	ccnd1	CGTCGTCATCCC	CGGCGGGT	7	54671126	-	T	41
E00499:807:HJM5GCCX2:5:1217:24312:65793	ccnd1	CGTCGTCATCCC	CGGCGGGT	7	54671127	-	C	41
E00499:807:HJM5GCCX2:5:1217:24312:65793	ccnd1	CGTCGTCATCCC	CGGCGGGT	7	54671129	-	T	41
E00499:807:HJM5GCCX2:5:1217:24312:65793	ccnd1	CGTCGTCATCCC	CGGCGGGT	7	54671130	-	T	41
E00499:807:HJM5GCCX2:5:1217:24312:65793	ccnd1	CGTCGTCATCCC	CGGCGGGT	7	54671131	-	C	41
E00499:807:HJM5GCCX2:5:1217:24312:65793	ccnd1	CGTCGTCATCCC	CGGCGGGT	7	54671132	-	T	41
E00499:807:HJM5GCCX2:5:1217:24312:65793	ccnd1	CGTCGTCATCCC	CGGCGGGT	7	54671134	-	T	41
E00499:807:HJM5GCCX2:5:1217:24312:65793	ccnd1	CGTCGTCATCCC	CGGCGGGT	7	54671136	-	C	41
E00499:807:HJM5GCCX2:5:1217:24312:65793	ccnd1	CGTCGTCATCCC	CGGCGGGT	7	54671137	-	T	41
E00499:807:HJM5GCCX2:5:1217:24312:65793	ccnd1	CGTCGTCATCCC	CGGCGGGT	7	54671140	-	T	41
E00499:807:HJM5GCCX2:5:1217:24312:65793	ccnd1	CGTCGTCATCCC	CGGCGGGT	7	54671141	-	T	41
E00499:807:HJM5GCCX2:5:1217:24312:65793	ccnd1	CGTCGTCATCCC	CGGCGGGT	7	54671142	-	T	41
E00499:807:HJM5GCCX2:5:1217:24312:65793	ccnd1	CGTCGTCATCCC	CGGCGGGT	7	54671144	-	T	41
E00499:807:HJM5GCCX2:5:1217:24312:65793	ccnd1	CGTCGTCATCCC	CGGCGGGT	7	54671145	-	C	41
E00499:807:HJM5GCCX2:5:1217:24312:65793	ccnd1	CGTCGTCATCCC	CGGCGGGT	7	54671146	-	T	41
E00499:807:HJM5GCCX2:5:1217:24312:65793	ccnd1	CGTCGTCATCCC	CGGCGGGT	7	54671147	-	T	41
E00499:807:HJM5GCCX2:5:1217:24312:65793	ccnd1	CGTCGTCATCCC	CGGCGGGT	7	54671148	-	T	41
E00499:807:HJM5GCCX2:5:1217:24312:65793	ccnd1	CGTCGTCATCCC	CGGCGGGT	7	54671153	-	C	41
E00499:807:HJM5GCCX2:5:1217:24312:65793	ccnd1	CGTCGTCATCCC	CGGCGGGT	7	54671155	-	T	41
E00499:807:HJM5GCCX2:5:1217:24312:65793	ccnd1	CGTCGTCATCCC	CGGCGGGT	7	54671158	-	T	41
E00499:807:HJM5GCCX2:5:1217:24312:65793	ccnd1	CGTCGTCATCCC	CGGCGGGT	7	54671159	-	C	41
E00499:807:HJM5GCCX2:5:1217:24312:65793	ccnd1	CGTCGTCATCCC	CGGCGGGT	7	54671160	-	T	41
E00499:807:HJM5GCCX2:5:1217:24312:65793	ccnd1	CGTCGTCATCCC	CGGCGGGT	7	54671163	-	T	41
E00499:807:HJM5GCCX2:5:1217:24312:65793	ccnd1	CGTCGTCATCCC	CGGCGGGT	7	54671164	-	T	41
E00499:807:HJM5GCCX2:5:1217:24312:65793	ccnd1	CGTCGTCATCCC	CGGCGGGT	7	54671169	-	C	41
E00499:807:HJM5GCCX2:5:1217:24312:65793	ccnd1	CGTCGTCATCCC	CGGCGGGT	7	54671170	-	T	41
E00499:807:HJM5GCCX2:5:1217:24312:65793	ccnd1	CGTCGTCATCCC	CGGCGGGT	7	54671171	-	T	41
E00499:807:HJM5GCCX2:5:1217:24312:65793	ccnd1	CGTCGTCATCCC	CGGCGGGT	7	54671174	-	T	41
E00499:807:HJM5GCCX2:5:1217:24312:65793	ccnd1	CGTCGTCATCCC	CGGCGGGT	7	54671177	-	T	41
E00499:807:HJM5GCCX2:5:1217:24312:65793	ccnd1	CGTCGTCATCCC	CGGCGGGT	7	54671188	-	C	41
E00499:807:HJM5GCCX2:5:1217:24312:65793	ccnd1	CGTCGTCATCCC	CGGCGGGT	7	54671192	-	C	41
E00499:807:HJM5GCCX2:5:2122:22891:4438	ccnd1	CGTCGTCATCCC	AGATCAGC	7	54671320	-	T	41
E00499:807:HJM5GCCX2:5:2122:22891:4438	ccnd1	CGTCGTCATCCC	AGATCAGC	7	54671321	-	T	37
E00499:807:HJM5GCCX2:5:2122:22891:4438	ccnd1	CGTCGTCATCCC	AGATCAGC	7	54671322	-	T	32
E00499:807:HJM5GCCX2:5:2122:22891:4438	ccnd1	CGTCGTCATCCC	AGATCAGC	7	54671323	-	T	32
E00499:807:HJM5GCCX2:5:2122:22891:4438	ccnd1	CGTCGTCATCCC	AGATCAGC	7	54671332	-	T	37
E00499:807:HJM5GCCX2:5:2122:22891:4438	ccnd1	CGTCGTCATCCC	AGATCAGC	7	54671351	-	T	32
E00499:807:HJM5GCCX2:5:2122:22891:4438	ccnd1	CGTCGTCATCCC	AGATCAGC	7	54671353	-	C	41
E00499:807:HJM5GCCX2:5:2122:22891:4438	ccnd1	CGTCGTCATCCC	AGATCAGC	7	54671354	-	T	41
E00499:807:HJM5GCCX2:5:2122:22891:4438	ccnd1	CGTCGTCATCCC	AGATCAGC	7	54671358	-	T	37
E00499:807:HJM5GCCX2:5:2122:22891:4438	ccnd1	CGTCGTCATCCC	AGATCAGC	7	54671369	-	T	41
E00499:807:HJM5GCCX2:5:2122:22891:4438	ccnd1	CGTCGTCATCCC	AGATCAGC	7	54671371	-	T	37
E00499:807:HJM5GCCX2:5:2122:22891:4438	ccnd1	CGTCGTCATCCC	AGATCAGC	7	54671373	-	T	41
E00499:807:HJM5GCCX2:5:2122:22891:4438	ccnd1	CGTCGTCATCCC	AGATCAGC	7	54671374	-	T	32
E00499:807:HJM5GCCX2:5:2122:22891:4438	ccnd1	CGTCGTCATCCC	AGATCAGC	7	54671377	-	T	37
E00499:807:HJM5GCCX2:5:2122:22891:4438	ccnd1	CGTCGTCATCCC	AGATCAGC	7	54671378	-	T	41
E00499:807:HJM5GCCX2:5:2122:22891:4438	ccnd1	CGTCGTCATCCC	AGATCAGC	7	54671379	-	T	41
E00499:807:HJM5GCCX2:5:2122:22891:4438	ccnd1	CGTCGTCATCCC	AGATCAGC	7	54671380	-	T	41
E00499:807:HJM5GCCX2:5:2122:22891:4438	ccnd1	CGTCGTCATCCC	AGATCAGC	7	54671384	-	T	41
E00499:807:HJM5GCCX2:5:2122:22891:4438	ccnd1	CGTCGTCATCCC	AGATCAGC	7	54671387	-	T	37
E00499:807:HJM5GCCX2:5:2122:22891:4438	ccnd1	CGTCGTCATCCC	AGATCAGC	7	54671400	-	T	37
E00499:807:HJM5GCCX2:5:2122:22891:4438	ccnd1	CGTCGTCATCCC	AGATCAGC	7	54671405	-	T	41
E00499:807:HJM5GCCX2:5:2122:22891:4438	ccnd1	CGTCGTCATCCC	AGATCAGC	7	54671407	-	T	41
E00499:807:HJM5GCCX2:5:2122:22891:4438	ccnd1	CGTCGTCATCCC	AGATCAGC	7	54671414	-	T	32
E00499:807:HJM5GCCX2:5:2122:22891:4438	ccnd1	CGTCGTCATCCC	AGATCAGC	7	54671416	-	T	37
E00499:807:HJM5GCCX2:5:2122:22891:4438	ccnd1	CGTCGTCATCCC	AGATCAGC	7	54671419	-	T	41
E00499:807:HJM5GCCX2:5:2122:22891:4438	ccnd1	CGTCGTCATCCC	AGATCAGC	7	54671420	-	T	41
E00499:807:HJM5GCCX2:5:2122:22891:4438	ccnd1	CGTCGTCATCCC	AGATCAGC	7	54671421	-	C	41
E00499:807:HJM5GCCX2:5:2122:22891:4438	ccnd1	CGTCGTCATCCC	AGATCAGC	7	54671422	-	T	37
E00499:807:HJM5GCCX2:5:2122:22891:4438	ccnd1	CGTCGTCATCCC	AGATCAGC	7	54671423	-	T	37
E00499:807:HJM5GCCX2:5:2122:22891:4438	ccnd1	CGTCGTCATCCC	AGATCAGC	7	54671431	-	T	41
E00499:807:HJM5GCCX2:5:2122:22891:4438	ccnd1	CGTCGTCATCCC	AGATCAGC	7	54671434	-	T	41
E00499:807:HJM5GCCX2:5:2122:22891:4438	ccnd1	CGTCGTCATCCC	AGATCAGC	7	54671436	-	T	37
E00499:807:HJM5GCCX2:5:2122:22891:4438	ccnd1	CGTCGTCATCCC	AGATCAGC	7	54671437	-	T	37
E00499:807:HJM5GCCX2:5:2122:22891:4438	ccnd1	CGTCGTCATCCC	AGATCAGC	7	54671439	-	T	32
E00499:807:HJM5GCCX2:5:2219:11272:52063	ccnd1	CGTCGTCATCCC	AGATCAGC	7	54671320	-	T	41
E00499:807:HJM5GCCX2:5:2219:11272:52063	ccnd1	CGTCGTCATCCC	AGATCAGC	7	54671321	-	T	37
E00499:807:HJM5GCCX2:5:2219:11272:52063	ccnd1	CGTCGTCATCCC	AGATCAGC	7	54671322	-	T	41
E00499:807:HJM5GCCX2:5:2219:11272:52063	ccnd1	CGTCGTCATCCC	AGATCAGC	7	54671323	-	T	41
E00499:807:HJM5GCCX2:5:2219:11272:52063	ccnd1	CGTCGTCATCCC	AGATCAGC	7	54671324	-	T	41
E00499:807:HJM5GCCX2:5:2219:11272:52063	ccnd1	CGTCGTCATCCC	AGATCAGC	7	54671325	-	T	41
E00499:807:HJM5GCCX2:5:2219:11272:52063	ccnd1	CGTCGTCATCCC	AGATCAGC	7	54671326	-	T	41
E00499:807:HJM5GCCX2:5:2219:11272:52063	ccnd1	CGTCGTCATCCC	AGATCAGC	7	54671329	-	T	41
E00499:807:HJM5GCCX2:5:2219:11272:52063	ccnd1	CGTCGTCATCCC	AGATCAGC	7	54671332	-	T	41
E00499:807:HJM5GCCX2:5:2219:11272:52063	ccnd1	CGTCGTCATCCC	AGATCAGC	7	54671333	-	T	41
E00499:807:HJM5GCCX2:5:2219:11272:52063	ccnd1	CGTCGTCATCCC	AGATCAGC	7	54671334	-	T	41
E00499:807:HJM5GCCX2:5:2219:11272:52063	ccnd1	CGTCGTCATCCC	AGATCAGC	7	54671337	-	T	41
E00499:807:HJM5GCCX2:5:2219:11272:52063	ccnd1	CGTCGTCATCCC	AGATCAGC	7	54671338	-	T	41
E00499:807:HJM5GCCX2:5:2219:11272:52063	ccnd1	CGTCGTCATCCC	AGATCAGC	7	54671341	-	T	41
E00499:807:HJM5GCCX2:5:2219:11272:52063	ccnd1	CGTCGTCATCCC	AGATCAGC	7	54671342	-	T	41
E00499:807:HJM5GCCX2:5:2219:11272:52063	ccnd1	CGTCGTCATCCC	AGATCAGC	7	54671343	-	C	41
E00499:807:HJM5GCCX2:5:2219:11272:52063	ccnd1	CGTCGTCATCCC	AGATCAGC	7	54671350	-	T	41
E00499:807:HJM5GCCX2:5:2219:11272:52063	ccnd1	CGTCGTCATCCC	AGATCAGC	7	54671351	-	T	37
E00499:807:HJM5GCCX2:5:2219:11272:52063	ccnd1	CGTCGTCATCCC	AGATCAGC	7	54671353	-	C	41
E00499:807:HJM5GCCX2:5:2219:11272:52063	ccnd1	CGTCGTCATCCC	AGATCAGC	7	54671354	-	T	32
E00499:807:HJM5GCCX2:5:2219:11272:52063	ccnd1	CGTCGTCATCCC	AGATCAGC	7	54671356	-	T	41
E00499:807:HJM5GCCX2:5:2219:11272:52063	ccnd1	CGTCGTCATCCC	AGATCAGC	7	54671359	-	T	37
E00499:807:HJM5GCCX2:5:2219:11272:52063	ccnd1	CGTCGTCATCCC	AGATCAGC	7	54671366	-	T	41
E00499:807:HJM5GCCX2:5:2219:11272:52063	ccnd1	CGTCGTCATCCC	AGATCAGC	7	54671369	-	T	41
E00499:807:HJM5GCCX2:5:2219:11272:52063	ccnd1	CGTCGTCATCCC	AGATCAGC	7	54671371	-	T	37
E00499:807:HJM5GCCX2:5:2219:11272:52063	ccnd1	CGTCGTCATCCC	AGATCAGC	7	54671372	-	C	41
E00499:807:HJM5GCCX2:5:2219:11272:52063	ccnd1	CGTCGTCATCCC	AGATCAGC	7	54671373	-	T	41
E00499:807:HJM5GCCX2:5:2219:11272:52063	ccnd1	CGTCGTCATCCC	AGATCAGC	7	54671374	-	T	41
E00499:807:HJM5GCCX2:5:2219:11272:52063	ccnd1	CGTCGTCATCCC	AGATCAGC	7	54671377	-	T	41
E00499:807:HJM5GCCX2:5:2219:11272:52063	ccnd1	CGTCGTCATCCC	AGATCAGC	7	54671378	-	T	32
E00499:807:HJM5GCCX2:5:2219:11272:52063	ccnd1	CGTCGTCATCCC	AGATCAGC	7	54671379	-	T	41
E00499:807:HJM5GCCX2:5:2219:11272:52063	ccnd1	CGTCGTCATCCC	AGATCAGC	7	54671380	-	T	41
E00499:807:HJM5GCCX2:5:2219:11272:52063	ccnd1	CGTCGTCATCCC	AGATCAGC	7	54671384	-	T	37
E00499:807:HJM5GCCX2:5:2219:11272:52063	ccnd1	CGTCGTCATCCC	AGATCAGC	7	54671387	-	T	41
E00499:807:HJM5GCCX2:5:2219:11272:52063	ccnd1	CGTCGTCATCCC	AGATCAGC	7	54671389	-	T	41
E00499:807:HJM5GCCX2:5:2219:11272:52063	ccnd1	CGTCGTCATCCC	AGATCAGC	7	54671394	-	T	41
E00499:807:HJM5GCCX2:5:2219:11272:52063	ccnd1	CGTCGTCATCCC	AGATCAGC	7	54671398	-	T	41
E00499:807:HJM5GCCX2:5:2219:11272:52063	ccnd1	CGTCGTCATCCC	AGATCAGC	7	54671400	-	T	41
E00499:807:HJM5GCCX2:5:2219:11272:52063	ccnd1	CGTCGTCATCCC	AGATCAGC	7	54671405	-	T	41
E00499:807:HJM5GCCX2:5:2219:11272:52063	ccnd1	CGTCGTCATCCC	AGATCAGC	7	54671407	-	T	41
E00499:807:HJM5GCCX2:5:2219:11272:52063	ccnd1	CGTCGTCATCCC	AGATCAGC	7	54671409	-	T	41
E00499:807:HJM5GCCX2:5:2219:11272:52063	ccnd1	CGTCGTCATCCC	AGATCAGC	7	54671410	-	C	41
E00499:807:HJM5GCCX2:5:2219:11272:52063	ccnd1	CGTCGTCATCCC	AGATCAGC	7	54671411	-	T	37
E00499:807:HJM5GCCX2:5:2219:11272:52063	ccnd1	CGTCGTCATCCC	AGATCAGC	7	54671413	-	T	41
E00499:807:HJM5GCCX2:5:2219:11272:52063	ccnd1	CGTCGTCATCCC	AGATCAGC	7	54671414	-	T	37
E00499:807:HJM5GCCX2:5:2219:11272:52063	ccnd1	CGTCGTCATCCC	AGATCAGC	7	54671415	-	T	41
E00499:807:HJM5GCCX2:5:2219:11272:52063	ccnd1	CGTCGTCATCCC	AGATCAGC	7	54671416	-	T	41
E00499:807:HJM5GCCX2:5:2219:11272:52063	ccnd1	CGTCGTCATCCC	AGATCAGC	7	54671419	-	T	41
E00499:807:HJM5GCCX2:5:2219:11272:52063	ccnd1	CGTCGTCATCCC	AGATCAGC	7	54671420	-	T	41
E00499:807:HJM5GCCX2:5:2219:11272:52063	ccnd1	CGTCGTCATCCC	AGATCAGC	7	54671421	-	C	41
E00499:807:HJM5GCCX2:5:2219:11272:52063	ccnd1	CGTCGTCATCCC	AGATCAGC	7	54671422	-	T	41
E00499:807:HJM5GCCX2:5:2219:11272:52063	ccnd1	CGTCGTCATCCC	AGATCAGC	7	54671423	-	T	41
E00499:807:HJM5GCCX2:5:2219:11272:52063	ccnd1	CGTCGTCATCCC	AGATCAGC	7	54671425	-	T	41
E00499:807:HJM5GCCX2:5:2219:11272:52063	ccnd1	CGTCGTCATCCC	AGATCAGC	7	54671428	-	T	41
E00499:807:HJM5GCCX2:5:2219:11272:52063	ccnd1	CGTCGTCATCCC	AGATCAGC	7	54671431	-	T	37
E00499:807:HJM5GCCX2:5:2219:11272:52063	ccnd1	CGTCGTCATCCC	AGATCAGC	7	54671432	-	T	41
E00499:807:HJM5GCCX2:5:2219:11272:52063	ccnd1	CGTCGTCATCCC	AGATCAGC	7	54671433	-	T	37
E00499:807:HJM5GCCX2:5:2219:11272:52063	ccnd1	CGTCGTCATCCC	AGATCAGC	7	54671436	-	T	37
E00499:807:HJM5GCCX2:5:2219:11272:52063	ccnd1	CGTCGTCATCCC	AGATCAGC	7	54671437	-	T	37
E00499:807:HJM5GCCX2:5:2219:11272:52063	ccnd1	CGTCGTCATCCC	AGATCAGC	7	54671439	-	T	32
E00499:807:HJM5GCCX2:5:1102:29163:22405	ccnd1	CGTCGTCATCCC	AGATCAGC	7	54671338	-	T	41
E00499:807:HJM5GCCX2:5:1102:29163:22405	ccnd1	CGTCGTCATCCC	AGATCAGC	7	54671341	-	T	41
E00499:807:HJM5GCCX2:5:1102:29163:22405	ccnd1	CGTCGTCATCCC	AGATCAGC	7	54671342	-	T	37
E00499:807:HJM5GCCX2:5:1102:29163:22405	ccnd1	CGTCGTCATCCC	AGATCAGC	7	54671343	-	C	41
E00499:807:HJM5GCCX2:5:1102:29163:22405	ccnd1	CGTCGTCATCCC	AGATCAGC	7	54671350	-	T	37
E00499:807:HJM5GCCX2:5:1102:29163:22405	ccnd1	CGTCGTCATCCC	AGATCAGC	7	54671353	-	C	41
E00499:807:HJM5GCCX2:5:1102:29163:22405	ccnd1	CGTCGTCATCCC	AGATCAGC	7	54671354	-	T	37
E00499:807:HJM5GCCX2:5:1102:29163:22405	ccnd1	CGTCGTCATCCC	AGATCAGC	7	54671356	-	T	32
E00499:807:HJM5GCCX2:5:1102:29163:22405	ccnd1	CGTCGTCATCCC	AGATCAGC	7	54671358	-	T	37
E00499:807:HJM5GCCX2:5:1102:29163:22405	ccnd1	CGTCGTCATCCC	AGATCAGC	7	54671359	-	T	32
E00499:807:HJM5GCCX2:5:1102:29163:22405	ccnd1	CGTCGTCATCCC	AGATCAGC	7	54671366	-	T	32
E00499:807:HJM5GCCX2:5:1102:29163:22405	ccnd1	CGTCGTCATCCC	AGATCAGC	7	54671369	-	T	41
E00499:807:HJM5GCCX2:5:1102:29163:22405	ccnd1	CGTCGTCATCCC	AGATCAGC	7	54671371	-	T	32
E00499:807:HJM5GCCX2:5:1102:29163:22405	ccnd1	CGTCGTCATCCC	AGATCAGC	7	54671372	-	C	41
E00499:807:HJM5GCCX2:5:1102:29163:22405	ccnd1	CGTCGTCATCCC	AGATCAGC	7	54671373	-	T	41
E00499:807:HJM5GCCX2:5:1102:29163:22405	ccnd1	CGTCGTCATCCC	AGATCAGC	7	54671374	-	T	37
E00499:807:HJM5GCCX2:5:1102:29163:22405	ccnd1	CGTCGTCATCCC	AGATCAGC	7	54671377	-	T	41
E00499:807:HJM5GCCX2:5:1102:29163:22405	ccnd1	CGTCGTCATCCC	AGATCAGC	7	54671378	-	T	41
E00499:807:HJM5GCCX2:5:1102:29163:22405	ccnd1	CGTCGTCATCCC	AGATCAGC	7	54671379	-	T	41
E00499:807:HJM5GCCX2:5:1102:29163:22405	ccnd1	CGTCGTCATCCC	AGATCAGC	7	54671380	-	T	41
E00499:807:HJM5GCCX2:5:1102:29163:22405	ccnd1	CGTCGTCATCCC	AGATCAGC	7	54671384	-	T	37
E00499:807:HJM5GCCX2:5:1102:29163:22405	ccnd1	CGTCGTCATCCC	AGATCAGC	7	54671387	-	T	41
E00499:807:HJM5GCCX2:5:1102:29163:22405	ccnd1	CGTCGTCATCCC	AGATCAGC	7	54671389	-	T	32
E00499:807:HJM5GCCX2:5:1102:29163:22405	ccnd1	CGTCGTCATCCC	AGATCAGC	7	54671394	-	T	41
E00499:807:HJM5GCCX2:5:1102:29163:22405	ccnd1	CGTCGTCATCCC	AGATCAGC	7	54671398	-	T	41
E00499:807:HJM5GCCX2:5:1102:29163:22405	ccnd1	CGTCGTCATCCC	AGATCAGC	7	54671400	-	T	41
E00499:807:HJM5GCCX2:5:1102:29163:22405	ccnd1	CGTCGTCATCCC	AGATCAGC	7	54671405	-	T	41
E00499:807:HJM5GCCX2:5:1102:29163:22405	ccnd1	CGTCGTCATCCC	AGATCAGC	7	54671407	-	T	41
E00499:807:HJM5GCCX2:5:1102:29163:22405	ccnd1	CGTCGTCATCCC	AGATCAGC	7	54671409	-	T	41
E00499:807:HJM5GCCX2:5:1102:29163:22405	ccnd1	CGTCGTCATCCC	AGATCAGC	7	54671410	-	C	41
E00499:807:HJM5GCCX2:5:1102:29163:22405	ccnd1	CGTCGTCATCCC	AGATCAGC	7	54671411	-	T	32
E00499:807:HJM5GCCX2:5:1102:29163:22405	ccnd1	CGTCGTCATCCC	AGATCAGC	7	54671413	-	T	41
E00499:807:HJM5GCCX2:5:1102:29163:22405	ccnd1	CGTCGTCATCCC	AGATCAGC	7	54671414	-	T	41
E00499:807:HJM5GCCX2:5:1102:29163:22405	ccnd1	CGTCGTCATCCC	AGATCAGC	7	54671415	-	T	32
E00499:807:HJM5GCCX2:5:1102:29163:22405	ccnd1	CGTCGTCATCCC	AGATCAGC	7	54671416	-	T	37
E00499:807:HJM5GCCX2:5:1102:29163:22405	ccnd1	CGTCGTCATCCC	AGATCAGC	7	54671419	-	T	41
E00499:807:HJM5GCCX2:5:1102:29163:22405	ccnd1	CGTCGTCATCCC	AGATCAGC	7	54671420	-	T	41
E00499:807:HJM5GCCX2:5:1102:29163:22405	ccnd1	CGTCGTCATCCC	AGATCAGC	7	54671422	-	T	41
E00499:807:HJM5GCCX2:5:1102:29163:22405	ccnd1	CGTCGTCATCCC	AGATCAGC	7	54671423	-	T	41
E00499:807:HJM5GCCX2:5:1102:29163:22405	ccnd1	CGTCGTCATCCC	AGATCAGC	7	54671425	-	T	37
E00499:807:HJM5GCCX2:5:1102:29163:22405	ccnd1	CGTCGTCATCCC	AGATCAGC	7	54671428	-	T	41
E00499:807:HJM5GCCX2:5:1102:29163:22405	ccnd1	CGTCGTCATCCC	AGATCAGC	7	54671431	-	T	41
E00499:807:HJM5GCCX2:5:1102:29163:22405	ccnd1	CGTCGTCATCCC	AGATCAGC	7	54671432	-	T	41
E00499:807:HJM5GCCX2:5:1102:29163:22405	ccnd1	CGTCGTCATCCC	AGATCAGC	7	54671433	-	T	41
E00499:807:HJM5GCCX2:5:1102:29163:22405	ccnd1	CGTCGTCATCCC	AGATCAGC	7	54671434	-	T	41
E00499:807:HJM5GCCX2:5:1102:29163:22405	ccnd1	CGTCGTCATCCC	AGATCAGC	7	54671436	-	T	32
E00499:807:HJM5GCCX2:5:1102:29163:22405	ccnd1	CGTCGTCATCCC	AGATCAGC	7	54671437	-	T	41
E00499:807:HJM5GCCX2:5:1102:29163:22405	ccnd1	CGTCGTCATCCC	AGATCAGC	7	54671439	-	T	41
E00499:807:HJM5GCCX2:5:1102:29163:22405	ccnd1	CGTCGTCATCCC	AGATCAGC	7	54671441	-	T	41
E00499:807:HJM5GCCX2:5:1102:29163:22405	ccnd1	CGTCGTCATCCC	AGATCAGC	7	54671442	-	T	37
E00499:807:HJM5GCCX2:5:1102:29163:22405	ccnd1	CGTCGTCATCCC	AGATCAGC	7	54671444	-	T	41
E00499:807:HJM5GCCX2:5:1102:29163:22405	ccnd1	CGTCGTCATCCC	AGATCAGC	7	54671446	-	T	41
E00499:807:HJM5GCCX2:5:1102:29163:22405	ccnd1	CGTCGTCATCCC	AGATCAGC	7	54671448	-	T	37
E00499:807:HJM5GCCX2:5:1102:29163:22405	ccnd1	CGTCGTCATCCC	AGATCAGC	7	54671451	-	T	32
E00499:807:HJM5GCCX2:5:1102:29163:22405	ccnd1	CGTCGTCATCCC	AGATCAGC	7	54671481	-	T	41
E00499:807:HJM5GCCX2:5:1102:29163:22405	ccnd1	CGTCGTCATCCC	AGATCAGC	7	54671486	-	T	32
E00499:807:HJM5GCCX2:5:2117:15240:11646	ccnd1	CGTCGTCATCCC	GGGACGCC	7	54671428	-	T	41
E00499:807:HJM5GCCX2:5:2117:15240:11646	ccnd1	CGTCGTCATCCC	GGGACGCC	7	54671431	-	T	41
E00499:807:HJM5GCCX2:5:2117:15240:11646	ccnd1	CGTCGTCATCCC	GGGACGCC	7	54671432	-	T	41
E00499:807:HJM5GCCX2:5:2117:15240:11646	ccnd1	CGTCGTCATCCC	GGGACGCC	7	54671433	-	T	37
E00499:807:HJM5GCCX2:5:2117:15240:11646	ccnd1	CGTCGTCATCCC	GGGACGCC	7	54671434	-	T	41
E00499:807:HJM5GCCX2:5:2117:15240:11646	ccnd1	CGTCGTCATCCC	GGGACGCC	7	54671436	-	C	41
E00499:807:HJM5GCCX2:5:2117:15240:11646	ccnd1	CGTCGTCATCCC	GGGACGCC	7	54671437	-	T	41
E00499:807:HJM5GCCX2:5:2117:15240:11646	ccnd1	CGTCGTCATCCC	GGGACGCC	7	54671439	-	T	41
E00499:807:HJM5GCCX2:5:2117:15240:11646	ccnd1	CGTCGTCATCCC	GGGACGCC	7	54671441	-	T	41
E00499:807:HJM5GCCX2:5:2117:15240:11646	ccnd1	CGTCGTCATCCC	GGGACGCC	7	54671442	-	T	41
E00499:807:HJM5GCCX2:5:2117:15240:11646	ccnd1	CGTCGTCATCCC	GGGACGCC	7	54671444	-	C	41
E00499:807:HJM5GCCX2:5:2117:15240:11646	ccnd1	CGTCGTCATCCC	GGGACGCC	7	54671446	-	C	41
E00499:807:HJM5GCCX2:5:2117:15240:11646	ccnd1	CGTCGTCATCCC	GGGACGCC	7	54671447	-	C	41
E00499:807:HJM5GCCX2:5:2117:15240:11646	ccnd1	CGTCGTCATCCC	GGGACGCC	7	54671448	-	T	41
E00499:807:HJM5GCCX2:5:2117:15240:11646	ccnd1	CGTCGTCATCCC	GGGACGCC	7	54671450	-	T	41
E00499:807:HJM5GCCX2:5:2117:15240:11646	ccnd1	CGTCGTCATCCC	GGGACGCC	7	54671451	-	C	41
E00499:807:HJM5GCCX2:5:2117:15240:11646	ccnd1	CGTCGTCATCCC	GGGACGCC	7	54671454	-	T	41
E00499:807:HJM5GCCX2:5:2117:15240:11646	ccnd1	CGTCGTCATCCC	GGGACGCC	7	54671481	-	C	41
E00499:807:HJM5GCCX2:5:2117:15240:11646	ccnd1	CGTCGTCATCCC	GGGACGCC	7	54671486	-	T	41
E00499:807:HJM5GCCX2:5:2117:15240:11646	ccnd1	CGTCGTCATCCC	GGGACGCC	7	54671487	-	T	37
E00499:807:HJM5GCCX2:5:2117:15240:11646	ccnd1	CGTCGTCATCCC	GGGACGCC	7	54671488	-	T	41
E00499:807:HJM5GCCX2:5:2117:15240:11646	ccnd1	CGTCGTCATCCC	GGGACGCC	7	54671494	-	C	41
E00499:807:HJM5GCCX2:5:2117:15240:11646	ccnd1	CGTCGTCATCCC	GGGACGCC	7	54671496	-	T	41
E00499:807:HJM5GCCX2:5:2117:15240:11646	ccnd1	CGTCGTCATCCC	GGGACGCC	7	54671505	-	T	41
E00499:807:HJM5GCCX2:5:2117:15240:11646	ccnd1	CGTCGTCATCCC	GGGACGCC	7	54671506	-	T	41
E00499:807:HJM5GCCX2:5:2117:15240:11646	ccnd1	CGTCGTCATCCC	GGGACGCC	7	54671507	-	T	41
E00499:807:HJM5GCCX2:5:2117:15240:11646	ccnd1	CGTCGTCATCCC	GGGACGCC	7	54671513	-	C	41
E00499:807:HJM5GCCX2:5:2117:15240:11646	ccnd1	CGTCGTCATCCC	GGGACGCC	7	54671515	-	T	41
E00499:807:HJM5GCCX2:5:2117:15240:11646	ccnd1	CGTCGTCATCCC	GGGACGCC	7	54671517	-	T	41
E00499:807:HJM5GCCX2:5:2117:15240:11646	ccnd1	CGTCGTCATCCC	GGGACGCC	7	54671520	-	T	41
E00499:807:HJM5GCCX2:5:2117:15240:11646	ccnd1	CGTCGTCATCCC	GGGACGCC	7	54671524	-	C	41
E00499:807:HJM5GCCX2:5:2117:15240:11646	ccnd1	CGTCGTCATCCC	GGGACGCC	7	54671525	-	T	41
E00499:807:HJM5GCCX2:5:2117:15240:11646	ccnd1	CGTCGTCATCCC	GGGACGCC	7	54671526	-	T	41
E00499:807:HJM5GCCX2:5:2117:15240:11646	ccnd1	CGTCGTCATCCC	GGGACGCC	7	54671527	-	T	41
E00499:807:HJM5GCCX2:5:2117:15240:11646	ccnd1	CGTCGTCATCCC	GGGACGCC	7	54671528	-	C	41
E00499:807:HJM5GCCX2:5:2117:15240:11646	ccnd1	CGTCGTCATCCC	GGGACGCC	7	54671531	-	T	41
E00499:807:HJM5GCCX2:5:2117:15240:11646	ccnd1	CGTCGTCATCCC	GGGACGCC	7	54671534	-	T	41
E00499:807:HJM5GCCX2:5:2117:15240:11646	ccnd1	CGTCGTCATCCC	GGGACGCC	7	54671568	-	T	41
E00499:807:HJM5GCCX2:5:2117:15240:11646	ccnd1	CGTCGTCATCCC	GGGACGCC	7	54671573	-	T	37
E00499:807:HJM5GCCX2:5:2117:15240:11646	ccnd1	CGTCGTCATCCC	GGGACGCC	7	54671575	-	T	32
E00499:807:HJM5GCCX2:5:2117:15240:11646	ccnd1	CGTCGTCATCCC	GGGACGCC	7	54671576	-	T	32
E00499:807:HJM5GCCX2:5:2117:15240:11646	ccnd1	CGTCGTCATCCC	GGGACGCC	7	54671577	-	T	32
E00499:807:HJM5GCCX2:5:1207:23683:44978	ccnd1	CGTCGTCATCCC	GCAACCGA	7	54671481	-	C	41
E00499:807:HJM5GCCX2:5:1207:23683:44978	ccnd1	CGTCGTCATCCC	GCAACCGA	7	54671486	-	T	41
E00499:807:HJM5GCCX2:5:1207:23683:44978	ccnd1	CGTCGTCATCCC	GCAACCGA	7	54671487	-	T	41
E00499:807:HJM5GCCX2:5:1207:23683:44978	ccnd1	CGTCGTCATCCC	GCAACCGA	7	54671488	-	T	41
E00499:807:HJM5GCCX2:5:1207:23683:44978	ccnd1	CGTCGTCATCCC	GCAACCGA	7	54671494	-	T	41
E00499:807:HJM5GCCX2:5:1207:23683:44978	ccnd1	CGTCGTCATCCC	GCAACCGA	7	54671496	-	T	41
E00499:807:HJM5GCCX2:5:1207:23683:44978	ccnd1	CGTCGTCATCCC	GCAACCGA	7	54671505	-	C	41
E00499:807:HJM5GCCX2:5:1207:23683:44978	ccnd1	CGTCGTCATCCC	GCAACCGA	7	54671506	-	T	41
E00499:807:HJM5GCCX2:5:1207:23683:44978	ccnd1	CGTCGTCATCCC	GCAACCGA	7	54671507	-	T	41
E00499:807:HJM5GCCX2:5:1207:23683:44978	ccnd1	CGTCGTCATCCC	GCAACCGA	7	54671513	-	T	41
E00499:807:HJM5GCCX2:5:1207:23683:44978	ccnd1	CGTCGTCATCCC	GCAACCGA	7	54671515	-	T	41
E00499:807:HJM5GCCX2:5:1207:23683:44978	ccnd1	CGTCGTCATCCC	GCAACCGA	7	54671517	-	T	41
E00499:807:HJM5GCCX2:5:1207:23683:44978	ccnd1	CGTCGTCATCCC	GCAACCGA	7	54671520	-	T	41
E00499:807:HJM5GCCX2:5:1207:23683:44978	ccnd1	CGTCGTCATCCC	GCAACCGA	7	54671524	-	C	41
E00499:807:HJM5GCCX2:5:1207:23683:44978	ccnd1	CGTCGTCATCCC	GCAACCGA	7	54671525	-	T	41
E00499:807:HJM5GCCX2:5:1207:23683:44978	ccnd1	CGTCGTCATCCC	GCAACCGA	7	54671526	-	T	41
E00499:807:HJM5GCCX2:5:1207:23683:44978	ccnd1	CGTCGTCATCCC	GCAACCGA	7	54671527	-	T	41
E00499:807:HJM5GCCX2:5:1207:23683:44978	ccnd1	CGTCGTCATCCC	GCAACCGA	7	54671528	-	T	41
E00499:807:HJM5GCCX2:5:1207:23683:44978	ccnd1	CGTCGTCATCCC	GCAACCGA	7	54671531	-	T	41
E00499:807:HJM5GCCX2:5:1207:23683:44978	ccnd1	CGTCGTCATCCC	GCAACCGA	7	54671534	-	T	41
E00499:807:HJM5GCCX2:5:1207:23683:44978	ccnd1	CGTCGTCATCCC	GCAACCGA	7	54671568	-	C	41
E00499:807:HJM5GCCX2:5:1207:23683:44978	ccnd1	CGTCGTCATCCC	GCAACCGA	7	54671573	-	T	37
E00499:807:HJM5GCCX2:5:1207:23683:44978	ccnd1	CGTCGTCATCCC	GCAACCGA	7	54671575	-	T	37
E00499:807:HJM5GCCX2:5:1207:23683:44978	ccnd1	CGTCGTCATCCC	GCAACCGA	7	54671576	-	T	32
E00499:807:HJM5GCCX2:5:1204:26900:65951	ccnd1	CGTCGTCATCCC	GCAACCGA	7	54671481	-	C	37
E00499:807:HJM5GCCX2:5:1204:26900:65951	ccnd1	CGTCGTCATCCC	GCAACCGA	7	54671486	-	T	41
E00499:807:HJM5GCCX2:5:1204:26900:65951	ccnd1	CGTCGTCATCCC	GCAACCGA	7	54671487	-	T	41
E00499:807:HJM5GCCX2:5:1204:26900:65951	ccnd1	CGTCGTCATCCC	GCAACCGA	7	54671488	-	T	37
E00499:807:HJM5GCCX2:5:1204:26900:65951	ccnd1	CGTCGTCATCCC	GCAACCGA	7	54671494	-	T	37
E00499:807:HJM5GCCX2:5:1204:26900:65951	ccnd1	CGTCGTCATCCC	GCAACCGA	7	54671496	-	T	37
E00499:807:HJM5GCCX2:5:1204:26900:65951	ccnd1	CGTCGTCATCCC	GCAACCGA	7	54671505	-	C	41
E00499:807:HJM5GCCX2:5:1204:26900:65951	ccnd1	CGTCGTCATCCC	GCAACCGA	7	54671506	-	T	41
E00499:807:HJM5GCCX2:5:1204:26900:65951	ccnd1	CGTCGTCATCCC	GCAACCGA	7	54671507	-	T	37
E00499:807:HJM5GCCX2:5:1204:26900:65951	ccnd1	CGTCGTCATCCC	GCAACCGA	7	54671513	-	T	41
E00499:807:HJM5GCCX2:5:1204:26900:65951	ccnd1	CGTCGTCATCCC	GCAACCGA	7	54671515	-	T	37
E00499:807:HJM5GCCX2:5:1204:26900:65951	ccnd1	CGTCGTCATCCC	GCAACCGA	7	54671517	-	T	41
E00499:807:HJM5GCCX2:5:1204:26900:65951	ccnd1	CGTCGTCATCCC	GCAACCGA	7	54671520	-	T	41
E00499:807:HJM5GCCX2:5:1204:26900:65951	ccnd1	CGTCGTCATCCC	GCAACCGA	7	54671524	-	C	41
E00499:807:HJM5GCCX2:5:1204:26900:65951	ccnd1	CGTCGTCATCCC	GCAACCGA	7	54671525	-	T	41
E00499:807:HJM5GCCX2:5:1204:26900:65951	ccnd1	CGTCGTCATCCC	GCAACCGA	7	54671526	-	T	41
E00499:807:HJM5GCCX2:5:1204:26900:65951	ccnd1	CGTCGTCATCCC	GCAACCGA	7	54671527	-	T	41
E00499:807:HJM5GCCX2:5:1204:26900:65951	ccnd1	CGTCGTCATCCC	GCAACCGA	7	54671528	-	T	41
E00499:807:HJM5GCCX2:5:1204:26900:65951	ccnd1	CGTCGTCATCCC	GCAACCGA	7	54671531	-	T	41
E00499:807:HJM5GCCX2:5:1204:26900:65951	ccnd1	CGTCGTCATCCC	GCAACCGA	7	54671534	-	T	41
E00499:807:HJM5GCCX2:5:1204:26900:65951	ccnd1	CGTCGTCATCCC	GCAACCGA	7	54671568	-	C	41
E00499:807:HJM5GCCX2:5:1204:26900:65951	ccnd1	CGTCGTCATCCC	GCAACCGA	7	54671573	-	T	41
E00499:807:HJM5GCCX2:5:1204:26900:65951	ccnd1	CGTCGTCATCCC	GCAACCGA	7	54671575	-	T	41
E00499:807:HJM5GCCX2:5:1204:26900:65951	ccnd1	CGTCGTCATCCC	GCAACCGA	7	54671576	-	T	41
E00499:807:HJM5GCCX2:5:1204:26900:65951	ccnd1	CGTCGTCATCCC	GCAACCGA	7	54671577	-	C	41
E00499:807:HJM5GCCX2:5:1204:26900:65951	ccnd1	CGTCGTCATCCC	GCAACCGA	7	54671584	-	T	41
E00499:807:HJM5GCCX2:5:1204:26900:65951	ccnd1	CGTCGTCATCCC	GCAACCGA	7	54671596	-	T	41
E00499:807:HJM5GCCX2:5:1204:26900:65951	ccnd1	CGTCGTCATCCC	GCAACCGA	7	54671604	-	T	41
E00499:807:HJM5GCCX2:5:1204:26900:65951	ccnd1	CGTCGTCATCCC	GCAACCGA	7	54671610	-	T	41
E00499:807:HJM5GCCX2:5:1204:26900:65951	ccnd1	CGTCGTCATCCC	GCAACCGA	7	54671614	-	T	41
E00499:807:HJM5GCCX2:5:1204:26900:65951	ccnd1	CGTCGTCATCCC	GCAACCGA	7	54671617	-	T	37
E00499:807:HJM5GCCX2:5:1210:30381:72156	ccnd1	CGTCGTCATCCC	GAGCCGGC	7	54671481	-	T	41
E00499:807:HJM5GCCX2:5:1210:30381:72156	ccnd1	CGTCGTCATCCC	GAGCCGGC	7	54671486	-	T	41
E00499:807:HJM5GCCX2:5:1210:30381:72156	ccnd1	CGTCGTCATCCC	GAGCCGGC	7	54671487	-	T	41
E00499:807:HJM5GCCX2:5:1210:30381:72156	ccnd1	CGTCGTCATCCC	GAGCCGGC	7	54671488	-	T	41
E00499:807:HJM5GCCX2:5:1210:30381:72156	ccnd1	CGTCGTCATCCC	GAGCCGGC	7	54671494	-	T	41
E00499:807:HJM5GCCX2:5:1210:30381:72156	ccnd1	CGTCGTCATCCC	GAGCCGGC	7	54671496	-	T	41
E00499:807:HJM5GCCX2:5:1210:30381:72156	ccnd1	CGTCGTCATCCC	GAGCCGGC	7	54671505	-	T	41
E00499:807:HJM5GCCX2:5:1210:30381:72156	ccnd1	CGTCGTCATCCC	GAGCCGGC	7	54671506	-	T	41
E00499:807:HJM5GCCX2:5:1210:30381:72156	ccnd1	CGTCGTCATCCC	GAGCCGGC	7	54671507	-	T	37
E00499:807:HJM5GCCX2:5:1210:30381:72156	ccnd1	CGTCGTCATCCC	GAGCCGGC	7	54671513	-	T	41
E00499:807:HJM5GCCX2:5:1210:30381:72156	ccnd1	CGTCGTCATCCC	GAGCCGGC	7	54671515	-	T	41
E00499:807:HJM5GCCX2:5:1210:30381:72156	ccnd1	CGTCGTCATCCC	GAGCCGGC	7	54671517	-	C	41
E00499:807:HJM5GCCX2:5:1210:30381:72156	ccnd1	CGTCGTCATCCC	GAGCCGGC	7	54671520	-	T	41
E00499:807:HJM5GCCX2:5:1210:30381:72156	ccnd1	CGTCGTCATCCC	GAGCCGGC	7	54671524	-	C	41
E00499:807:HJM5GCCX2:5:1210:30381:72156	ccnd1	CGTCGTCATCCC	GAGCCGGC	7	54671525	-	T	41
E00499:807:HJM5GCCX2:5:1210:30381:72156	ccnd1	CGTCGTCATCCC	GAGCCGGC	7	54671526	-	C	41
E00499:807:HJM5GCCX2:5:1210:30381:72156	ccnd1	CGTCGTCATCCC	GAGCCGGC	7	54671527	-	C	41
E00499:807:HJM5GCCX2:5:1210:30381:72156	ccnd1	CGTCGTCATCCC	GAGCCGGC	7	54671528	-	T	41
E00499:807:HJM5GCCX2:5:1210:30381:72156	ccnd1	CGTCGTCATCCC	GAGCCGGC	7	54671531	-	T	41
E00499:807:HJM5GCCX2:5:1210:30381:72156	ccnd1	CGTCGTCATCCC	GAGCCGGC	7	54671534	-	T	41
E00499:807:HJM5GCCX2:5:1210:30381:72156	ccnd1	CGTCGTCATCCC	GAGCCGGC	7	54671568	-	T	41
E00499:807:HJM5GCCX2:5:1210:30381:72156	ccnd1	CGTCGTCATCCC	GAGCCGGC	7	54671573	-	T	41
E00499:807:HJM5GCCX2:5:1210:30381:72156	ccnd1	CGTCGTCATCCC	GAGCCGGC	7	54671575	-	T	41
E00499:807:HJM5GCCX2:5:1210:30381:72156	ccnd1	CGTCGTCATCCC	GAGCCGGC	7	54671576	-	T	41
E00499:807:HJM5GCCX2:5:1210:30381:72156	ccnd1	CGTCGTCATCCC	GAGCCGGC	7	54671577	-	C	41
E00499:807:HJM5GCCX2:5:1210:30381:72156	ccnd1	CGTCGTCATCCC	GAGCCGGC	7	54671584	-	C	41
E00499:807:HJM5GCCX2:5:1210:30381:72156	ccnd1	CGTCGTCATCCC	GAGCCGGC	7	54671596	-	T	37
E00499:807:HJM5GCCX2:5:2102:25307:33691	ccnd1	CGTCGTCATCCC	GGAGAGCA	7	54671513	-	T	41
E00499:807:HJM5GCCX2:5:2102:25307:33691	ccnd1	CGTCGTCATCCC	GGAGAGCA	7	54671515	-	C	41
E00499:807:HJM5GCCX2:5:2102:25307:33691	ccnd1	CGTCGTCATCCC	GGAGAGCA	7	54671517	-	T	41
E00499:807:HJM5GCCX2:5:2102:25307:33691	ccnd1	CGTCGTCATCCC	GGAGAGCA	7	54671520	-	C	41
E00499:807:HJM5GCCX2:5:2102:25307:33691	ccnd1	CGTCGTCATCCC	GGAGAGCA	7	54671524	-	T	41
E00499:807:HJM5GCCX2:5:2102:25307:33691	ccnd1	CGTCGTCATCCC	GGAGAGCA	7	54671525	-	C	41
E00499:807:HJM5GCCX2:5:2102:25307:33691	ccnd1	CGTCGTCATCCC	GGAGAGCA	7	54671526	-	T	41
E00499:807:HJM5GCCX2:5:2102:25307:33691	ccnd1	CGTCGTCATCCC	GGAGAGCA	7	54671527	-	T	41
E00499:807:HJM5GCCX2:5:2102:25307:33691	ccnd1	CGTCGTCATCCC	GGAGAGCA	7	54671528	-	C	41
E00499:807:HJM5GCCX2:5:2102:25307:33691	ccnd1	CGTCGTCATCCC	GGAGAGCA	7	54671531	-	T	41
E00499:807:HJM5GCCX2:5:2102:25307:33691	ccnd1	CGTCGTCATCCC	GGAGAGCA	7	54671534	-	T	41
E00499:807:HJM5GCCX2:5:2102:25307:33691	ccnd1	CGTCGTCATCCC	GGAGAGCA	7	54671568	-	T	41
E00499:807:HJM5GCCX2:5:2102:25307:33691	ccnd1	CGTCGTCATCCC	GGAGAGCA	7	54671573	-	T	37
E00499:807:HJM5GCCX2:5:2102:25307:33691	ccnd1	CGTCGTCATCCC	GGAGAGCA	7	54671575	-	C	41
E00499:807:HJM5GCCX2:5:2102:25307:33691	ccnd1	CGTCGTCATCCC	GGAGAGCA	7	54671576	-	C	41
E00499:807:HJM5GCCX2:5:2102:25307:33691	ccnd1	CGTCGTCATCCC	GGAGAGCA	7	54671577	-	T	41
E00499:807:HJM5GCCX2:5:2102:25307:33691	ccnd1	CGTCGTCATCCC	GGAGAGCA	7	54671584	-	T	41
E00499:807:HJM5GCCX2:5:2102:25307:33691	ccnd1	CGTCGTCATCCC	GGAGAGCA	7	54671596	-	T	41
E00499:807:HJM5GCCX2:5:2102:25307:33691	ccnd1	CGTCGTCATCCC	GGAGAGCA	7	54671604	-	T	41
E00499:807:HJM5GCCX2:5:2102:25307:33691	ccnd1	CGTCGTCATCCC	GGAGAGCA	7	54671610	-	C	41
E00499:807:HJM5GCCX2:5:2102:25307:33691	ccnd1	CGTCGTCATCCC	GGAGAGCA	7	54671614	-	T	41
E00499:807:HJM5GCCX2:5:2102:25307:33691	ccnd1	CGTCGTCATCCC	GGAGAGCA	7	54671617	-	C	41
E00499:807:HJM5GCCX2:5:2102:25307:33691	ccnd1	CGTCGTCATCCC	GGAGAGCA	7	54671639	-	T	41
E00499:807:HJM5GCCX2:5:2102:25307:33691	ccnd1	CGTCGTCATCCC	GGAGAGCA	7	54671645	-	C	41
E00499:807:HJM5GCCX2:5:2102:25307:33691	ccnd1	CGTCGTCATCCC	GGAGAGCA	7	54671646	-	T	41
E00499:807:HJM5GCCX2:5:2102:25307:33691	ccnd1	CGTCGTCATCCC	GGAGAGCA	7	54671648	-	C	41
E00499:807:HJM5GCCX2:5:2102:25388:33691	ccnd1	CGTCGTCATCCC	GGAGAGCA	7	54671513	-	T	37
E00499:807:HJM5GCCX2:5:2102:25388:33691	ccnd1	CGTCGTCATCCC	GGAGAGCA	7	54671515	-	C	37
E00499:807:HJM5GCCX2:5:2102:25388:33691	ccnd1	CGTCGTCATCCC	GGAGAGCA	7	54671520	-	C	37
E00499:807:HJM5GCCX2:5:2102:25388:33691	ccnd1	CGTCGTCATCCC	GGAGAGCA	7	54671524	-	T	41
E00499:807:HJM5GCCX2:5:2102:25388:33691	ccnd1	CGTCGTCATCCC	GGAGAGCA	7	54671525	-	C	41
E00499:807:HJM5GCCX2:5:2102:25388:33691	ccnd1	CGTCGTCATCCC	GGAGAGCA	7	54671526	-	T	41
E00499:807:HJM5GCCX2:5:2102:25388:33691	ccnd1	CGTCGTCATCCC	GGAGAGCA	7	54671527	-	T	41
E00499:807:HJM5GCCX2:5:2102:25388:33691	ccnd1	CGTCGTCATCCC	GGAGAGCA	7	54671528	-	C	37
E00499:807:HJM5GCCX2:5:2102:25388:33691	ccnd1	CGTCGTCATCCC	GGAGAGCA	7	54671531	-	T	41
E00499:807:HJM5GCCX2:5:2102:25388:33691	ccnd1	CGTCGTCATCCC	GGAGAGCA	7	54671534	-	T	41
E00499:807:HJM5GCCX2:5:2102:25388:33691	ccnd1	CGTCGTCATCCC	GGAGAGCA	7	54671568	-	T	37
E00499:807:HJM5GCCX2:5:2102:25388:33691	ccnd1	CGTCGTCATCCC	GGAGAGCA	7	54671573	-	T	37
E00499:807:HJM5GCCX2:5:2102:25388:33691	ccnd1	CGTCGTCATCCC	GGAGAGCA	7	54671575	-	C	41
E00499:807:HJM5GCCX2:5:2102:25388:33691	ccnd1	CGTCGTCATCCC	GGAGAGCA	7	54671576	-	C	41
E00499:807:HJM5GCCX2:5:2102:25388:33691	ccnd1	CGTCGTCATCCC	GGAGAGCA	7	54671577	-	T	41
E00499:807:HJM5GCCX2:5:2102:25388:33691	ccnd1	CGTCGTCATCCC	GGAGAGCA	7	54671584	-	T	41
E00499:807:HJM5GCCX2:5:2102:25388:33691	ccnd1	CGTCGTCATCCC	GGAGAGCA	7	54671596	-	T	37
E00499:807:HJM5GCCX2:5:2102:25388:33691	ccnd1	CGTCGTCATCCC	GGAGAGCA	7	54671604	-	T	37
E00499:807:HJM5GCCX2:5:2102:25388:33691	ccnd1	CGTCGTCATCCC	GGAGAGCA	7	54671610	-	C	41
E00499:807:HJM5GCCX2:5:2102:25388:33691	ccnd1	CGTCGTCATCCC	GGAGAGCA	7	54671614	-	T	41
E00499:807:HJM5GCCX2:5:2102:25388:33691	ccnd1	CGTCGTCATCCC	GGAGAGCA	7	54671617	-	C	41
E00499:807:HJM5GCCX2:5:2102:25388:33691	ccnd1	CGTCGTCATCCC	GGAGAGCA	7	54671639	-	T	41
E00499:807:HJM5GCCX2:5:2102:25388:33691	ccnd1	CGTCGTCATCCC	GGAGAGCA	7	54671645	-	C	41
E00499:807:HJM5GCCX2:5:2102:25388:33691	ccnd1	CGTCGTCATCCC	GGAGAGCA	7	54671646	-	T	41
E00499:807:HJM5GCCX2:5:2102:25388:33691	ccnd1	CGTCGTCATCCC	GGAGAGCA	7	54671648	-	C	41
E00499:807:HJM5GCCX2:5:1210:17310:18326	ccnd1	CGTCGTCATCCC	GTCGTGGC	7	54671568	-	T	41
E00499:807:HJM5GCCX2:5:1210:17310:18326	ccnd1	CGTCGTCATCCC	GTCGTGGC	7	54671573	-	T	41
E00499:807:HJM5GCCX2:5:1210:17310:18326	ccnd1	CGTCGTCATCCC	GTCGTGGC	7	54671575	-	T	41
E00499:807:HJM5GCCX2:5:1210:17310:18326	ccnd1	CGTCGTCATCCC	GTCGTGGC	7	54671576	-	T	41
E00499:807:HJM5GCCX2:5:1210:17310:18326	ccnd1	CGTCGTCATCCC	GTCGTGGC	7	54671577	-	T	41
E00499:807:HJM5GCCX2:5:1210:17310:18326	ccnd1	CGTCGTCATCCC	GTCGTGGC	7	54671584	-	T	41
E00499:807:HJM5GCCX2:5:1210:17310:18326	ccnd1	CGTCGTCATCCC	GTCGTGGC	7	54671596	-	T	32
E00499:807:HJM5GCCX2:5:1210:17310:18326	ccnd1	CGTCGTCATCCC	GTCGTGGC	7	54671604	-	T	37
E00499:807:HJM5GCCX2:5:1210:17310:18326	ccnd1	CGTCGTCATCCC	GTCGTGGC	7	54671610	-	C	41
E00499:807:HJM5GCCX2:5:1210:17310:18326	ccnd1	CGTCGTCATCCC	GTCGTGGC	7	54671614	-	T	41
E00499:807:HJM5GCCX2:5:1210:17310:18326	ccnd1	CGTCGTCATCCC	GTCGTGGC	7	54671639	-	T	41
E00499:807:HJM5GCCX2:5:1210:17310:18326	ccnd1	CGTCGTCATCCC	GTCGTGGC	7	54671645	-	T	41
E00499:807:HJM5GCCX2:5:1210:17310:18326	ccnd1	CGTCGTCATCCC	GTCGTGGC	7	54671646	-	T	41
E00499:807:HJM5GCCX2:5:1210:17310:18326	ccnd1	CGTCGTCATCCC	GTCGTGGC	7	54671648	-	T	37
E00499:807:HJM5GCCX2:5:1210:17310:18326	ccnd1	CGTCGTCATCCC	GTCGTGGC	7	54671664	-	T	41
E00499:807:HJM5GCCX2:5:1210:17310:18326	ccnd1	CGTCGTCATCCC	GTCGTGGC	7	54671667	-	C	41
E00499:807:HJM5GCCX2:5:1210:17310:18326	ccnd1	CGTCGTCATCCC	GTCGTGGC	7	54671674	-	T	41
E00499:807:HJM5GCCX2:5:1210:17310:18326	ccnd1	CGTCGTCATCCC	GTCGTGGC	7	54671676	-	C	41
E00499:807:HJM5GCCX2:5:1210:17310:18326	ccnd1	CGTCGTCATCCC	GTCGTGGC	7	54671678	-	C	41
E00499:807:HJM5GCCX2:5:1210:17310:18326	ccnd1	CGTCGTCATCCC	GTCGTGGC	7	54671682	-	T	41
E00499:807:HJM5GCCX2:5:1210:17310:18326	ccnd1	CGTCGTCATCCC	GTCGTGGC	7	54671684	-	T	32
E00499:807:HJM5GCCX2:5:1210:17310:18326	ccnd1	CGTCGTCATCCC	GTCGTGGC	7	54671685	-	T	37
E00499:807:HJM5GCCX2:5:2124:12175:5774	ccnd1	CGTCGTCATCCC	GGAGAGCA	7	54671584	-	T	41
E00499:807:HJM5GCCX2:5:2124:12175:5774	ccnd1	CGTCGTCATCCC	GGAGAGCA	7	54671596	-	T	37
E00499:807:HJM5GCCX2:5:2124:12175:5774	ccnd1	CGTCGTCATCCC	GGAGAGCA	7	54671604	-	T	32
E00499:807:HJM5GCCX2:5:2124:12175:5774	ccnd1	CGTCGTCATCCC	GGAGAGCA	7	54671610	-	C	41
E00499:807:HJM5GCCX2:5:2124:12175:5774	ccnd1	CGTCGTCATCCC	GGAGAGCA	7	54671614	-	T	32
E00499:807:HJM5GCCX2:5:2124:12175:5774	ccnd1	CGTCGTCATCCC	GGAGAGCA	7	54671617	-	C	41
E00499:807:HJM5GCCX2:5:2124:12175:5774	ccnd1	CGTCGTCATCCC	GGAGAGCA	7	54671645	-	C	32
E00499:807:HJM5GCCX2:5:2124:12175:5774	ccnd1	CGTCGTCATCCC	GGAGAGCA	7	54671646	-	T	32
E00499:807:HJM5GCCX2:5:2124:12175:5774	ccnd1	CGTCGTCATCCC	GGAGAGCA	7	54671648	-	C	37
E00499:807:HJM5GCCX2:5:2124:12175:5774	ccnd1	CGTCGTCATCCC	GGAGAGCA	7	54671667	-	T	41
E00499:807:HJM5GCCX2:5:2124:12175:5774	ccnd1	CGTCGTCATCCC	GGAGAGCA	7	54671676	-	T	32
E00499:807:HJM5GCCX2:5:2124:12175:5774	ccnd1	CGTCGTCATCCC	GGAGAGCA	7	54671678	-	T	32
E00499:807:HJM5GCCX2:5:2124:12175:5774	ccnd1	CGTCGTCATCCC	GGAGAGCA	7	54671682	-	T	37
E00499:807:HJM5GCCX2:5:2124:12175:5774	ccnd1	CGTCGTCATCCC	GGAGAGCA	7	54671684	-	T	41
E00499:807:HJM5GCCX2:5:2124:12175:5774	ccnd1	CGTCGTCATCCC	GGAGAGCA	7	54671685	-	C	41
E00499:807:HJM5GCCX2:5:2124:12175:5774	ccnd1	CGTCGTCATCCC	GGAGAGCA	7	54671687	-	T	37
E00499:807:HJM5GCCX2:5:2124:12175:5774	ccnd1	CGTCGTCATCCC	GGAGAGCA	7	54671689	-	T	37
E00499:807:HJM5GCCX2:5:2124:12175:5774	ccnd1	CGTCGTCATCCC	GGAGAGCA	7	54671690	-	T	37
E00499:807:HJM5GCCX2:5:2124:12175:5774	ccnd1	CGTCGTCATCCC	GGAGAGCA	7	54671694	-	T	37
E00499:807:HJM5GCCX2:5:2124:12175:5774	ccnd1	CGTCGTCATCCC	GGAGAGCA	7	54671712	-	T	37
E00499:807:HJM5GCCX2:5:2124:12175:5774	ccnd1	CGTCGTCATCCC	GGAGAGCA	7	54671713	-	T	41
E00499:807:HJM5GCCX2:5:2124:12175:5774	ccnd1	CGTCGTCATCCC	GGAGAGCA	7	54671714	-	T	32
E00499:807:HJM5GCCX2:5:2124:12175:5774	ccnd1	CGTCGTCATCCC	GGAGAGCA	7	54671715	-	C	41
E00499:807:HJM5GCCX2:5:2124:12175:5774	ccnd1	CGTCGTCATCCC	GGAGAGCA	7	54671719	-	C	32
E00499:807:HJM5GCCX2:5:2124:12175:5774	ccnd1	CGTCGTCATCCC	GGAGAGCA	7	54671724	-	T	37
E00499:807:HJM5GCCX2:5:2124:12175:5774	ccnd1	CGTCGTCATCCC	GGAGAGCA	7	54671725	-	C	32
E00499:807:HJM5GCCX2:5:1119:14722:63982	ccnd1	CGTCGTCATCCC	GGGGCCAG	7	54671645	-	T	41
E00499:807:HJM5GCCX2:5:1119:14722:63982	ccnd1	CGTCGTCATCCC	GGGGCCAG	7	54671646	-	C	41
E00499:807:HJM5GCCX2:5:1119:14722:63982	ccnd1	CGTCGTCATCCC	GGGGCCAG	7	54671664	-	T	41
E00499:807:HJM5GCCX2:5:1119:14722:63982	ccnd1	CGTCGTCATCCC	GGGGCCAG	7	54671667	-	T	37
E00499:807:HJM5GCCX2:5:1119:14722:63982	ccnd1	CGTCGTCATCCC	GGGGCCAG	7	54671676	-	C	37
E00499:807:HJM5GCCX2:5:1119:14722:63982	ccnd1	CGTCGTCATCCC	GGGGCCAG	7	54671678	-	T	32
E00499:807:HJM5GCCX2:5:1119:14722:63982	ccnd1	CGTCGTCATCCC	GGGGCCAG	7	54671682	-	C	37
E00499:807:HJM5GCCX2:5:1119:14722:63982	ccnd1	CGTCGTCATCCC	GGGGCCAG	7	54671684	-	T	37
E00499:807:HJM5GCCX2:5:1119:14722:63982	ccnd1	CGTCGTCATCCC	GGGGCCAG	7	54671687	-	T	41
E00499:807:HJM5GCCX2:5:1119:14722:63982	ccnd1	CGTCGTCATCCC	GGGGCCAG	7	54671689	-	C	41
E00499:807:HJM5GCCX2:5:1119:14722:63982	ccnd1	CGTCGTCATCCC	GGGGCCAG	7	54671690	-	T	41
E00499:807:HJM5GCCX2:5:1119:14722:63982	ccnd1	CGTCGTCATCCC	GGGGCCAG	7	54671694	-	T	41
E00499:807:HJM5GCCX2:5:1119:14722:63982	ccnd1	CGTCGTCATCCC	GGGGCCAG	7	54671712	-	T	41
E00499:807:HJM5GCCX2:5:1119:14722:63982	ccnd1	CGTCGTCATCCC	GGGGCCAG	7	54671713	-	C	41
E00499:807:HJM5GCCX2:5:1119:14722:63982	ccnd1	CGTCGTCATCCC	GGGGCCAG	7	54671714	-	T	37
E00499:807:HJM5GCCX2:5:1119:14722:63982	ccnd1	CGTCGTCATCCC	GGGGCCAG	7	54671715	-	C	41
E00499:807:HJM5GCCX2:5:1119:14722:63982	ccnd1	CGTCGTCATCCC	GGGGCCAG	7	54671719	-	T	41
E00499:807:HJM5GCCX2:5:1119:14722:63982	ccnd1	CGTCGTCATCCC	GGGGCCAG	7	54671725	-	C	37
E00499:807:HJM5GCCX2:5:1119:14722:63982	ccnd1	CGTCGTCATCCC	GGGGCCAG	7	54671729	-	T	41
E00499:807:HJM5GCCX2:5:1119:14722:63982	ccnd1	CGTCGTCATCCC	GGGGCCAG	7	54671731	-	T	41
E00499:807:HJM5GCCX2:5:1119:14722:63982	ccnd1	CGTCGTCATCCC	GGGGCCAG	7	54671732	-	T	41
E00499:807:HJM5GCCX2:5:1119:14722:63982	ccnd1	CGTCGTCATCCC	GGGGCCAG	7	54671743	-	C	41
E00499:807:HJM5GCCX2:5:1119:14722:63982	ccnd1	CGTCGTCATCCC	GGGGCCAG	7	54671744	-	T	41
E00499:807:HJM5GCCX2:5:1119:14722:63982	ccnd1	CGTCGTCATCCC	GGGGCCAG	7	54671746	-	T	41
E00499:807:HJM5GCCX2:5:1119:14722:63982	ccnd1	CGTCGTCATCCC	GGGGCCAG	7	54671747	-	T	37
E00499:807:HJM5GCCX2:5:1119:14722:63982	ccnd1	CGTCGTCATCCC	GGGGCCAG	7	54671750	-	T	37
E00499:807:HJM5GCCX2:5:1119:14722:63982	ccnd1	CGTCGTCATCCC	GGGGCCAG	7	54671753	-	T	41
E00499:807:HJM5GCCX2:5:1119:14722:63982	ccnd1	CGTCGTCATCCC	GGGGCCAG	7	54671755	-	T	37
E00499:807:HJM5GCCX2:5:1119:14722:63982	ccnd1	CGTCGTCATCCC	GGGGCCAG	7	54671758	-	T	37
E00499:807:HJM5GCCX2:5:1119:14722:63982	ccnd1	CGTCGTCATCCC	GGGGCCAG	7	54671760	-	T	32
E00499:807:HJM5GCCX2:5:1116:24718:6020	ccnd1	CGTCGTCATCCC	CGGCGGGT	7	54671687	-	T	32
E00499:807:HJM5GCCX2:5:1116:24718:6020	ccnd1	CGTCGTCATCCC	CGGCGGGT	7	54671694	-	T	32
E00499:807:HJM5GCCX2:5:1116:24718:6020	ccnd1	CGTCGTCATCCC	CGGCGGGT	7	54671713	-	T	37
E00499:807:HJM5GCCX2:5:1116:24718:6020	ccnd1	CGTCGTCATCCC	CGGCGGGT	7	54671714	-	T	37
E00499:807:HJM5GCCX2:5:1116:24718:6020	ccnd1	CGTCGTCATCCC	CGGCGGGT	7	54671732	-	T	32
E00499:807:HJM5GCCX2:5:1116:24718:6020	ccnd1	CGTCGTCATCCC	CGGCGGGT	7	54671747	-	T	32
E00499:807:HJM5GCCX2:5:1116:24718:6020	ccnd1	CGTCGTCATCCC	CGGCGGGT	7	54671753	-	T	41
E00499:807:HJM5GCCX2:5:1116:24718:6020	ccnd1	CGTCGTCATCCC	CGGCGGGT	7	54671758	-	C	41
E00499:807:HJM5GCCX2:5:1116:24718:6020	ccnd1	CGTCGTCATCCC	CGGCGGGT	7	54671760	-	C	37
E00499:807:HJM5GCCX2:5:1116:24718:6020	ccnd1	CGTCGTCATCCC	CGGCGGGT	7	54671763	-	T	41
E00499:807:HJM5GCCX2:5:1116:24718:6020	ccnd1	CGTCGTCATCCC	CGGCGGGT	7	54671768	-	T	41
E00499:807:HJM5GCCX2:5:1116:24718:6020	ccnd1	CGTCGTCATCCC	CGGCGGGT	7	54671769	-	T	41
E00499:807:HJM5GCCX2:5:1116:24718:6020	ccnd1	CGTCGTCATCCC	CGGCGGGT	7	54671770	-	T	41
E00499:807:HJM5GCCX2:5:1116:24718:6020	ccnd1	CGTCGTCATCCC	CGGCGGGT	7	54671771	-	T	41
E00499:807:HJM5GCCX2:5:1116:24718:6020	ccnd1	CGTCGTCATCCC	CGGCGGGT	7	54671772	-	C	41
E00499:807:HJM5GCCX2:5:1116:24718:6020	ccnd1	CGTCGTCATCCC	CGGCGGGT	7	54671774	-	C	41
E00499:807:HJM5GCCX2:5:1116:24718:6020	ccnd1	CGTCGTCATCCC	CGGCGGGT	7	54671779	-	T	37
E00499:807:HJM5GCCX2:5:1116:24718:6020	ccnd1	CGTCGTCATCCC	CGGCGGGT	7	54671783	-	C	41
E00499:807:HJM5GCCX2:5:1116:24718:6020	ccnd1	CGTCGTCATCCC	CGGCGGGT	7	54671791	-	T	41
E00499:807:HJM5GCCX2:5:1116:24718:6020	ccnd1	CGTCGTCATCCC	CGGCGGGT	7	54671794	-	T	32
E00499:807:HJM5GCCX2:5:1116:24718:6020	ccnd1	CGTCGTCATCCC	CGGCGGGT	7	54671798	-	T	32
E00499:807:HJM5GCCX2:5:1116:24718:6020	ccnd1	CGTCGTCATCCC	CGGCGGGT	7	54671805	-	T	32
E00499:807:HJM5GCCX2:5:1116:24718:6020	ccnd1	CGTCGTCATCCC	CGGCGGGT	7	54671813	-	T	32
E00499:807:HJM5GCCX2:5:1116:24718:6020	ccnd1	CGTCGTCATCCC	CGGCGGGT	7	54671816	-	C	41
E00499:807:HJM5GCCX2:5:1116:24718:6020	ccnd1	CGTCGTCATCCC	CGGCGGGT	7	54671818	-	T	32
E00499:807:HJM5GCCX2:5:1116:24718:6020	ccnd1	CGTCGTCATCCC	CGGCGGGT	7	54671822	-	T	37
E00499:807:HJM5GCCX2:5:1116:24718:6020	ccnd1	CGTCGTCATCCC	CGGCGGGT	7	54671827	-	T	32
E00499:807:HJM5GCCX2:5:1121:28980:6442	ccnd1	CGTCGTCATCCC	GTGAAACG	7	54671866	-	T	37
E00499:807:HJM5GCCX2:5:1121:28980:6442	ccnd1	CGTCGTCATCCC	GTGAAACG	7	54671869	-	T	41
E00499:807:HJM5GCCX2:5:1121:28980:6442	ccnd1	CGTCGTCATCCC	GTGAAACG	7	54671874	-	T	37
E00499:807:HJM5GCCX2:5:1121:28980:6442	ccnd1	CGTCGTCATCCC	GTGAAACG	7	54671875	-	C	37
E00499:807:HJM5GCCX2:5:1121:28980:6442	ccnd1	CGTCGTCATCCC	GTGAAACG	7	54671881	-	T	41
E00499:807:HJM5GCCX2:5:1121:28980:6442	ccnd1	CGTCGTCATCCC	GTGAAACG	7	54671882	-	C	41
E00499:807:HJM5GCCX2:5:1121:28980:6442	ccnd1	CGTCGTCATCCC	GTGAAACG	7	54671883	-	T	37
E00499:807:HJM5GCCX2:5:1121:28980:6442	ccnd1	CGTCGTCATCCC	GTGAAACG	7	54671884	-	T	32
E00499:807:HJM5GCCX2:5:1121:28980:6442	ccnd1	CGTCGTCATCCC	GTGAAACG	7	54671886	-	T	37
E00499:807:HJM5GCCX2:5:1121:28980:6442	ccnd1	CGTCGTCATCCC	GTGAAACG	7	54671887	-	T	37
E00499:807:HJM5GCCX2:5:1121:28980:6442	ccnd1	CGTCGTCATCCC	GTGAAACG	7	54671890	-	T	41
E00499:807:HJM5GCCX2:5:1121:28980:6442	ccnd1	CGTCGTCATCCC	GTGAAACG	7	54671897	-	T	32
E00499:807:HJM5GCCX2:5:1121:28980:6442	ccnd1	CGTCGTCATCCC	GTGAAACG	7	54671909	-	T	37
E00499:807:HJM5GCCX2:5:1121:28980:6442	ccnd1	CGTCGTCATCCC	GTGAAACG	7	54671910	-	T	37
E00499:807:HJM5GCCX2:5:1121:28980:6442	ccnd1	CGTCGTCATCCC	GTGAAACG	7	54671917	-	T	41
E00499:807:HJM5GCCX2:5:1121:28980:6442	ccnd1	CGTCGTCATCCC	GTGAAACG	7	54671924	-	T	37
E00499:807:HJM5GCCX2:5:1121:28980:6442	ccnd1	CGTCGTCATCCC	GTGAAACG	7	54671926	-	T	37
E00499:807:HJM5GCCX2:5:1121:28980:6442	ccnd1	CGTCGTCATCCC	GTGAAACG	7	54671934	-	T	41
E00499:807:HJM5GCCX2:5:1121:28980:6442	ccnd1	CGTCGTCATCCC	GTGAAACG	7	54671935	-	T	32
E00499:807:HJM5GCCX2:5:1121:28980:6442	ccnd1	CGTCGTCATCCC	GTGAAACG	7	54671936	-	T	32
E00499:807:HJM5GCCX2:5:1121:28980:6442	ccnd1	CGTCGTCATCCC	GTGAAACG	7	54671943	-	T	41
E00499:807:HJM5GCCX2:5:1121:28980:6442	ccnd1	CGTCGTCATCCC	GTGAAACG	7	54671948	-	T	41
E00499:807:HJM5GCCX2:5:1121:28980:6442	ccnd1	CGTCGTCATCCC	GTGAAACG	7	54671954	-	T	41
E00499:807:HJM5GCCX2:5:1121:28980:6442	ccnd1	CGTCGTCATCCC	GTGAAACG	7	54671957	-	T	41
E00499:807:HJM5GCCX2:5:1121:28980:6442	ccnd1	CGTCGTCATCCC	GTGAAACG	7	54671959	-	T	37
E00499:807:HJM5GCCX2:5:1121:28980:6442	ccnd1	CGTCGTCATCCC	GTGAAACG	7	54671964	-	T	41
E00499:807:HJM5GCCX2:5:1121:28980:6442	ccnd1	CGTCGTCATCCC	GTGAAACG	7	54671970	-	T	41
E00499:807:HJM5GCCX2:5:1121:28980:6442	ccnd1	CGTCGTCATCCC	GTGAAACG	7	54671977	-	T	41
E00499:807:HJM5GCCX2:5:1121:28980:6442	ccnd1	CGTCGTCATCCC	GTGAAACG	7	54671978	-	T	37
E00499:807:HJM5GCCX2:5:1121:28980:6442	ccnd1	CGTCGTCATCCC	GTGAAACG	7	54671980	-	T	37
E00499:807:HJM5GCCX2:5:1121:28980:6442	ccnd1	CGTCGTCATCCC	GTGAAACG	7	54671987	-	T	41
E00499:807:HJM5GCCX2:5:1121:28980:6442	ccnd1	CGTCGTCATCCC	GTGAAACG	7	54671988	-	T	37
E00499:807:HJM5GCCX2:5:1121:28980:6442	ccnd1	CGTCGTCATCCC	GTGAAACG	7	54671991	-	T	41
E00499:807:HJM5GCCX2:5:1121:28980:6442	ccnd1	CGTCGTCATCCC	GTGAAACG	7	54671994	-	C	41
E00499:807:HJM5GCCX2:5:1121:28980:6442	ccnd1	CGTCGTCATCCC	GTGAAACG	7	54671995	-	T	41
E00499:807:HJM5GCCX2:5:1121:28980:6442	ccnd1	CGTCGTCATCCC	GTGAAACG	7	54671996	-	T	41
E00499:807:HJM5GCCX2:5:1121:28980:6442	ccnd1	CGTCGTCATCCC	GTGAAACG	7	54671998	-	C	41
E00499:807:HJM5GCCX2:5:1121:28980:6442	ccnd1	CGTCGTCATCCC	GTGAAACG	7	54672005	-	T	37
E00499:807:HJM5GCCX2:5:1122:26494:59552	ccnd1	CGTCGTCATCCC	GTGAAACG	7	54671866	-	T	41
E00499:807:HJM5GCCX2:5:1122:26494:59552	ccnd1	CGTCGTCATCCC	GTGAAACG	7	54671867	-	T	41
E00499:807:HJM5GCCX2:5:1122:26494:59552	ccnd1	CGTCGTCATCCC	GTGAAACG	7	54671869	-	T	41
E00499:807:HJM5GCCX2:5:1122:26494:59552	ccnd1	CGTCGTCATCCC	GTGAAACG	7	54671874	-	T	41
E00499:807:HJM5GCCX2:5:1122:26494:59552	ccnd1	CGTCGTCATCCC	GTGAAACG	7	54671875	-	C	41
E00499:807:HJM5GCCX2:5:1122:26494:59552	ccnd1	CGTCGTCATCCC	GTGAAACG	7	54671879	-	T	41
E00499:807:HJM5GCCX2:5:1122:26494:59552	ccnd1	CGTCGTCATCCC	GTGAAACG	7	54671881	-	T	41
E00499:807:HJM5GCCX2:5:1122:26494:59552	ccnd1	CGTCGTCATCCC	GTGAAACG	7	54671882	-	C	41
E00499:807:HJM5GCCX2:5:1122:26494:59552	ccnd1	CGTCGTCATCCC	GTGAAACG	7	54671883	-	T	41
E00499:807:HJM5GCCX2:5:1122:26494:59552	ccnd1	CGTCGTCATCCC	GTGAAACG	7	54671884	-	T	41
E00499:807:HJM5GCCX2:5:1122:26494:59552	ccnd1	CGTCGTCATCCC	GTGAAACG	7	54671886	-	T	41
E00499:807:HJM5GCCX2:5:1122:26494:59552	ccnd1	CGTCGTCATCCC	GTGAAACG	7	54671887	-	T	41
E00499:807:HJM5GCCX2:5:1122:26494:59552	ccnd1	CGTCGTCATCCC	GTGAAACG	7	54671888	-	T	41
E00499:807:HJM5GCCX2:5:1122:26494:59552	ccnd1	CGTCGTCATCCC	GTGAAACG	7	54671890	-	T	41
E00499:807:HJM5GCCX2:5:1122:26494:59552	ccnd1	CGTCGTCATCCC	GTGAAACG	7	54671897	-	T	41
E00499:807:HJM5GCCX2:5:1122:26494:59552	ccnd1	CGTCGTCATCCC	GTGAAACG	7	54671898	-	C	41
E00499:807:HJM5GCCX2:5:1122:26494:59552	ccnd1	CGTCGTCATCCC	GTGAAACG	7	54671905	-	T	41
E00499:807:HJM5GCCX2:5:1122:26494:59552	ccnd1	CGTCGTCATCCC	GTGAAACG	7	54671909	-	T	41
E00499:807:HJM5GCCX2:5:1122:26494:59552	ccnd1	CGTCGTCATCCC	GTGAAACG	7	54671910	-	T	41
E00499:807:HJM5GCCX2:5:1122:26494:59552	ccnd1	CGTCGTCATCCC	GTGAAACG	7	54671912	-	T	41
E00499:807:HJM5GCCX2:5:1122:26494:59552	ccnd1	CGTCGTCATCCC	GTGAAACG	7	54671917	-	T	41
E00499:807:HJM5GCCX2:5:1122:26494:59552	ccnd1	CGTCGTCATCCC	GTGAAACG	7	54671924	-	T	41
E00499:807:HJM5GCCX2:5:1122:26494:59552	ccnd1	CGTCGTCATCCC	GTGAAACG	7	54671926	-	T	41
E00499:807:HJM5GCCX2:5:1122:26494:59552	ccnd1	CGTCGTCATCCC	GTGAAACG	7	54671934	-	T	41
E00499:807:HJM5GCCX2:5:1122:26494:59552	ccnd1	CGTCGTCATCCC	GTGAAACG	7	54671935	-	T	41
E00499:807:HJM5GCCX2:5:1122:26494:59552	ccnd1	CGTCGTCATCCC	GTGAAACG	7	54671936	-	T	41
E00499:807:HJM5GCCX2:5:1122:26494:59552	ccnd1	CGTCGTCATCCC	GTGAAACG	7	54671943	-	T	41
E00499:807:HJM5GCCX2:5:1122:26494:59552	ccnd1	CGTCGTCATCCC	GTGAAACG	7	54671948	-	T	41
E00499:807:HJM5GCCX2:5:1122:26494:59552	ccnd1	CGTCGTCATCCC	GTGAAACG	7	54671954	-	T	41
E00499:807:HJM5GCCX2:5:1122:26494:59552	ccnd1	CGTCGTCATCCC	GTGAAACG	7	54671957	-	T	41
E00499:807:HJM5GCCX2:5:1122:26494:59552	ccnd1	CGTCGTCATCCC	GTGAAACG	7	54671959	-	T	41
E00499:807:HJM5GCCX2:5:1122:26494:59552	ccnd1	CGTCGTCATCCC	GTGAAACG	7	54671964	-	T	41
E00499:807:HJM5GCCX2:5:1122:26494:59552	ccnd1	CGTCGTCATCCC	GTGAAACG	7	54671970	-	T	41
E00499:807:HJM5GCCX2:5:1122:26494:59552	ccnd1	CGTCGTCATCCC	GTGAAACG	7	54671977	-	T	41
E00499:807:HJM5GCCX2:5:1122:26494:59552	ccnd1	CGTCGTCATCCC	GTGAAACG	7	54671978	-	T	41
E00499:807:HJM5GCCX2:5:1122:26494:59552	ccnd1	CGTCGTCATCCC	GTGAAACG	7	54671979	-	T	37
E00499:807:HJM5GCCX2:5:1122:26494:59552	ccnd1	CGTCGTCATCCC	GTGAAACG	7	54671980	-	T	37
E00499:807:HJM5GCCX2:5:1122:26494:59552	ccnd1	CGTCGTCATCCC	GTGAAACG	7	54671987	-	T	41
E00499:807:HJM5GCCX2:5:1122:26494:59552	ccnd1	CGTCGTCATCCC	GTGAAACG	7	54671988	-	T	41
E00499:807:HJM5GCCX2:5:1122:26494:59552	ccnd1	CGTCGTCATCCC	GTGAAACG	7	54671989	-	C	41
E00499:807:HJM5GCCX2:5:1122:26494:59552	ccnd1	CGTCGTCATCCC	GTGAAACG	7	54671991	-	T	41
E00499:807:HJM5GCCX2:5:1122:26494:59552	ccnd1	CGTCGTCATCCC	GTGAAACG	7	54671994	-	C	41
E00499:807:HJM5GCCX2:5:1122:26494:59552	ccnd1	CGTCGTCATCCC	GTGAAACG	7	54671995	-	T	41
E00499:807:HJM5GCCX2:5:1122:26494:59552	ccnd1	CGTCGTCATCCC	GTGAAACG	7	54671996	-	T	41
E00499:807:HJM5GCCX2:5:1122:26494:59552	ccnd1	CGTCGTCATCCC	GTGAAACG	7	54671998	-	C	41
E00499:807:HJM5GCCX2:5:1122:26494:59552	ccnd1	CGTCGTCATCCC	GTGAAACG	7	54672005	-	T	37
E00499:807:HJM5GCCX2:5:1103:17706:47140	ccnd1	CGTCGTCATCCC	GGTCCGGG	7	54672201	-	T	41
E00499:807:HJM5GCCX2:5:1103:17706:47140	ccnd1	CGTCGTCATCCC	GGTCCGGG	7	54672205	-	C	37
E00499:807:HJM5GCCX2:5:1103:17706:47140	ccnd1	CGTCGTCATCCC	GGTCCGGG	7	54672206	-	T	41
E00499:807:HJM5GCCX2:5:1103:17706:47140	ccnd1	CGTCGTCATCCC	GGTCCGGG	7	54672215	-	T	37
E00499:807:HJM5GCCX2:5:1103:17706:47140	ccnd1	CGTCGTCATCCC	GGTCCGGG	7	54672217	-	T	41
E00499:807:HJM5GCCX2:5:1103:17706:47140	ccnd1	CGTCGTCATCCC	GGTCCGGG	7	54672219	-	C	37
E00499:807:HJM5GCCX2:5:1103:17706:47140	ccnd1	CGTCGTCATCCC	GGTCCGGG	7	54672220	-	T	41
E00499:807:HJM5GCCX2:5:1103:17706:47140	ccnd1	CGTCGTCATCCC	GGTCCGGG	7	54672222	-	T	41
E00499:807:HJM5GCCX2:5:1103:17706:47140	ccnd1	CGTCGTCATCCC	GGTCCGGG	7	54672224	-	T	41
E00499:807:HJM5GCCX2:5:1103:17706:47140	ccnd1	CGTCGTCATCCC	GGTCCGGG	7	54672227	-	T	41
E00499:807:HJM5GCCX2:5:1103:17706:47140	ccnd1	CGTCGTCATCCC	GGTCCGGG	7	54672228	-	C	41
E00499:807:HJM5GCCX2:5:1103:17706:47140	ccnd1	CGTCGTCATCCC	GGTCCGGG	7	54672232	-	T	41
E00499:807:HJM5GCCX2:5:1103:17706:47140	ccnd1	CGTCGTCATCCC	GGTCCGGG	7	54672233	-	T	41
E00499:807:HJM5GCCX2:5:1103:17706:47140	ccnd1	CGTCGTCATCCC	GGTCCGGG	7	54672234	-	T	32
E00499:807:HJM5GCCX2:5:1103:17706:47140	ccnd1	CGTCGTCATCCC	GGTCCGGG	7	54672238	-	T	41
E00499:807:HJM5GCCX2:5:1103:17706:47140	ccnd1	CGTCGTCATCCC	GGTCCGGG	7	54672239	-	C	41
E00499:807:HJM5GCCX2:5:1103:17706:47140	ccnd1	CGTCGTCATCCC	GGTCCGGG	7	54672240	-	T	41
E00499:807:HJM5GCCX2:5:1103:17706:47140	ccnd1	CGTCGTCATCCC	GGTCCGGG	7	54672245	-	T	41
E00499:807:HJM5GCCX2:5:1103:17706:47140	ccnd1	CGTCGTCATCCC	GGTCCGGG	7	54672252	-	T	37
E00499:807:HJM5GCCX2:5:1103:17706:47140	ccnd1	CGTCGTCATCCC	GGTCCGGG	7	54672257	-	T	41
E00499:807:HJM5GCCX2:5:1115:2361:26114	ccnd1	CGTCGTCATCCC	GACCAATG	7	54672374	-	T	32
E00499:807:HJM5GCCX2:5:1115:2361:26114	ccnd1	CGTCGTCATCCC	GACCAATG	7	54672375	-	C	37
E00499:807:HJM5GCCX2:5:1115:2361:26114	ccnd1	CGTCGTCATCCC	GACCAATG	7	54672387	-	C	32
E00499:807:HJM5GCCX2:5:1115:2361:26114	ccnd1	CGTCGTCATCCC	GACCAATG	7	54672391	-	T	41
E00499:807:HJM5GCCX2:5:1115:2361:26114	ccnd1	CGTCGTCATCCC	GACCAATG	7	54672392	-	T	41
E00499:807:HJM5GCCX2:5:1115:2361:26114	ccnd1	CGTCGTCATCCC	GACCAATG	7	54672396	-	T	41
E00499:807:HJM5GCCX2:5:1115:2361:26114	ccnd1	CGTCGTCATCCC	GACCAATG	7	54672398	-	T	37
E00499:807:HJM5GCCX2:5:1115:2361:26114	ccnd1	CGTCGTCATCCC	GACCAATG	7	54672406	-	T	41
E00499:807:HJM5GCCX2:5:1115:2361:26114	ccnd1	CGTCGTCATCCC	GACCAATG	7	54672408	-	T	37
E00499:807:HJM5GCCX2:5:1115:2361:26114	ccnd1	CGTCGTCATCCC	GACCAATG	7	54672411	-	C	37
E00499:807:HJM5GCCX2:5:1115:2361:26114	ccnd1	CGTCGTCATCCC	GACCAATG	7	54672413	-	T	41
E00499:807:HJM5GCCX2:5:1115:2361:26114	ccnd1	CGTCGTCATCCC	GACCAATG	7	54672414	-	T	41
E00499:807:HJM5GCCX2:5:1115:2361:26114	ccnd1	CGTCGTCATCCC	GACCAATG	7	54672416	-	T	37
E00499:807:HJM5GCCX2:5:1115:2361:26114	ccnd1	CGTCGTCATCCC	GACCAATG	7	54672417	-	T	32
E00499:807:HJM5GCCX2:5:1115:2361:26114	ccnd1	CGTCGTCATCCC	GACCAATG	7	54672418	-	T	37
E00499:807:HJM5GCCX2:5:1115:2361:26114	ccnd1	CGTCGTCATCCC	GACCAATG	7	54672424	-	T	32
E00499:807:HJM5GCCX2:5:1115:2361:26114	ccnd1	CGTCGTCATCCC	GACCAATG	7	54672430	-	T	37
E00499:807:HJM5GCCX2:5:1115:2361:26114	ccnd1	CGTCGTCATCCC	GACCAATG	7	54672431	-	C	41
E00499:807:HJM5GCCX2:5:1115:2361:26114	ccnd1	CGTCGTCATCCC	GACCAATG	7	54672432	-	T	41
E00499:807:HJM5GCCX2:5:1115:2361:26114	ccnd1	CGTCGTCATCCC	GACCAATG	7	54672433	-	T	32
E00499:807:HJM5GCCX2:5:1115:2361:26114	ccnd1	CGTCGTCATCCC	GACCAATG	7	54672434	-	T	37
E00499:807:HJM5GCCX2:5:1115:2361:26114	ccnd1	CGTCGTCATCCC	GACCAATG	7	54672437	-	C	37
E00499:807:HJM5GCCX2:5:1115:2361:26114	ccnd1	CGTCGTCATCCC	GACCAATG	7	54672439	-	T	41
E00499:807:HJM5GCCX2:5:1115:2361:26114	ccnd1	CGTCGTCATCCC	GACCAATG	7	54672442	-	C	41
E00499:807:HJM5GCCX2:5:1115:2361:26114	ccnd1	CGTCGTCATCCC	GACCAATG	7	54672443	-	T	41
E00499:807:HJM5GCCX2:5:1115:2361:26114	ccnd1	CGTCGTCATCCC	GACCAATG	7	54672448	-	T	41
E00499:807:HJM5GCCX2:5:1115:2361:26114	ccnd1	CGTCGTCATCCC	GACCAATG	7	54672450	-	C	37
E00499:807:HJM5GCCX2:5:1115:2361:26114	ccnd1	CGTCGTCATCCC	GACCAATG	7	54672452	-	C	37
E00499:807:HJM5GCCX2:5:1115:2361:26114	ccnd1	CGTCGTCATCCC	GACCAATG	7	54672453	-	T	41
E00499:807:HJM5GCCX2:5:1115:2361:26114	ccnd1	CGTCGTCATCCC	GACCAATG	7	54672454	-	T	32
E00499:807:HJM5GCCX2:5:1115:2361:26114	ccnd1	CGTCGTCATCCC	GACCAATG	7	54672457	-	T	41
E00499:807:HJM5GCCX2:5:1115:2361:26114	ccnd1	CGTCGTCATCCC	GACCAATG	7	54672464	-	T	37
E00499:807:HJM5GCCX2:5:1115:2361:26114	ccnd1	CGTCGTCATCCC	GACCAATG	7	54672465	-	T	41
E00499:807:HJM5GCCX2:5:1115:2361:26114	ccnd1	CGTCGTCATCCC	GACCAATG	7	54672467	-	T	37
E00499:807:HJM5GCCX2:5:1115:2361:26114	ccnd1	CGTCGTCATCCC	GACCAATG	7	54672469	-	T	41
E00499:807:HJM5GCCX2:5:1115:2361:26114	ccnd1	CGTCGTCATCCC	GACCAATG	7	54672470	-	T	41
E00499:807:HJM5GCCX2:5:1115:2361:26114	ccnd1	CGTCGTCATCCC	GACCAATG	7	54672472	-	T	37
E00499:807:HJM5GCCX2:5:1115:2361:26114	ccnd1	CGTCGTCATCCC	GACCAATG	7	54672474	-	T	41
E00499:807:HJM5GCCX2:5:1115:2361:26114	ccnd1	CGTCGTCATCCC	GACCAATG	7	54672475	-	T	32
E00499:807:HJM5GCCX2:5:1115:2361:26114	ccnd1	CGTCGTCATCCC	GACCAATG	7	54672483	-	T	41
E00499:807:HJM5GCCX2:5:1115:2361:26114	ccnd1	CGTCGTCATCCC	GACCAATG	7	54672487	-	T	37
E00499:807:HJM5GCCX2:5:1115:2361:26114	ccnd1	CGTCGTCATCCC	GACCAATG	7	54672488	-	T	41
E00499:807:HJM5GCCX2:5:1115:2361:26114	ccnd1	CGTCGTCATCCC	GACCAATG	7	54672496	-	T	37
E00499:807:HJM5GCCX2:5:1115:2361:26114	ccnd1	CGTCGTCATCCC	GACCAATG	7	54672500	-	T	41
E00499:807:HJM5GCCX2:5:1115:2361:26114	ccnd1	CGTCGTCATCCC	GACCAATG	7	54672503	-	T	41
E00499:807:HJM5GCCX2:5:1115:2361:26114	ccnd1	CGTCGTCATCCC	GACCAATG	7	54672505	-	C	41
E00499:807:HJM5GCCX2:5:1115:2361:26114	ccnd1	CGTCGTCATCCC	GACCAATG	7	54672506	-	T	37
E00499:807:HJM5GCCX2:5:1115:2361:26114	ccnd1	CGTCGTCATCCC	GACCAATG	7	54672508	-	T	37
E00499:807:HJM5GCCX2:5:1115:2361:26114	ccnd1	CGTCGTCATCCC	GACCAATG	7	54672509	-	T	37
E00499:807:HJM5GCCX2:5:1115:2361:26114	ccnd1	CGTCGTCATCCC	GACCAATG	7	54672517	-	T	41
E00499:807:HJM5GCCX2:5:1115:2361:26114	ccnd1	CGTCGTCATCCC	GACCAATG	7	54672518	-	T	37
E00499:807:HJM5GCCX2:5:1115:2361:26114	ccnd1	CGTCGTCATCCC	GACCAATG	7	54672519	-	T	37
E00499:807:HJM5GCCX2:5:1104:25154:41515	ccnd1	CGTCGTCATCCC	GTAGTCAG	7	54673007	-	T	41
E00499:807:HJM5GCCX2:5:1104:25154:41515	ccnd1	CGTCGTCATCCC	GTAGTCAG	7	54673019	-	T	37
E00499:807:HJM5GCCX2:5:1104:25154:41515	ccnd1	CGTCGTCATCCC	GTAGTCAG	7	54673020	-	T	37
E00499:807:HJM5GCCX2:5:1104:25154:41515	ccnd1	CGTCGTCATCCC	GTAGTCAG	7	54673021	-	T	41
E00499:807:HJM5GCCX2:5:1104:25154:41515	ccnd1	CGTCGTCATCCC	GTAGTCAG	7	54673026	-	T	37
E00499:807:HJM5GCCX2:5:1104:25154:41515	ccnd1	CGTCGTCATCCC	GTAGTCAG	7	54673028	-	T	41
E00499:807:HJM5GCCX2:5:1104:25154:41515	ccnd1	CGTCGTCATCCC	GTAGTCAG	7	54673035	-	C	37
E00499:807:HJM5GCCX2:5:1104:25154:41515	ccnd1	CGTCGTCATCCC	GTAGTCAG	7	54673037	-	T	32
E00499:807:HJM5GCCX2:5:1104:25154:41515	ccnd1	CGTCGTCATCCC	GTAGTCAG	7	54673039	-	T	41
E00499:807:HJM5GCCX2:5:1104:25154:41515	ccnd1	CGTCGTCATCCC	GTAGTCAG	7	54673041	-	T	41
E00499:807:HJM5GCCX2:5:1104:25154:41515	ccnd1	CGTCGTCATCCC	GTAGTCAG	7	54673042	-	C	41
E00499:807:HJM5GCCX2:5:1104:25154:41515	ccnd1	CGTCGTCATCCC	GTAGTCAG	7	54673043	-	T	37
E00499:807:HJM5GCCX2:5:1104:25154:41515	ccnd1	CGTCGTCATCCC	GTAGTCAG	7	54673045	-	T	32
E00499:807:HJM5GCCX2:5:1104:25154:41515	ccnd1	CGTCGTCATCCC	GTAGTCAG	7	54673048	-	T	41
E00499:807:HJM5GCCX2:5:1104:25154:41515	ccnd1	CGTCGTCATCCC	GTAGTCAG	7	54673049	-	T	41
E00499:807:HJM5GCCX2:5:1104:25154:41515	ccnd1	CGTCGTCATCCC	GTAGTCAG	7	54673051	-	T	37
E00499:807:HJM5GCCX2:5:1104:25154:41515	ccnd1	CGTCGTCATCCC	GTAGTCAG	7	54673053	-	T	41
E00499:807:HJM5GCCX2:5:1104:25154:41515	ccnd1	CGTCGTCATCCC	GTAGTCAG	7	54673057	-	C	37
E00499:807:HJM5GCCX2:5:1104:25154:41515	ccnd1	CGTCGTCATCCC	GTAGTCAG	7	54673060	-	C	32
E00499:807:HJM5GCCX2:5:1104:25154:41515	ccnd1	CGTCGTCATCCC	GTAGTCAG	7	54673062	-	T	41
E00499:807:HJM5GCCX2:5:1104:25154:41515	ccnd1	CGTCGTCATCCC	GTAGTCAG	7	54673064	-	T	41
E00499:807:HJM5GCCX2:5:1104:25154:41515	ccnd1	CGTCGTCATCCC	GTAGTCAG	7	54673067	-	C	41
E00499:807:HJM5GCCX2:5:1104:25154:41515	ccnd1	CGTCGTCATCCC	GTAGTCAG	7	54673069	-	C	37
E00499:807:HJM5GCCX2:5:1104:25154:41515	ccnd1	CGTCGTCATCCC	GTAGTCAG	7	54673073	-	C	41
E00499:807:HJM5GCCX2:5:1104:25154:41515	ccnd1	CGTCGTCATCCC	GTAGTCAG	7	54673079	-	T	37
E00499:807:HJM5GCCX2:5:1104:25154:41515	ccnd1	CGTCGTCATCCC	GTAGTCAG	7	54673087	-	T	41
E00499:807:HJM5GCCX2:5:1104:25154:41515	ccnd1	CGTCGTCATCCC	GTAGTCAG	7	54673088	-	T	37
E00499:807:HJM5GCCX2:5:1104:25154:41515	ccnd1	CGTCGTCATCCC	GTAGTCAG	7	54673089	-	T	41
E00499:807:HJM5GCCX2:5:1104:25154:41515	ccnd1	CGTCGTCATCCC	GTAGTCAG	7	54673094	-	T	41
E00499:807:HJM5GCCX2:5:1104:25154:41515	ccnd1	CGTCGTCATCCC	GTAGTCAG	7	54673104	-	T	41
E00499:807:HJM5GCCX2:5:2220:14397:20524	ccnd1	CGTCGTCATCCC	GGAGTCAG	7	54673004	-	T	37
E00499:807:HJM5GCCX2:5:2220:14397:20524	ccnd1	CGTCGTCATCCC	GGAGTCAG	7	54673007	-	T	37
E00499:807:HJM5GCCX2:5:2220:14397:20524	ccnd1	CGTCGTCATCCC	GGAGTCAG	7	54673019	-	T	41
E00499:807:HJM5GCCX2:5:2220:14397:20524	ccnd1	CGTCGTCATCCC	GGAGTCAG	7	54673020	-	T	41
E00499:807:HJM5GCCX2:5:2220:14397:20524	ccnd1	CGTCGTCATCCC	GGAGTCAG	7	54673021	-	T	41
E00499:807:HJM5GCCX2:5:2220:14397:20524	ccnd1	CGTCGTCATCCC	GGAGTCAG	7	54673026	-	T	37
E00499:807:HJM5GCCX2:5:2220:14397:20524	ccnd1	CGTCGTCATCCC	GGAGTCAG	7	54673028	-	T	37
E00499:807:HJM5GCCX2:5:2220:14397:20524	ccnd1	CGTCGTCATCCC	GGAGTCAG	7	54673032	-	T	32
E00499:807:HJM5GCCX2:5:2220:14397:20524	ccnd1	CGTCGTCATCCC	GGAGTCAG	7	54673035	-	C	41
E00499:807:HJM5GCCX2:5:2220:14397:20524	ccnd1	CGTCGTCATCCC	GGAGTCAG	7	54673037	-	T	41
E00499:807:HJM5GCCX2:5:2220:14397:20524	ccnd1	CGTCGTCATCCC	GGAGTCAG	7	54673038	-	T	37
E00499:807:HJM5GCCX2:5:2220:14397:20524	ccnd1	CGTCGTCATCCC	GGAGTCAG	7	54673039	-	T	41
E00499:807:HJM5GCCX2:5:2220:14397:20524	ccnd1	CGTCGTCATCCC	GGAGTCAG	7	54673041	-	T	41
E00499:807:HJM5GCCX2:5:2220:14397:20524	ccnd1	CGTCGTCATCCC	GGAGTCAG	7	54673042	-	C	41
E00499:807:HJM5GCCX2:5:2220:14397:20524	ccnd1	CGTCGTCATCCC	GGAGTCAG	7	54673043	-	T	41
E00499:807:HJM5GCCX2:5:2220:14397:20524	ccnd1	CGTCGTCATCCC	GGAGTCAG	7	54673045	-	T	41
E00499:807:HJM5GCCX2:5:2220:14397:20524	ccnd1	CGTCGTCATCCC	GGAGTCAG	7	54673048	-	T	32
E00499:807:HJM5GCCX2:5:2220:14397:20524	ccnd1	CGTCGTCATCCC	GGAGTCAG	7	54673049	-	T	41
E00499:807:HJM5GCCX2:5:2220:14397:20524	ccnd1	CGTCGTCATCCC	GGAGTCAG	7	54673051	-	T	41
E00499:807:HJM5GCCX2:5:2220:14397:20524	ccnd1	CGTCGTCATCCC	GGAGTCAG	7	54673053	-	T	37
E00499:807:HJM5GCCX2:5:2220:14397:20524	ccnd1	CGTCGTCATCCC	GGAGTCAG	7	54673057	-	C	37
E00499:807:HJM5GCCX2:5:2220:14397:20524	ccnd1	CGTCGTCATCCC	GGAGTCAG	7	54673060	-	C	32
E00499:807:HJM5GCCX2:5:2220:14397:20524	ccnd1	CGTCGTCATCCC	GGAGTCAG	7	54673062	-	T	37
E00499:807:HJM5GCCX2:5:2220:14397:20524	ccnd1	CGTCGTCATCCC	GGAGTCAG	7	54673064	-	T	41
E00499:807:HJM5GCCX2:5:2220:14397:20524	ccnd1	CGTCGTCATCCC	GGAGTCAG	7	54673067	-	C	41
E00499:807:HJM5GCCX2:5:2220:14397:20524	ccnd1	CGTCGTCATCCC	GGAGTCAG	7	54673069	-	C	37
E00499:807:HJM5GCCX2:5:2220:14397:20524	ccnd1	CGTCGTCATCCC	GGAGTCAG	7	54673072	-	T	41
E00499:807:HJM5GCCX2:5:2220:14397:20524	ccnd1	CGTCGTCATCCC	GGAGTCAG	7	54673073	-	C	41
E00499:807:HJM5GCCX2:5:2220:14397:20524	ccnd1	CGTCGTCATCCC	GGAGTCAG	7	54673075	-	C	41
E00499:807:HJM5GCCX2:5:2220:14397:20524	ccnd1	CGTCGTCATCCC	GGAGTCAG	7	54673079	-	T	41
E00499:807:HJM5GCCX2:5:2220:14397:20524	ccnd1	CGTCGTCATCCC	GGAGTCAG	7	54673087	-	T	41
E00499:807:HJM5GCCX2:5:2220:14397:20524	ccnd1	CGTCGTCATCCC	GGAGTCAG	7	54673088	-	T	41
E00499:807:HJM5GCCX2:5:2220:14397:20524	ccnd1	CGTCGTCATCCC	GGAGTCAG	7	54673089	-	T	41
E00499:807:HJM5GCCX2:5:2220:14397:20524	ccnd1	CGTCGTCATCCC	GGAGTCAG	7	54673094	-	T	41
E00499:807:HJM5GCCX2:5:2220:14397:20524	ccnd1	CGTCGTCATCCC	GGAGTCAG	7	54673104	-	T	37
E00499:807:HJM5GCCX2:5:1118:32025:30211	ccnd1	CGTCGTCATCCC	GAGAAATG	7	54673123	-	T	37
E00499:807:HJM5GCCX2:5:1118:32025:30211	ccnd1	CGTCGTCATCCC	GAGAAATG	7	54673125	-	T	32
E00499:807:HJM5GCCX2:5:1118:32025:30211	ccnd1	CGTCGTCATCCC	GAGAAATG	7	54673131	-	T	37
E00499:807:HJM5GCCX2:5:1118:32025:30211	ccnd1	CGTCGTCATCCC	GAGAAATG	7	54673143	-	T	41
E00499:807:HJM5GCCX2:5:1118:32025:30211	ccnd1	CGTCGTCATCCC	GAGAAATG	7	54673162	-	T	41
E00499:807:HJM5GCCX2:5:1118:32025:30211	ccnd1	CGTCGTCATCCC	GAGAAATG	7	54673164	-	T	37
E00499:807:HJM5GCCX2:5:1118:32025:30211	ccnd1	CGTCGTCATCCC	GAGAAATG	7	54673175	-	T	41
E00499:807:HJM5GCCX2:5:1118:32025:30211	ccnd1	CGTCGTCATCCC	GAGAAATG	7	54673185	-	C	41
E00499:807:HJM5GCCX2:5:1118:32025:30211	ccnd1	CGTCGTCATCCC	GAGAAATG	7	54673187	-	T	32
E00499:807:HJM5GCCX2:5:1118:32025:30211	ccnd1	CGTCGTCATCCC	GAGAAATG	7	54673192	-	T	41
E00499:807:HJM5GCCX2:5:1118:32025:30211	ccnd1	CGTCGTCATCCC	GAGAAATG	7	54673197	-	T	41
E00499:807:HJM5GCCX2:5:1118:32025:30211	ccnd1	CGTCGTCATCCC	GAGAAATG	7	54673200	-	T	41
E00499:807:HJM5GCCX2:5:1118:32025:30211	ccnd1	CGTCGTCATCCC	GAGAAATG	7	54673204	-	T	41
E00499:807:HJM5GCCX2:5:1118:32025:30211	ccnd1	CGTCGTCATCCC	GAGAAATG	7	54673209	-	T	41
E00499:807:HJM5GCCX2:5:1118:32025:30211	ccnd1	CGTCGTCATCCC	GAGAAATG	7	54673220	-	T	41
E00499:807:HJM5GCCX2:5:1118:32025:30211	ccnd1	CGTCGTCATCCC	GAGAAATG	7	54673222	-	T	41
E00499:807:HJM5GCCX2:5:1118:32025:30211	ccnd1	CGTCGTCATCCC	GAGAAATG	7	54673225	-	T	41
E00499:807:HJM5GCCX2:5:1118:32025:30211	ccnd1	CGTCGTCATCCC	GAGAAATG	7	54673230	-	T	41
E00499:807:HJM5GCCX2:5:1118:32025:30211	ccnd1	CGTCGTCATCCC	GAGAAATG	7	54673232	-	T	41
E00499:807:HJM5GCCX2:5:1118:32025:30211	ccnd1	CGTCGTCATCCC	GAGAAATG	7	54673234	-	T	41
E00499:807:HJM5GCCX2:5:1118:32025:30211	ccnd1	CGTCGTCATCCC	GAGAAATG	7	54673321	-	T	41
E00499:807:HJM5GCCX2:5:1118:32025:30211	ccnd1	CGTCGTCATCCC	GAGAAATG	7	54673327	-	T	41
E00499:807:HJM5GCCX2:5:1118:32025:30211	ccnd1	CGTCGTCATCCC	GAGAAATG	7	54673334	-	T	41
E00499:807:HJM5GCCX2:5:1118:32025:30211	ccnd1	CGTCGTCATCCC	GAGAAATG	7	54673337	-	T	41
E00499:807:HJM5GCCX2:5:1118:32025:30211	ccnd1	CGTCGTCATCCC	GAGAAATG	7	54673344	-	C	41
E00499:807:HJM5GCCX2:5:1118:32025:30211	ccnd1	CGTCGTCATCCC	GAGAAATG	7	54673346	-	C	41
E00499:807:HJM5GCCX2:5:1118:32025:30211	ccnd1	CGTCGTCATCCC	GAGAAATG	7	54673349	-	T	41
E00499:807:HJM5GCCX2:5:1118:32025:30211	ccnd1	CGTCGTCATCCC	GAGAAATG	7	54673350	-	T	41
E00499:807:HJM5GCCX2:5:2101:27610:43800	ccnd1	CGTCGTCATCCC	AGTGAAGT	7	54676950	-	C	37
E00499:807:HJM5GCCX2:5:2101:27610:43800	ccnd1	CGTCGTCATCCC	AGTGAAGT	7	54676953	-	T	37
E00499:807:HJM5GCCX2:5:2101:27610:43800	ccnd1	CGTCGTCATCCC	AGTGAAGT	7	54676957	-	T	37
E00499:807:HJM5GCCX2:5:2101:27610:43800	ccnd1	CGTCGTCATCCC	AGTGAAGT	7	54676965	-	T	41
E00499:807:HJM5GCCX2:5:2101:27610:43800	ccnd1	CGTCGTCATCCC	AGTGAAGT	7	54676968	-	T	41
E00499:807:HJM5GCCX2:5:2101:27610:43800	ccnd1	CGTCGTCATCCC	AGTGAAGT	7	54676977	-	T	41
E00499:807:HJM5GCCX2:5:2101:27610:43800	ccnd1	CGTCGTCATCCC	AGTGAAGT	7	54676982	-	T	41
E00499:807:HJM5GCCX2:5:2101:27610:43800	ccnd1	CGTCGTCATCCC	AGTGAAGT	7	54676986	-	T	37
E00499:807:HJM5GCCX2:5:2101:27610:43800	ccnd1	CGTCGTCATCCC	AGTGAAGT	7	54676988	-	T	37
E00499:807:HJM5GCCX2:5:2101:27610:43800	ccnd1	CGTCGTCATCCC	AGTGAAGT	7	54676989	-	T	41
E00499:807:HJM5GCCX2:5:2101:27610:43800	ccnd1	CGTCGTCATCCC	AGTGAAGT	7	54677000	-	C	41
E00499:807:HJM5GCCX2:5:2101:27610:43800	ccnd1	CGTCGTCATCCC	AGTGAAGT	7	54677001	-	T	41
E00499:807:HJM5GCCX2:5:2101:27610:43800	ccnd1	CGTCGTCATCCC	AGTGAAGT	7	54677003	-	C	41
E00499:807:HJM5GCCX2:5:2101:27610:43800	ccnd1	CGTCGTCATCCC	AGTGAAGT	7	54677005	-	T	37
E00499:807:HJM5GCCX2:5:2101:27610:43800	ccnd1	CGTCGTCATCCC	AGTGAAGT	7	54677010	-	T	41
E00499:807:HJM5GCCX2:5:2101:27610:43800	ccnd1	CGTCGTCATCCC	AGTGAAGT	7	54677011	-	T	41
E00499:807:HJM5GCCX2:5:2101:27610:43800	ccnd1	CGTCGTCATCCC	AGTGAAGT	7	54677012	-	C	41
E00499:807:HJM5GCCX2:5:2101:27610:43800	ccnd1	CGTCGTCATCCC	AGTGAAGT	7	54677014	-	T	41
E00499:807:HJM5GCCX2:5:2101:27610:43800	ccnd1	CGTCGTCATCCC	AGTGAAGT	7	54677015	-	C	37
E00499:807:HJM5GCCX2:5:2101:27610:43800	ccnd1	CGTCGTCATCCC	AGTGAAGT	7	54677023	-	T	41
E00499:807:HJM5GCCX2:5:2101:27610:43800	ccnd1	CGTCGTCATCCC	AGTGAAGT	7	54677028	-	T	41
E00499:807:HJM5GCCX2:5:2101:27610:43800	ccnd1	CGTCGTCATCCC	AGTGAAGT	7	54677030	-	T	41
E00499:807:HJM5GCCX2:5:2101:27610:43800	ccnd1	CGTCGTCATCCC	AGTGAAGT	7	54677032	-	T	41
E00499:807:HJM5GCCX2:5:2101:27610:43800	ccnd1	CGTCGTCATCCC	AGTGAAGT	7	54677042	-	T	41
E00499:807:HJM5GCCX2:5:2101:27610:43800	ccnd1	CGTCGTCATCCC	AGTGAAGT	7	54677048	-	C	41
E00499:807:HJM5GCCX2:5:2101:27610:43800	ccnd1	CGTCGTCATCCC	AGTGAAGT	7	54677049	-	T	41
E00499:807:HJM5GCCX2:5:2101:27610:43800	ccnd1	CGTCGTCATCCC	AGTGAAGT	7	54677052	-	T	41
E00499:807:HJM5GCCX2:5:2101:27610:43800	ccnd1	CGTCGTCATCCC	AGTGAAGT	7	54677061	-	T	41
E00499:807:HJM5GCCX2:5:2101:27610:43800	ccnd1	CGTCGTCATCCC	AGTGAAGT	7	54677062	-	C	41
E00499:807:HJM5GCCX2:5:2101:27610:43800	ccnd1	CGTCGTCATCCC	AGTGAAGT	7	54677063	-	T	41
E00499:807:HJM5GCCX2:5:2101:27610:43800	ccnd1	CGTCGTCATCCC	AGTGAAGT	7	54677064	-	T	41
E00499:807:HJM5GCCX2:5:2101:27610:43800	ccnd1	CGTCGTCATCCC	AGTGAAGT	7	54677072	-	C	41
E00499:807:HJM5GCCX2:5:2101:27610:43800	ccnd1	CGTCGTCATCCC	AGTGAAGT	7	54677076	-	T	41
E00499:807:HJM5GCCX2:5:2101:27610:43800	ccnd1	CGTCGTCATCCC	AGTGAAGT	7	54677077	-	T	41
E00499:807:HJM5GCCX2:5:2101:27610:43800	ccnd1	CGTCGTCATCCC	AGTGAAGT	7	54677079	-	T	41
E00499:807:HJM5GCCX2:5:2101:27610:43800	ccnd1	CGTCGTCATCCC	AGTGAAGT	7	54677095	-	T	32
E00499:807:HJM5GCCX2:5:1124:9567:7866	ccnd1	CGTCGTCATCCC	AGTGAAGT	7	54676986	-	T	41
E00499:807:HJM5GCCX2:5:1124:9567:7866	ccnd1	CGTCGTCATCCC	AGTGAAGT	7	54676988	-	T	32
E00499:807:HJM5GCCX2:5:1124:9567:7866	ccnd1	CGTCGTCATCCC	AGTGAAGT	7	54677000	-	C	41
E00499:807:HJM5GCCX2:5:1124:9567:7866	ccnd1	CGTCGTCATCCC	AGTGAAGT	7	54677001	-	T	41
E00499:807:HJM5GCCX2:5:1124:9567:7866	ccnd1	CGTCGTCATCCC	AGTGAAGT	7	54677003	-	C	41
E00499:807:HJM5GCCX2:5:1124:9567:7866	ccnd1	CGTCGTCATCCC	AGTGAAGT	7	54677005	-	T	37
E00499:807:HJM5GCCX2:5:1124:9567:7866	ccnd1	CGTCGTCATCCC	AGTGAAGT	7	54677010	-	T	41
E00499:807:HJM5GCCX2:5:1124:9567:7866	ccnd1	CGTCGTCATCCC	AGTGAAGT	7	54677011	-	T	41
E00499:807:HJM5GCCX2:5:1124:9567:7866	ccnd1	CGTCGTCATCCC	AGTGAAGT	7	54677012	-	C	41
E00499:807:HJM5GCCX2:5:1124:9567:7866	ccnd1	CGTCGTCATCCC	AGTGAAGT	7	54677014	-	T	41
E00499:807:HJM5GCCX2:5:1124:9567:7866	ccnd1	CGTCGTCATCCC	AGTGAAGT	7	54677015	-	C	37
E00499:807:HJM5GCCX2:5:1124:9567:7866	ccnd1	CGTCGTCATCCC	AGTGAAGT	7	54677023	-	T	41
E00499:807:HJM5GCCX2:5:1124:9567:7866	ccnd1	CGTCGTCATCCC	AGTGAAGT	7	54677028	-	T	41
E00499:807:HJM5GCCX2:5:1124:9567:7866	ccnd1	CGTCGTCATCCC	AGTGAAGT	7	54677030	-	T	41
E00499:807:HJM5GCCX2:5:1124:9567:7866	ccnd1	CGTCGTCATCCC	AGTGAAGT	7	54677032	-	T	37
E00499:807:HJM5GCCX2:5:1124:9567:7866	ccnd1	CGTCGTCATCCC	AGTGAAGT	7	54677042	-	T	41
E00499:807:HJM5GCCX2:5:1124:9567:7866	ccnd1	CGTCGTCATCCC	AGTGAAGT	7	54677048	-	C	41
E00499:807:HJM5GCCX2:5:1124:9567:7866	ccnd1	CGTCGTCATCCC	AGTGAAGT	7	54677049	-	T	41
E00499:807:HJM5GCCX2:5:1124:9567:7866	ccnd1	CGTCGTCATCCC	AGTGAAGT	7	54677052	-	T	41
E00499:807:HJM5GCCX2:5:1124:9567:7866	ccnd1	CGTCGTCATCCC	AGTGAAGT	7	54677061	-	T	41
E00499:807:HJM5GCCX2:5:1124:9567:7866	ccnd1	CGTCGTCATCCC	AGTGAAGT	7	54677062	-	C	41
E00499:807:HJM5GCCX2:5:1124:9567:7866	ccnd1	CGTCGTCATCCC	AGTGAAGT	7	54677063	-	T	41
E00499:807:HJM5GCCX2:5:1124:9567:7866	ccnd1	CGTCGTCATCCC	AGTGAAGT	7	54677064	-	T	37
E00499:807:HJM5GCCX2:5:1124:9567:7866	ccnd1	CGTCGTCATCCC	AGTGAAGT	7	54677072	-	C	41
E00499:807:HJM5GCCX2:5:1124:9567:7866	ccnd1	CGTCGTCATCCC	AGTGAAGT	7	54677076	-	T	41
E00499:807:HJM5GCCX2:5:1124:9567:7866	ccnd1	CGTCGTCATCCC	AGTGAAGT	7	54677077	-	T	41
E00499:807:HJM5GCCX2:5:1124:9567:7866	ccnd1	CGTCGTCATCCC	AGTGAAGT	7	54677079	-	T	41
E00499:807:HJM5GCCX2:5:1124:9567:7866	ccnd1	CGTCGTCATCCC	AGTGAAGT	7	54677095	-	T	41
E00499:807:HJM5GCCX2:5:1124:9567:7866	ccnd1	CGTCGTCATCCC	AGTGAAGT	7	54677096	-	C	41
E00499:807:HJM5GCCX2:5:1124:9567:7866	ccnd1	CGTCGTCATCCC	AGTGAAGT	7	54677106	-	T	41
E00499:807:HJM5GCCX2:5:1124:9567:7866	ccnd1	CGTCGTCATCCC	AGTGAAGT	7	54677111	-	C	37
E00499:807:HJM5GCCX2:5:1124:9567:7866	ccnd1	CGTCGTCATCCC	AGTGAAGT	7	54677115	-	T	41
E00499:807:HJM5GCCX2:5:1124:9567:7866	ccnd1	CGTCGTCATCCC	AGTGAAGT	7	54677122	-	C	41
E00499:807:HJM5GCCX2:5:1124:9567:7866	ccnd1	CGTCGTCATCCC	AGTGAAGT	7	54677125	-	T	41
