E00499:807:HJM5GCCX2:5:2114:25926:67674	ccnd1	AAGCCCCTACAG	AAGGGGCA	7	54671366	-	T	37
E00499:807:HJM5GCCX2:5:2114:25926:67674	ccnd1	AAGCCCCTACAG	AAGGGGCA	7	54671369	-	T	41
E00499:807:HJM5GCCX2:5:2114:25926:67674	ccnd1	AAGCCCCTACAG	AAGGGGCA	7	54671371	-	T	41
E00499:807:HJM5GCCX2:5:2114:25926:67674	ccnd1	AAGCCCCTACAG	AAGGGGCA	7	54671372	-	T	41
E00499:807:HJM5GCCX2:5:2114:25926:67674	ccnd1	AAGCCCCTACAG	AAGGGGCA	7	54671373	-	T	41
E00499:807:HJM5GCCX2:5:2114:25926:67674	ccnd1	AAGCCCCTACAG	AAGGGGCA	7	54671374	-	T	37
E00499:807:HJM5GCCX2:5:2114:25926:67674	ccnd1	AAGCCCCTACAG	AAGGGGCA	7	54671377	-	T	41
E00499:807:HJM5GCCX2:5:2114:25926:67674	ccnd1	AAGCCCCTACAG	AAGGGGCA	7	54671378	-	T	41
E00499:807:HJM5GCCX2:5:2114:25926:67674	ccnd1	AAGCCCCTACAG	AAGGGGCA	7	54671379	-	T	41
E00499:807:HJM5GCCX2:5:2114:25926:67674	ccnd1	AAGCCCCTACAG	AAGGGGCA	7	54671380	-	T	41
E00499:807:HJM5GCCX2:5:2114:25926:67674	ccnd1	AAGCCCCTACAG	AAGGGGCA	7	54671384	-	T	37
E00499:807:HJM5GCCX2:5:2114:25926:67674	ccnd1	AAGCCCCTACAG	AAGGGGCA	7	54671387	-	T	41
E00499:807:HJM5GCCX2:5:2114:25926:67674	ccnd1	AAGCCCCTACAG	AAGGGGCA	7	54671389	-	T	41
E00499:807:HJM5GCCX2:5:2114:25926:67674	ccnd1	AAGCCCCTACAG	AAGGGGCA	7	54671394	-	T	41
E00499:807:HJM5GCCX2:5:2114:25926:67674	ccnd1	AAGCCCCTACAG	AAGGGGCA	7	54671398	-	T	41
E00499:807:HJM5GCCX2:5:2114:25926:67674	ccnd1	AAGCCCCTACAG	AAGGGGCA	7	54671400	-	T	41
E00499:807:HJM5GCCX2:5:2114:25926:67674	ccnd1	AAGCCCCTACAG	AAGGGGCA	7	54671405	-	T	37
E00499:807:HJM5GCCX2:5:2114:25926:67674	ccnd1	AAGCCCCTACAG	AAGGGGCA	7	54671407	-	T	41
E00499:807:HJM5GCCX2:5:2114:25926:67674	ccnd1	AAGCCCCTACAG	AAGGGGCA	7	54671409	-	T	41
E00499:807:HJM5GCCX2:5:2114:25926:67674	ccnd1	AAGCCCCTACAG	AAGGGGCA	7	54671410	-	T	41
E00499:807:HJM5GCCX2:5:2114:25926:67674	ccnd1	AAGCCCCTACAG	AAGGGGCA	7	54671411	-	T	41
E00499:807:HJM5GCCX2:5:2114:25926:67674	ccnd1	AAGCCCCTACAG	AAGGGGCA	7	54671413	-	T	41
E00499:807:HJM5GCCX2:5:2114:25926:67674	ccnd1	AAGCCCCTACAG	AAGGGGCA	7	54671414	-	T	41
E00499:807:HJM5GCCX2:5:2114:25926:67674	ccnd1	AAGCCCCTACAG	AAGGGGCA	7	54671415	-	T	41
E00499:807:HJM5GCCX2:5:2114:25926:67674	ccnd1	AAGCCCCTACAG	AAGGGGCA	7	54671416	-	T	41
E00499:807:HJM5GCCX2:5:2114:25926:67674	ccnd1	AAGCCCCTACAG	AAGGGGCA	7	54671419	-	T	41
E00499:807:HJM5GCCX2:5:2114:25926:67674	ccnd1	AAGCCCCTACAG	AAGGGGCA	7	54671420	-	T	41
E00499:807:HJM5GCCX2:5:2114:25926:67674	ccnd1	AAGCCCCTACAG	AAGGGGCA	7	54671421	-	T	41
E00499:807:HJM5GCCX2:5:2114:25926:67674	ccnd1	AAGCCCCTACAG	AAGGGGCA	7	54671422	-	T	37
E00499:807:HJM5GCCX2:5:2114:25926:67674	ccnd1	AAGCCCCTACAG	AAGGGGCA	7	54671423	-	T	37
E00499:807:HJM5GCCX2:5:2114:25926:67674	ccnd1	AAGCCCCTACAG	AAGGGGCA	7	54671425	-	T	41
E00499:807:HJM5GCCX2:5:2114:25926:67674	ccnd1	AAGCCCCTACAG	AAGGGGCA	7	54671428	-	T	41
E00499:807:HJM5GCCX2:5:2114:25926:67674	ccnd1	AAGCCCCTACAG	AAGGGGCA	7	54671431	-	T	41
E00499:807:HJM5GCCX2:5:2114:25926:67674	ccnd1	AAGCCCCTACAG	AAGGGGCA	7	54671432	-	T	41
E00499:807:HJM5GCCX2:5:2114:25926:67674	ccnd1	AAGCCCCTACAG	AAGGGGCA	7	54671433	-	T	41
E00499:807:HJM5GCCX2:5:2114:25926:67674	ccnd1	AAGCCCCTACAG	AAGGGGCA	7	54671434	-	T	41
E00499:807:HJM5GCCX2:5:2114:25926:67674	ccnd1	AAGCCCCTACAG	AAGGGGCA	7	54671436	-	T	41
E00499:807:HJM5GCCX2:5:2114:25926:67674	ccnd1	AAGCCCCTACAG	AAGGGGCA	7	54671437	-	T	41
E00499:807:HJM5GCCX2:5:2114:25926:67674	ccnd1	AAGCCCCTACAG	AAGGGGCA	7	54671439	-	T	41
E00499:807:HJM5GCCX2:5:2114:25926:67674	ccnd1	AAGCCCCTACAG	AAGGGGCA	7	54671441	-	T	41
E00499:807:HJM5GCCX2:5:2114:25926:67674	ccnd1	AAGCCCCTACAG	AAGGGGCA	7	54671442	-	T	41
E00499:807:HJM5GCCX2:5:2114:25926:67674	ccnd1	AAGCCCCTACAG	AAGGGGCA	7	54671444	-	T	41
E00499:807:HJM5GCCX2:5:2114:25926:67674	ccnd1	AAGCCCCTACAG	AAGGGGCA	7	54671446	-	T	41
E00499:807:HJM5GCCX2:5:2114:25926:67674	ccnd1	AAGCCCCTACAG	AAGGGGCA	7	54671447	-	T	41
E00499:807:HJM5GCCX2:5:2114:25926:67674	ccnd1	AAGCCCCTACAG	AAGGGGCA	7	54671448	-	T	41
E00499:807:HJM5GCCX2:5:2114:25926:67674	ccnd1	AAGCCCCTACAG	AAGGGGCA	7	54671450	-	T	41
E00499:807:HJM5GCCX2:5:2114:25926:67674	ccnd1	AAGCCCCTACAG	AAGGGGCA	7	54671451	-	T	41
E00499:807:HJM5GCCX2:5:2114:25926:67674	ccnd1	AAGCCCCTACAG	AAGGGGCA	7	54671454	-	T	41
E00499:807:HJM5GCCX2:5:2114:25926:67674	ccnd1	AAGCCCCTACAG	AAGGGGCA	7	54671481	-	T	41
E00499:807:HJM5GCCX2:5:2114:25926:67674	ccnd1	AAGCCCCTACAG	AAGGGGCA	7	54671486	-	T	41
E00499:807:HJM5GCCX2:5:2114:25926:67674	ccnd1	AAGCCCCTACAG	AAGGGGCA	7	54671487	-	T	41
E00499:807:HJM5GCCX2:5:2114:25926:67674	ccnd1	AAGCCCCTACAG	AAGGGGCA	7	54671488	-	T	41
E00499:807:HJM5GCCX2:5:2114:25926:67674	ccnd1	AAGCCCCTACAG	AAGGGGCA	7	54671494	-	T	41
E00499:807:HJM5GCCX2:5:2114:25926:67674	ccnd1	AAGCCCCTACAG	AAGGGGCA	7	54671496	-	T	41
E00499:807:HJM5GCCX2:5:2114:25926:67674	ccnd1	AAGCCCCTACAG	AAGGGGCA	7	54671505	-	T	41
E00499:807:HJM5GCCX2:5:2114:25926:67674	ccnd1	AAGCCCCTACAG	AAGGGGCA	7	54671506	-	T	37
E00499:807:HJM5GCCX2:5:2114:25926:67674	ccnd1	AAGCCCCTACAG	AAGGGGCA	7	54671507	-	T	37
E00499:807:HJM5GCCX2:5:1124:7598:37049	ccnd1	AAGCCCCTACAG	CCCGGCAG	7	54671389	-	T	37
E00499:807:HJM5GCCX2:5:1124:7598:37049	ccnd1	AAGCCCCTACAG	CCCGGCAG	7	54671398	-	T	32
E00499:807:HJM5GCCX2:5:1124:7598:37049	ccnd1	AAGCCCCTACAG	CCCGGCAG	7	54671405	-	T	32
E00499:807:HJM5GCCX2:5:1124:7598:37049	ccnd1	AAGCCCCTACAG	CCCGGCAG	7	54671407	-	T	37
E00499:807:HJM5GCCX2:5:1124:7598:37049	ccnd1	AAGCCCCTACAG	CCCGGCAG	7	54671409	-	T	41
E00499:807:HJM5GCCX2:5:1124:7598:37049	ccnd1	AAGCCCCTACAG	CCCGGCAG	7	54671410	-	T	41
E00499:807:HJM5GCCX2:5:1124:7598:37049	ccnd1	AAGCCCCTACAG	CCCGGCAG	7	54671411	-	T	37
E00499:807:HJM5GCCX2:5:1124:7598:37049	ccnd1	AAGCCCCTACAG	CCCGGCAG	7	54671413	-	T	41
E00499:807:HJM5GCCX2:5:1124:7598:37049	ccnd1	AAGCCCCTACAG	CCCGGCAG	7	54671414	-	T	41
E00499:807:HJM5GCCX2:5:1124:7598:37049	ccnd1	AAGCCCCTACAG	CCCGGCAG	7	54671415	-	T	37
E00499:807:HJM5GCCX2:5:1124:7598:37049	ccnd1	AAGCCCCTACAG	CCCGGCAG	7	54671416	-	T	41
E00499:807:HJM5GCCX2:5:1124:7598:37049	ccnd1	AAGCCCCTACAG	CCCGGCAG	7	54671419	-	T	41
E00499:807:HJM5GCCX2:5:1124:7598:37049	ccnd1	AAGCCCCTACAG	CCCGGCAG	7	54671420	-	T	41
E00499:807:HJM5GCCX2:5:1124:7598:37049	ccnd1	AAGCCCCTACAG	CCCGGCAG	7	54671421	-	T	41
E00499:807:HJM5GCCX2:5:1124:7598:37049	ccnd1	AAGCCCCTACAG	CCCGGCAG	7	54671422	-	T	41
E00499:807:HJM5GCCX2:5:1124:7598:37049	ccnd1	AAGCCCCTACAG	CCCGGCAG	7	54671423	-	T	37
E00499:807:HJM5GCCX2:5:1124:7598:37049	ccnd1	AAGCCCCTACAG	CCCGGCAG	7	54671425	-	T	41
E00499:807:HJM5GCCX2:5:1124:7598:37049	ccnd1	AAGCCCCTACAG	CCCGGCAG	7	54671428	-	T	41
E00499:807:HJM5GCCX2:5:1124:7598:37049	ccnd1	AAGCCCCTACAG	CCCGGCAG	7	54671431	-	T	41
E00499:807:HJM5GCCX2:5:1124:7598:37049	ccnd1	AAGCCCCTACAG	CCCGGCAG	7	54671432	-	T	41
E00499:807:HJM5GCCX2:5:1124:7598:37049	ccnd1	AAGCCCCTACAG	CCCGGCAG	7	54671433	-	T	41
E00499:807:HJM5GCCX2:5:1124:7598:37049	ccnd1	AAGCCCCTACAG	CCCGGCAG	7	54671434	-	T	41
E00499:807:HJM5GCCX2:5:1124:7598:37049	ccnd1	AAGCCCCTACAG	CCCGGCAG	7	54671436	-	T	41
E00499:807:HJM5GCCX2:5:1124:7598:37049	ccnd1	AAGCCCCTACAG	CCCGGCAG	7	54671437	-	T	37
E00499:807:HJM5GCCX2:5:1124:7598:37049	ccnd1	AAGCCCCTACAG	CCCGGCAG	7	54671439	-	T	41
E00499:807:HJM5GCCX2:5:1124:7598:37049	ccnd1	AAGCCCCTACAG	CCCGGCAG	7	54671441	-	T	41
E00499:807:HJM5GCCX2:5:1124:7598:37049	ccnd1	AAGCCCCTACAG	CCCGGCAG	7	54671442	-	T	41
E00499:807:HJM5GCCX2:5:1124:7598:37049	ccnd1	AAGCCCCTACAG	CCCGGCAG	7	54671444	-	T	41
E00499:807:HJM5GCCX2:5:1124:7598:37049	ccnd1	AAGCCCCTACAG	CCCGGCAG	7	54671446	-	T	41
E00499:807:HJM5GCCX2:5:1124:7598:37049	ccnd1	AAGCCCCTACAG	CCCGGCAG	7	54671447	-	T	41
E00499:807:HJM5GCCX2:5:1124:7598:37049	ccnd1	AAGCCCCTACAG	CCCGGCAG	7	54671448	-	T	41
E00499:807:HJM5GCCX2:5:1124:7598:37049	ccnd1	AAGCCCCTACAG	CCCGGCAG	7	54671450	-	T	41
E00499:807:HJM5GCCX2:5:1124:7598:37049	ccnd1	AAGCCCCTACAG	CCCGGCAG	7	54671451	-	T	32
E00499:807:HJM5GCCX2:5:1124:7598:37049	ccnd1	AAGCCCCTACAG	CCCGGCAG	7	54671454	-	T	41
E00499:807:HJM5GCCX2:5:1124:7598:37049	ccnd1	AAGCCCCTACAG	CCCGGCAG	7	54671481	-	T	41
E00499:807:HJM5GCCX2:5:1124:7598:37049	ccnd1	AAGCCCCTACAG	CCCGGCAG	7	54671486	-	T	41
E00499:807:HJM5GCCX2:5:1124:7598:37049	ccnd1	AAGCCCCTACAG	CCCGGCAG	7	54671487	-	T	41
E00499:807:HJM5GCCX2:5:1124:7598:37049	ccnd1	AAGCCCCTACAG	CCCGGCAG	7	54671488	-	T	41
E00499:807:HJM5GCCX2:5:1124:7598:37049	ccnd1	AAGCCCCTACAG	CCCGGCAG	7	54671494	-	T	41
E00499:807:HJM5GCCX2:5:1124:7598:37049	ccnd1	AAGCCCCTACAG	CCCGGCAG	7	54671496	-	T	41
E00499:807:HJM5GCCX2:5:1124:7598:37049	ccnd1	AAGCCCCTACAG	CCCGGCAG	7	54671505	-	T	41
E00499:807:HJM5GCCX2:5:1124:7598:37049	ccnd1	AAGCCCCTACAG	CCCGGCAG	7	54671506	-	T	41
E00499:807:HJM5GCCX2:5:1124:7598:37049	ccnd1	AAGCCCCTACAG	CCCGGCAG	7	54671507	-	T	41
E00499:807:HJM5GCCX2:5:1124:7598:37049	ccnd1	AAGCCCCTACAG	CCCGGCAG	7	54671513	-	T	41
E00499:807:HJM5GCCX2:5:1124:7598:37049	ccnd1	AAGCCCCTACAG	CCCGGCAG	7	54671515	-	T	41
E00499:807:HJM5GCCX2:5:1124:7598:37049	ccnd1	AAGCCCCTACAG	CCCGGCAG	7	54671517	-	T	41
E00499:807:HJM5GCCX2:5:1124:7598:37049	ccnd1	AAGCCCCTACAG	CCCGGCAG	7	54671520	-	T	41
E00499:807:HJM5GCCX2:5:1124:7598:37049	ccnd1	AAGCCCCTACAG	CCCGGCAG	7	54671524	-	T	41
E00499:807:HJM5GCCX2:5:1124:7598:37049	ccnd1	AAGCCCCTACAG	CCCGGCAG	7	54671525	-	T	41
E00499:807:HJM5GCCX2:5:1124:7598:37049	ccnd1	AAGCCCCTACAG	CCCGGCAG	7	54671526	-	T	41
E00499:807:HJM5GCCX2:5:1124:7598:37049	ccnd1	AAGCCCCTACAG	CCCGGCAG	7	54671527	-	T	41
E00499:807:HJM5GCCX2:5:1124:7598:37049	ccnd1	AAGCCCCTACAG	CCCGGCAG	7	54671528	-	T	41
E00499:807:HJM5GCCX2:5:1124:7598:37049	ccnd1	AAGCCCCTACAG	CCCGGCAG	7	54671531	-	T	37
E00499:807:HJM5GCCX2:5:1124:7598:37049	ccnd1	AAGCCCCTACAG	CCCGGCAG	7	54671534	-	T	32
E00499:807:HJM5GCCX2:5:1112:25804:23442	ccnd1	AAGCCCCTACAG	AAGGGGCA	7	54671398	-	T	41
E00499:807:HJM5GCCX2:5:1112:25804:23442	ccnd1	AAGCCCCTACAG	AAGGGGCA	7	54671400	-	T	32
E00499:807:HJM5GCCX2:5:1112:25804:23442	ccnd1	AAGCCCCTACAG	AAGGGGCA	7	54671405	-	T	32
E00499:807:HJM5GCCX2:5:1112:25804:23442	ccnd1	AAGCCCCTACAG	AAGGGGCA	7	54671407	-	T	37
E00499:807:HJM5GCCX2:5:1112:25804:23442	ccnd1	AAGCCCCTACAG	AAGGGGCA	7	54671409	-	T	41
E00499:807:HJM5GCCX2:5:1112:25804:23442	ccnd1	AAGCCCCTACAG	AAGGGGCA	7	54671410	-	T	41
E00499:807:HJM5GCCX2:5:1112:25804:23442	ccnd1	AAGCCCCTACAG	AAGGGGCA	7	54671411	-	T	41
E00499:807:HJM5GCCX2:5:1112:25804:23442	ccnd1	AAGCCCCTACAG	AAGGGGCA	7	54671413	-	T	41
E00499:807:HJM5GCCX2:5:1112:25804:23442	ccnd1	AAGCCCCTACAG	AAGGGGCA	7	54671414	-	T	41
E00499:807:HJM5GCCX2:5:1112:25804:23442	ccnd1	AAGCCCCTACAG	AAGGGGCA	7	54671415	-	T	41
E00499:807:HJM5GCCX2:5:1112:25804:23442	ccnd1	AAGCCCCTACAG	AAGGGGCA	7	54671416	-	T	37
E00499:807:HJM5GCCX2:5:1112:25804:23442	ccnd1	AAGCCCCTACAG	AAGGGGCA	7	54671419	-	T	41
E00499:807:HJM5GCCX2:5:1112:25804:23442	ccnd1	AAGCCCCTACAG	AAGGGGCA	7	54671420	-	T	41
E00499:807:HJM5GCCX2:5:1112:25804:23442	ccnd1	AAGCCCCTACAG	AAGGGGCA	7	54671421	-	T	41
E00499:807:HJM5GCCX2:5:1112:25804:23442	ccnd1	AAGCCCCTACAG	AAGGGGCA	7	54671422	-	T	41
E00499:807:HJM5GCCX2:5:1112:25804:23442	ccnd1	AAGCCCCTACAG	AAGGGGCA	7	54671423	-	T	37
E00499:807:HJM5GCCX2:5:1112:25804:23442	ccnd1	AAGCCCCTACAG	AAGGGGCA	7	54671425	-	T	41
E00499:807:HJM5GCCX2:5:1112:25804:23442	ccnd1	AAGCCCCTACAG	AAGGGGCA	7	54671428	-	T	41
E00499:807:HJM5GCCX2:5:1112:25804:23442	ccnd1	AAGCCCCTACAG	AAGGGGCA	7	54671431	-	T	41
E00499:807:HJM5GCCX2:5:1112:25804:23442	ccnd1	AAGCCCCTACAG	AAGGGGCA	7	54671432	-	T	41
E00499:807:HJM5GCCX2:5:1112:25804:23442	ccnd1	AAGCCCCTACAG	AAGGGGCA	7	54671433	-	T	41
E00499:807:HJM5GCCX2:5:1112:25804:23442	ccnd1	AAGCCCCTACAG	AAGGGGCA	7	54671434	-	T	41
E00499:807:HJM5GCCX2:5:1112:25804:23442	ccnd1	AAGCCCCTACAG	AAGGGGCA	7	54671436	-	T	41
E00499:807:HJM5GCCX2:5:1112:25804:23442	ccnd1	AAGCCCCTACAG	AAGGGGCA	7	54671437	-	T	41
E00499:807:HJM5GCCX2:5:1112:25804:23442	ccnd1	AAGCCCCTACAG	AAGGGGCA	7	54671439	-	T	41
E00499:807:HJM5GCCX2:5:1112:25804:23442	ccnd1	AAGCCCCTACAG	AAGGGGCA	7	54671441	-	T	41
E00499:807:HJM5GCCX2:5:1112:25804:23442	ccnd1	AAGCCCCTACAG	AAGGGGCA	7	54671442	-	T	41
E00499:807:HJM5GCCX2:5:1112:25804:23442	ccnd1	AAGCCCCTACAG	AAGGGGCA	7	54671444	-	T	41
E00499:807:HJM5GCCX2:5:1112:25804:23442	ccnd1	AAGCCCCTACAG	AAGGGGCA	7	54671446	-	T	41
E00499:807:HJM5GCCX2:5:1112:25804:23442	ccnd1	AAGCCCCTACAG	AAGGGGCA	7	54671447	-	T	41
E00499:807:HJM5GCCX2:5:1112:25804:23442	ccnd1	AAGCCCCTACAG	AAGGGGCA	7	54671448	-	T	41
E00499:807:HJM5GCCX2:5:1112:25804:23442	ccnd1	AAGCCCCTACAG	AAGGGGCA	7	54671450	-	T	41
E00499:807:HJM5GCCX2:5:1112:25804:23442	ccnd1	AAGCCCCTACAG	AAGGGGCA	7	54671451	-	T	41
E00499:807:HJM5GCCX2:5:1112:25804:23442	ccnd1	AAGCCCCTACAG	AAGGGGCA	7	54671454	-	T	41
E00499:807:HJM5GCCX2:5:1112:25804:23442	ccnd1	AAGCCCCTACAG	AAGGGGCA	7	54671481	-	T	41
E00499:807:HJM5GCCX2:5:1112:25804:23442	ccnd1	AAGCCCCTACAG	AAGGGGCA	7	54671486	-	T	41
E00499:807:HJM5GCCX2:5:1112:25804:23442	ccnd1	AAGCCCCTACAG	AAGGGGCA	7	54671487	-	T	41
E00499:807:HJM5GCCX2:5:1112:25804:23442	ccnd1	AAGCCCCTACAG	AAGGGGCA	7	54671488	-	T	41
E00499:807:HJM5GCCX2:5:1112:25804:23442	ccnd1	AAGCCCCTACAG	AAGGGGCA	7	54671494	-	T	41
E00499:807:HJM5GCCX2:5:1112:25804:23442	ccnd1	AAGCCCCTACAG	AAGGGGCA	7	54671496	-	T	41
E00499:807:HJM5GCCX2:5:1112:25804:23442	ccnd1	AAGCCCCTACAG	AAGGGGCA	7	54671505	-	T	41
E00499:807:HJM5GCCX2:5:1112:25804:23442	ccnd1	AAGCCCCTACAG	AAGGGGCA	7	54671506	-	T	41
E00499:807:HJM5GCCX2:5:1112:25804:23442	ccnd1	AAGCCCCTACAG	AAGGGGCA	7	54671507	-	T	41
E00499:807:HJM5GCCX2:5:1112:25804:23442	ccnd1	AAGCCCCTACAG	AAGGGGCA	7	54671513	-	T	41
E00499:807:HJM5GCCX2:5:1112:25804:23442	ccnd1	AAGCCCCTACAG	AAGGGGCA	7	54671515	-	T	41
E00499:807:HJM5GCCX2:5:1112:25804:23442	ccnd1	AAGCCCCTACAG	AAGGGGCA	7	54671517	-	T	41
E00499:807:HJM5GCCX2:5:1112:25804:23442	ccnd1	AAGCCCCTACAG	AAGGGGCA	7	54671520	-	T	41
E00499:807:HJM5GCCX2:5:1112:25804:23442	ccnd1	AAGCCCCTACAG	AAGGGGCA	7	54671524	-	T	41
E00499:807:HJM5GCCX2:5:1112:25804:23442	ccnd1	AAGCCCCTACAG	AAGGGGCA	7	54671525	-	T	41
E00499:807:HJM5GCCX2:5:1112:25804:23442	ccnd1	AAGCCCCTACAG	AAGGGGCA	7	54671526	-	T	41
E00499:807:HJM5GCCX2:5:1112:25804:23442	ccnd1	AAGCCCCTACAG	AAGGGGCA	7	54671527	-	T	41
E00499:807:HJM5GCCX2:5:1112:25804:23442	ccnd1	AAGCCCCTACAG	AAGGGGCA	7	54671528	-	T	41
E00499:807:HJM5GCCX2:5:1112:25804:23442	ccnd1	AAGCCCCTACAG	AAGGGGCA	7	54671531	-	T	41
E00499:807:HJM5GCCX2:5:1112:25804:23442	ccnd1	AAGCCCCTACAG	AAGGGGCA	7	54671534	-	T	41
E00499:807:HJM5GCCX2:5:1111:23104:9660	ccnd1	AAGCCCCTACAG	CCAGAGCC	7	54671407	-	T	32
E00499:807:HJM5GCCX2:5:1111:23104:9660	ccnd1	AAGCCCCTACAG	CCAGAGCC	7	54671409	-	T	41
E00499:807:HJM5GCCX2:5:1111:23104:9660	ccnd1	AAGCCCCTACAG	CCAGAGCC	7	54671410	-	T	41
E00499:807:HJM5GCCX2:5:1111:23104:9660	ccnd1	AAGCCCCTACAG	CCAGAGCC	7	54671411	-	T	41
E00499:807:HJM5GCCX2:5:1111:23104:9660	ccnd1	AAGCCCCTACAG	CCAGAGCC	7	54671413	-	T	41
E00499:807:HJM5GCCX2:5:1111:23104:9660	ccnd1	AAGCCCCTACAG	CCAGAGCC	7	54671414	-	T	41
E00499:807:HJM5GCCX2:5:1111:23104:9660	ccnd1	AAGCCCCTACAG	CCAGAGCC	7	54671415	-	T	41
E00499:807:HJM5GCCX2:5:1111:23104:9660	ccnd1	AAGCCCCTACAG	CCAGAGCC	7	54671416	-	T	41
E00499:807:HJM5GCCX2:5:1111:23104:9660	ccnd1	AAGCCCCTACAG	CCAGAGCC	7	54671419	-	T	41
E00499:807:HJM5GCCX2:5:1111:23104:9660	ccnd1	AAGCCCCTACAG	CCAGAGCC	7	54671420	-	T	37
E00499:807:HJM5GCCX2:5:1111:23104:9660	ccnd1	AAGCCCCTACAG	CCAGAGCC	7	54671431	-	T	37
E00499:807:HJM5GCCX2:5:1111:23104:9660	ccnd1	AAGCCCCTACAG	CCAGAGCC	7	54671432	-	T	41
E00499:807:HJM5GCCX2:5:1111:23104:9660	ccnd1	AAGCCCCTACAG	CCAGAGCC	7	54671433	-	T	41
E00499:807:HJM5GCCX2:5:1111:23104:9660	ccnd1	AAGCCCCTACAG	CCAGAGCC	7	54671434	-	T	37
E00499:807:HJM5GCCX2:5:1111:23104:9660	ccnd1	AAGCCCCTACAG	CCAGAGCC	7	54671436	-	T	37
E00499:807:HJM5GCCX2:5:1111:23104:9660	ccnd1	AAGCCCCTACAG	CCAGAGCC	7	54671437	-	T	41
E00499:807:HJM5GCCX2:5:1111:23104:9660	ccnd1	AAGCCCCTACAG	CCAGAGCC	7	54671439	-	T	41
E00499:807:HJM5GCCX2:5:1111:23104:9660	ccnd1	AAGCCCCTACAG	CCAGAGCC	7	54671441	-	T	37
E00499:807:HJM5GCCX2:5:1111:23104:9660	ccnd1	AAGCCCCTACAG	CCAGAGCC	7	54671442	-	T	41
E00499:807:HJM5GCCX2:5:1111:23104:9660	ccnd1	AAGCCCCTACAG	CCAGAGCC	7	54671446	-	T	37
E00499:807:HJM5GCCX2:5:1111:23104:9660	ccnd1	AAGCCCCTACAG	CCAGAGCC	7	54671447	-	T	41
E00499:807:HJM5GCCX2:5:1111:23104:9660	ccnd1	AAGCCCCTACAG	CCAGAGCC	7	54671448	-	T	37
E00499:807:HJM5GCCX2:5:1111:23104:9660	ccnd1	AAGCCCCTACAG	CCAGAGCC	7	54671450	-	T	41
E00499:807:HJM5GCCX2:5:1111:23104:9660	ccnd1	AAGCCCCTACAG	CCAGAGCC	7	54671451	-	T	32
E00499:807:HJM5GCCX2:5:1111:23104:9660	ccnd1	AAGCCCCTACAG	CCAGAGCC	7	54671454	-	T	32
E00499:807:HJM5GCCX2:5:1111:23104:9660	ccnd1	AAGCCCCTACAG	CCAGAGCC	7	54671481	-	T	41
E00499:807:HJM5GCCX2:5:1111:23104:9660	ccnd1	AAGCCCCTACAG	CCAGAGCC	7	54671486	-	T	37
E00499:807:HJM5GCCX2:5:1111:23104:9660	ccnd1	AAGCCCCTACAG	CCAGAGCC	7	54671488	-	T	32
E00499:807:HJM5GCCX2:5:1111:23104:9660	ccnd1	AAGCCCCTACAG	CCAGAGCC	7	54671494	-	T	37
E00499:807:HJM5GCCX2:5:1111:23104:9660	ccnd1	AAGCCCCTACAG	CCAGAGCC	7	54671496	-	T	37
E00499:807:HJM5GCCX2:5:1111:23104:9660	ccnd1	AAGCCCCTACAG	CCAGAGCC	7	54671506	-	T	41
E00499:807:HJM5GCCX2:5:1111:23104:9660	ccnd1	AAGCCCCTACAG	CCAGAGCC	7	54671513	-	T	37
E00499:807:HJM5GCCX2:5:1111:23104:9660	ccnd1	AAGCCCCTACAG	CCAGAGCC	7	54671524	-	T	37
E00499:807:HJM5GCCX2:5:1111:23104:9660	ccnd1	AAGCCCCTACAG	CCAGAGCC	7	54671525	-	T	37
E00499:807:HJM5GCCX2:5:1111:23104:9660	ccnd1	AAGCCCCTACAG	CCAGAGCC	7	54671528	-	T	37
E00499:807:HJM5GCCX2:5:1111:23104:9660	ccnd1	AAGCCCCTACAG	CCAGAGCC	7	54671531	-	T	37
E00499:807:HJM5GCCX2:5:1111:23104:9660	ccnd1	AAGCCCCTACAG	CCAGAGCC	7	54671534	-	T	37
E00499:807:HJM5GCCX2:5:2202:14692:58725	ccnd1	AAGCCCCTACAG	GGGCCGCG	7	54671444	-	T	41
E00499:807:HJM5GCCX2:5:2202:14692:58725	ccnd1	AAGCCCCTACAG	GGGCCGCG	7	54671448	-	T	32
E00499:807:HJM5GCCX2:5:2202:14692:58725	ccnd1	AAGCCCCTACAG	GGGCCGCG	7	54671450	-	T	37
E00499:807:HJM5GCCX2:5:2202:14692:58725	ccnd1	AAGCCCCTACAG	GGGCCGCG	7	54671451	-	T	37
E00499:807:HJM5GCCX2:5:2202:14692:58725	ccnd1	AAGCCCCTACAG	GGGCCGCG	7	54671454	-	T	37
E00499:807:HJM5GCCX2:5:2202:14692:58725	ccnd1	AAGCCCCTACAG	GGGCCGCG	7	54671481	-	T	37
E00499:807:HJM5GCCX2:5:2202:14692:58725	ccnd1	AAGCCCCTACAG	GGGCCGCG	7	54671486	-	T	37
E00499:807:HJM5GCCX2:5:2202:14692:58725	ccnd1	AAGCCCCTACAG	GGGCCGCG	7	54671487	-	T	32
E00499:807:HJM5GCCX2:5:2202:14692:58725	ccnd1	AAGCCCCTACAG	GGGCCGCG	7	54671488	-	T	37
E00499:807:HJM5GCCX2:5:2202:14692:58725	ccnd1	AAGCCCCTACAG	GGGCCGCG	7	54671494	-	T	41
E00499:807:HJM5GCCX2:5:2202:14692:58725	ccnd1	AAGCCCCTACAG	GGGCCGCG	7	54671496	-	T	37
E00499:807:HJM5GCCX2:5:2202:14692:58725	ccnd1	AAGCCCCTACAG	GGGCCGCG	7	54671505	-	T	41
E00499:807:HJM5GCCX2:5:2202:14692:58725	ccnd1	AAGCCCCTACAG	GGGCCGCG	7	54671506	-	T	37
E00499:807:HJM5GCCX2:5:2202:14692:58725	ccnd1	AAGCCCCTACAG	GGGCCGCG	7	54671507	-	T	37
E00499:807:HJM5GCCX2:5:2202:14692:58725	ccnd1	AAGCCCCTACAG	GGGCCGCG	7	54671513	-	T	41
E00499:807:HJM5GCCX2:5:2202:14692:58725	ccnd1	AAGCCCCTACAG	GGGCCGCG	7	54671515	-	T	41
E00499:807:HJM5GCCX2:5:2202:14692:58725	ccnd1	AAGCCCCTACAG	GGGCCGCG	7	54671517	-	T	41
E00499:807:HJM5GCCX2:5:2202:14692:58725	ccnd1	AAGCCCCTACAG	GGGCCGCG	7	54671520	-	T	32
E00499:807:HJM5GCCX2:5:2202:14692:58725	ccnd1	AAGCCCCTACAG	GGGCCGCG	7	54671524	-	T	41
E00499:807:HJM5GCCX2:5:2202:14692:58725	ccnd1	AAGCCCCTACAG	GGGCCGCG	7	54671525	-	T	41
E00499:807:HJM5GCCX2:5:2202:14692:58725	ccnd1	AAGCCCCTACAG	GGGCCGCG	7	54671526	-	T	41
E00499:807:HJM5GCCX2:5:2202:14692:58725	ccnd1	AAGCCCCTACAG	GGGCCGCG	7	54671527	-	T	32
E00499:807:HJM5GCCX2:5:2202:14692:58725	ccnd1	AAGCCCCTACAG	GGGCCGCG	7	54671528	-	T	41
E00499:807:HJM5GCCX2:5:2202:14692:58725	ccnd1	AAGCCCCTACAG	GGGCCGCG	7	54671531	-	T	41
E00499:807:HJM5GCCX2:5:2202:14692:58725	ccnd1	AAGCCCCTACAG	GGGCCGCG	7	54671534	-	T	41
E00499:807:HJM5GCCX2:5:2202:14692:58725	ccnd1	AAGCCCCTACAG	GGGCCGCG	7	54671568	-	T	41
E00499:807:HJM5GCCX2:5:2202:14692:58725	ccnd1	AAGCCCCTACAG	GGGCCGCG	7	54671573	-	T	41
E00499:807:HJM5GCCX2:5:2202:14692:58725	ccnd1	AAGCCCCTACAG	GGGCCGCG	7	54671575	-	T	41
E00499:807:HJM5GCCX2:5:2202:14692:58725	ccnd1	AAGCCCCTACAG	GGGCCGCG	7	54671576	-	T	41
E00499:807:HJM5GCCX2:5:2202:14692:58725	ccnd1	AAGCCCCTACAG	GGGCCGCG	7	54671577	-	T	41
E00499:807:HJM5GCCX2:5:2202:14692:58725	ccnd1	AAGCCCCTACAG	GGGCCGCG	7	54671584	-	T	37
E00499:807:HJM5GCCX2:5:1122:29021:17201	ccnd1	AAGCCCCTACAG	GTCACAGA	7	54671494	-	C	37
E00499:807:HJM5GCCX2:5:1122:29021:17201	ccnd1	AAGCCCCTACAG	GTCACAGA	7	54671496	-	T	37
E00499:807:HJM5GCCX2:5:1122:29021:17201	ccnd1	AAGCCCCTACAG	GTCACAGA	7	54671505	-	T	41
E00499:807:HJM5GCCX2:5:1122:29021:17201	ccnd1	AAGCCCCTACAG	GTCACAGA	7	54671506	-	C	41
E00499:807:HJM5GCCX2:5:1122:29021:17201	ccnd1	AAGCCCCTACAG	GTCACAGA	7	54671507	-	T	37
E00499:807:HJM5GCCX2:5:1122:29021:17201	ccnd1	AAGCCCCTACAG	GTCACAGA	7	54671513	-	T	41
E00499:807:HJM5GCCX2:5:1122:29021:17201	ccnd1	AAGCCCCTACAG	GTCACAGA	7	54671515	-	T	37
E00499:807:HJM5GCCX2:5:1122:29021:17201	ccnd1	AAGCCCCTACAG	GTCACAGA	7	54671517	-	T	41
E00499:807:HJM5GCCX2:5:1122:29021:17201	ccnd1	AAGCCCCTACAG	GTCACAGA	7	54671520	-	T	41
E00499:807:HJM5GCCX2:5:1122:29021:17201	ccnd1	AAGCCCCTACAG	GTCACAGA	7	54671524	-	C	41
E00499:807:HJM5GCCX2:5:1122:29021:17201	ccnd1	AAGCCCCTACAG	GTCACAGA	7	54671525	-	T	41
E00499:807:HJM5GCCX2:5:1122:29021:17201	ccnd1	AAGCCCCTACAG	GTCACAGA	7	54671526	-	T	41
E00499:807:HJM5GCCX2:5:1122:29021:17201	ccnd1	AAGCCCCTACAG	GTCACAGA	7	54671527	-	T	41
E00499:807:HJM5GCCX2:5:1122:29021:17201	ccnd1	AAGCCCCTACAG	GTCACAGA	7	54671528	-	T	41
E00499:807:HJM5GCCX2:5:1122:29021:17201	ccnd1	AAGCCCCTACAG	GTCACAGA	7	54671531	-	C	41
E00499:807:HJM5GCCX2:5:1122:29021:17201	ccnd1	AAGCCCCTACAG	GTCACAGA	7	54671534	-	T	41
E00499:807:HJM5GCCX2:5:1122:29021:17201	ccnd1	AAGCCCCTACAG	GTCACAGA	7	54671568	-	T	41
E00499:807:HJM5GCCX2:5:1122:29021:17201	ccnd1	AAGCCCCTACAG	GTCACAGA	7	54671573	-	T	41
E00499:807:HJM5GCCX2:5:1122:29021:17201	ccnd1	AAGCCCCTACAG	GTCACAGA	7	54671575	-	T	41
E00499:807:HJM5GCCX2:5:1122:29021:17201	ccnd1	AAGCCCCTACAG	GTCACAGA	7	54671576	-	C	41
E00499:807:HJM5GCCX2:5:1122:29021:17201	ccnd1	AAGCCCCTACAG	GTCACAGA	7	54671577	-	T	41
E00499:807:HJM5GCCX2:5:1122:29021:17201	ccnd1	AAGCCCCTACAG	GTCACAGA	7	54671584	-	T	41
E00499:807:HJM5GCCX2:5:1122:29021:17201	ccnd1	AAGCCCCTACAG	GTCACAGA	7	54671596	-	T	37
E00499:807:HJM5GCCX2:5:1122:29021:17201	ccnd1	AAGCCCCTACAG	GTCACAGA	7	54671604	-	T	41
E00499:807:HJM5GCCX2:5:1122:29021:17201	ccnd1	AAGCCCCTACAG	GTCACAGA	7	54671610	-	C	41
E00499:807:HJM5GCCX2:5:1122:29021:17201	ccnd1	AAGCCCCTACAG	GTCACAGA	7	54671614	-	T	41
E00499:807:HJM5GCCX2:5:1122:29021:17201	ccnd1	AAGCCCCTACAG	GTCACAGA	7	54671617	-	T	41
E00499:807:HJM5GCCX2:5:1212:25093:56774	ccnd1	AAGCCCCTACAG	GTCACAGA	7	54671494	-	C	37
E00499:807:HJM5GCCX2:5:1212:25093:56774	ccnd1	AAGCCCCTACAG	GTCACAGA	7	54671496	-	T	41
E00499:807:HJM5GCCX2:5:1212:25093:56774	ccnd1	AAGCCCCTACAG	GTCACAGA	7	54671505	-	T	41
E00499:807:HJM5GCCX2:5:1212:25093:56774	ccnd1	AAGCCCCTACAG	GTCACAGA	7	54671506	-	C	37
E00499:807:HJM5GCCX2:5:1212:25093:56774	ccnd1	AAGCCCCTACAG	GTCACAGA	7	54671507	-	T	37
E00499:807:HJM5GCCX2:5:1212:25093:56774	ccnd1	AAGCCCCTACAG	GTCACAGA	7	54671513	-	T	41
E00499:807:HJM5GCCX2:5:1212:25093:56774	ccnd1	AAGCCCCTACAG	GTCACAGA	7	54671515	-	T	37
E00499:807:HJM5GCCX2:5:1212:25093:56774	ccnd1	AAGCCCCTACAG	GTCACAGA	7	54671517	-	T	41
E00499:807:HJM5GCCX2:5:1212:25093:56774	ccnd1	AAGCCCCTACAG	GTCACAGA	7	54671520	-	T	41
E00499:807:HJM5GCCX2:5:1212:25093:56774	ccnd1	AAGCCCCTACAG	GTCACAGA	7	54671524	-	C	41
E00499:807:HJM5GCCX2:5:1212:25093:56774	ccnd1	AAGCCCCTACAG	GTCACAGA	7	54671525	-	T	41
E00499:807:HJM5GCCX2:5:1212:25093:56774	ccnd1	AAGCCCCTACAG	GTCACAGA	7	54671526	-	T	41
E00499:807:HJM5GCCX2:5:1212:25093:56774	ccnd1	AAGCCCCTACAG	GTCACAGA	7	54671527	-	T	41
E00499:807:HJM5GCCX2:5:1212:25093:56774	ccnd1	AAGCCCCTACAG	GTCACAGA	7	54671528	-	T	41
E00499:807:HJM5GCCX2:5:1212:25093:56774	ccnd1	AAGCCCCTACAG	GTCACAGA	7	54671531	-	C	41
E00499:807:HJM5GCCX2:5:1212:25093:56774	ccnd1	AAGCCCCTACAG	GTCACAGA	7	54671534	-	T	41
E00499:807:HJM5GCCX2:5:1212:25093:56774	ccnd1	AAGCCCCTACAG	GTCACAGA	7	54671568	-	T	41
E00499:807:HJM5GCCX2:5:1212:25093:56774	ccnd1	AAGCCCCTACAG	GTCACAGA	7	54671573	-	T	41
E00499:807:HJM5GCCX2:5:1212:25093:56774	ccnd1	AAGCCCCTACAG	GTCACAGA	7	54671575	-	T	41
E00499:807:HJM5GCCX2:5:1212:25093:56774	ccnd1	AAGCCCCTACAG	GTCACAGA	7	54671576	-	C	41
E00499:807:HJM5GCCX2:5:1212:25093:56774	ccnd1	AAGCCCCTACAG	GTCACAGA	7	54671577	-	T	41
E00499:807:HJM5GCCX2:5:1212:25093:56774	ccnd1	AAGCCCCTACAG	GTCACAGA	7	54671584	-	T	41
E00499:807:HJM5GCCX2:5:1212:25093:56774	ccnd1	AAGCCCCTACAG	GTCACAGA	7	54671596	-	T	41
E00499:807:HJM5GCCX2:5:1212:25093:56774	ccnd1	AAGCCCCTACAG	GTCACAGA	7	54671604	-	T	41
E00499:807:HJM5GCCX2:5:1212:25093:56774	ccnd1	AAGCCCCTACAG	GTCACAGA	7	54671610	-	C	41
E00499:807:HJM5GCCX2:5:1212:25093:56774	ccnd1	AAGCCCCTACAG	GTCACAGA	7	54671614	-	T	41
E00499:807:HJM5GCCX2:5:1212:25093:56774	ccnd1	AAGCCCCTACAG	GTCACAGA	7	54671617	-	T	41
E00499:807:HJM5GCCX2:5:2207:22029:39862	ccnd1	AAGCCCCTACAG	TTATAGGC	7	54671713	-	T	37
E00499:807:HJM5GCCX2:5:2207:22029:39862	ccnd1	AAGCCCCTACAG	TTATAGGC	7	54671724	-	T	32
E00499:807:HJM5GCCX2:5:2207:22029:39862	ccnd1	AAGCCCCTACAG	TTATAGGC	7	54671725	-	T	41
E00499:807:HJM5GCCX2:5:2207:22029:39862	ccnd1	AAGCCCCTACAG	TTATAGGC	7	54671729	-	T	37
E00499:807:HJM5GCCX2:5:2207:22029:39862	ccnd1	AAGCCCCTACAG	TTATAGGC	7	54671731	-	T	37
E00499:807:HJM5GCCX2:5:2207:22029:39862	ccnd1	AAGCCCCTACAG	TTATAGGC	7	54671732	-	T	37
E00499:807:HJM5GCCX2:5:2207:22029:39862	ccnd1	AAGCCCCTACAG	TTATAGGC	7	54671743	-	T	37
E00499:807:HJM5GCCX2:5:2207:22029:39862	ccnd1	AAGCCCCTACAG	TTATAGGC	7	54671744	-	T	32
E00499:807:HJM5GCCX2:5:2207:22029:39862	ccnd1	AAGCCCCTACAG	TTATAGGC	7	54671747	-	T	32
E00499:807:HJM5GCCX2:5:2207:22029:39862	ccnd1	AAGCCCCTACAG	TTATAGGC	7	54671758	-	T	32
E00499:807:HJM5GCCX2:5:2207:22029:39862	ccnd1	AAGCCCCTACAG	TTATAGGC	7	54671760	-	T	41
E00499:807:HJM5GCCX2:5:2207:22029:39862	ccnd1	AAGCCCCTACAG	TTATAGGC	7	54671763	-	T	41
E00499:807:HJM5GCCX2:5:2207:22029:39862	ccnd1	AAGCCCCTACAG	TTATAGGC	7	54671765	-	T	41
E00499:807:HJM5GCCX2:5:2207:22029:39862	ccnd1	AAGCCCCTACAG	TTATAGGC	7	54671768	-	T	41
E00499:807:HJM5GCCX2:5:2207:22029:39862	ccnd1	AAGCCCCTACAG	TTATAGGC	7	54671769	-	T	37
E00499:807:HJM5GCCX2:5:2207:22029:39862	ccnd1	AAGCCCCTACAG	TTATAGGC	7	54671770	-	T	41
E00499:807:HJM5GCCX2:5:2207:22029:39862	ccnd1	AAGCCCCTACAG	TTATAGGC	7	54671771	-	T	37
E00499:807:HJM5GCCX2:5:2207:22029:39862	ccnd1	AAGCCCCTACAG	TTATAGGC	7	54671772	-	T	37
E00499:807:HJM5GCCX2:5:2207:22029:39862	ccnd1	AAGCCCCTACAG	TTATAGGC	7	54671774	-	T	41
E00499:807:HJM5GCCX2:5:2207:22029:39862	ccnd1	AAGCCCCTACAG	TTATAGGC	7	54671779	-	T	32
E00499:807:HJM5GCCX2:5:2207:22029:39862	ccnd1	AAGCCCCTACAG	TTATAGGC	7	54671783	-	T	32
E00499:807:HJM5GCCX2:5:2207:22029:39862	ccnd1	AAGCCCCTACAG	TTATAGGC	7	54671791	-	T	37
E00499:807:HJM5GCCX2:5:2207:22029:39862	ccnd1	AAGCCCCTACAG	TTATAGGC	7	54671794	-	T	41
E00499:807:HJM5GCCX2:5:2207:22029:39862	ccnd1	AAGCCCCTACAG	TTATAGGC	7	54671798	-	T	41
E00499:807:HJM5GCCX2:5:2207:22029:39862	ccnd1	AAGCCCCTACAG	TTATAGGC	7	54671801	-	T	32
E00499:807:HJM5GCCX2:5:2207:22029:39862	ccnd1	AAGCCCCTACAG	TTATAGGC	7	54671802	-	T	37
E00499:807:HJM5GCCX2:5:2207:22029:39862	ccnd1	AAGCCCCTACAG	TTATAGGC	7	54671805	-	T	41
E00499:807:HJM5GCCX2:5:2207:22029:39862	ccnd1	AAGCCCCTACAG	TTATAGGC	7	54671813	-	T	41
E00499:807:HJM5GCCX2:5:2207:22029:39862	ccnd1	AAGCCCCTACAG	TTATAGGC	7	54671816	-	T	37
E00499:807:HJM5GCCX2:5:2207:22029:39862	ccnd1	AAGCCCCTACAG	TTATAGGC	7	54671818	-	T	41
E00499:807:HJM5GCCX2:5:2207:22029:39862	ccnd1	AAGCCCCTACAG	TTATAGGC	7	54671820	-	T	41
E00499:807:HJM5GCCX2:5:2207:22029:39862	ccnd1	AAGCCCCTACAG	TTATAGGC	7	54671822	-	T	41
E00499:807:HJM5GCCX2:5:2207:22029:39862	ccnd1	AAGCCCCTACAG	TTATAGGC	7	54671827	-	T	37
E00499:807:HJM5GCCX2:5:2207:22029:39862	ccnd1	AAGCCCCTACAG	TTATAGGC	7	54671833	-	T	32
E00499:807:HJM5GCCX2:5:2207:22029:39862	ccnd1	AAGCCCCTACAG	TTATAGGC	7	54671837	-	T	41
E00499:807:HJM5GCCX2:5:1115:24190:34113	ccnd1	AAGCCCCTACAG	AGTACCCA	7	54673019	-	T	41
E00499:807:HJM5GCCX2:5:1115:24190:34113	ccnd1	AAGCCCCTACAG	AGTACCCA	7	54673020	-	T	41
E00499:807:HJM5GCCX2:5:1115:24190:34113	ccnd1	AAGCCCCTACAG	AGTACCCA	7	54673021	-	T	41
E00499:807:HJM5GCCX2:5:1115:24190:34113	ccnd1	AAGCCCCTACAG	AGTACCCA	7	54673026	-	T	32
E00499:807:HJM5GCCX2:5:1115:24190:34113	ccnd1	AAGCCCCTACAG	AGTACCCA	7	54673028	-	T	41
E00499:807:HJM5GCCX2:5:1115:24190:34113	ccnd1	AAGCCCCTACAG	AGTACCCA	7	54673032	-	T	32
E00499:807:HJM5GCCX2:5:1115:24190:34113	ccnd1	AAGCCCCTACAG	AGTACCCA	7	54673035	-	T	41
E00499:807:HJM5GCCX2:5:1115:24190:34113	ccnd1	AAGCCCCTACAG	AGTACCCA	7	54673037	-	T	41
E00499:807:HJM5GCCX2:5:1115:24190:34113	ccnd1	AAGCCCCTACAG	AGTACCCA	7	54673038	-	T	41
E00499:807:HJM5GCCX2:5:1115:24190:34113	ccnd1	AAGCCCCTACAG	AGTACCCA	7	54673039	-	T	41
E00499:807:HJM5GCCX2:5:1115:24190:34113	ccnd1	AAGCCCCTACAG	AGTACCCA	7	54673041	-	T	41
E00499:807:HJM5GCCX2:5:1115:24190:34113	ccnd1	AAGCCCCTACAG	AGTACCCA	7	54673042	-	T	41
E00499:807:HJM5GCCX2:5:1115:24190:34113	ccnd1	AAGCCCCTACAG	AGTACCCA	7	54673043	-	T	41
E00499:807:HJM5GCCX2:5:1115:24190:34113	ccnd1	AAGCCCCTACAG	AGTACCCA	7	54673045	-	T	41
E00499:807:HJM5GCCX2:5:1115:24190:34113	ccnd1	AAGCCCCTACAG	AGTACCCA	7	54673048	-	T	41
E00499:807:HJM5GCCX2:5:1115:24190:34113	ccnd1	AAGCCCCTACAG	AGTACCCA	7	54673049	-	T	41
E00499:807:HJM5GCCX2:5:1115:24190:34113	ccnd1	AAGCCCCTACAG	AGTACCCA	7	54673051	-	T	41
E00499:807:HJM5GCCX2:5:1115:24190:34113	ccnd1	AAGCCCCTACAG	AGTACCCA	7	54673053	-	T	41
E00499:807:HJM5GCCX2:5:1115:24190:34113	ccnd1	AAGCCCCTACAG	AGTACCCA	7	54673057	-	T	41
E00499:807:HJM5GCCX2:5:1115:24190:34113	ccnd1	AAGCCCCTACAG	AGTACCCA	7	54673060	-	T	41
E00499:807:HJM5GCCX2:5:1115:24190:34113	ccnd1	AAGCCCCTACAG	AGTACCCA	7	54673062	-	T	41
E00499:807:HJM5GCCX2:5:1115:24190:34113	ccnd1	AAGCCCCTACAG	AGTACCCA	7	54673064	-	T	41
E00499:807:HJM5GCCX2:5:1115:24190:34113	ccnd1	AAGCCCCTACAG	AGTACCCA	7	54673067	-	T	41
E00499:807:HJM5GCCX2:5:1115:24190:34113	ccnd1	AAGCCCCTACAG	AGTACCCA	7	54673069	-	T	41
E00499:807:HJM5GCCX2:5:1115:24190:34113	ccnd1	AAGCCCCTACAG	AGTACCCA	7	54673072	-	T	41
E00499:807:HJM5GCCX2:5:1115:24190:34113	ccnd1	AAGCCCCTACAG	AGTACCCA	7	54673073	-	T	41
E00499:807:HJM5GCCX2:5:1115:24190:34113	ccnd1	AAGCCCCTACAG	AGTACCCA	7	54673075	-	T	41
E00499:807:HJM5GCCX2:5:1115:24190:34113	ccnd1	AAGCCCCTACAG	AGTACCCA	7	54673079	-	T	37
E00499:807:HJM5GCCX2:5:1115:24190:34113	ccnd1	AAGCCCCTACAG	AGTACCCA	7	54673087	-	T	41
E00499:807:HJM5GCCX2:5:1115:24190:34113	ccnd1	AAGCCCCTACAG	AGTACCCA	7	54673088	-	T	41
E00499:807:HJM5GCCX2:5:1115:24190:34113	ccnd1	AAGCCCCTACAG	AGTACCCA	7	54673089	-	T	41
E00499:807:HJM5GCCX2:5:1115:24190:34113	ccnd1	AAGCCCCTACAG	AGTACCCA	7	54673094	-	T	41
E00499:807:HJM5GCCX2:5:1115:24190:34113	ccnd1	AAGCCCCTACAG	AGTACCCA	7	54673095	-	T	41
E00499:807:HJM5GCCX2:5:1115:24190:34113	ccnd1	AAGCCCCTACAG	AGTACCCA	7	54673104	-	T	41
E00499:807:HJM5GCCX2:5:1115:24190:34113	ccnd1	AAGCCCCTACAG	AGTACCCA	7	54673115	-	T	41
E00499:807:HJM5GCCX2:5:1115:24190:34113	ccnd1	AAGCCCCTACAG	AGTACCCA	7	54673120	-	T	41
E00499:807:HJM5GCCX2:5:1115:24190:34113	ccnd1	AAGCCCCTACAG	AGTACCCA	7	54673121	-	T	41
E00499:807:HJM5GCCX2:5:1115:24190:34113	ccnd1	AAGCCCCTACAG	AGTACCCA	7	54673123	-	T	41
E00499:807:HJM5GCCX2:5:1115:24190:34113	ccnd1	AAGCCCCTACAG	AGTACCCA	7	54673125	-	T	41
E00499:807:HJM5GCCX2:5:1115:24190:34113	ccnd1	AAGCCCCTACAG	AGTACCCA	7	54673131	-	T	41
E00499:807:HJM5GCCX2:5:1115:24190:34113	ccnd1	AAGCCCCTACAG	AGTACCCA	7	54673143	-	T	41
E00499:807:HJM5GCCX2:5:1209:14894:64738	ccnd1	AAGCCCCTACAG	AGTACCCA	7	54673019	-	T	37
E00499:807:HJM5GCCX2:5:1209:14894:64738	ccnd1	AAGCCCCTACAG	AGTACCCA	7	54673021	-	T	32
E00499:807:HJM5GCCX2:5:1209:14894:64738	ccnd1	AAGCCCCTACAG	AGTACCCA	7	54673026	-	T	37
E00499:807:HJM5GCCX2:5:1209:14894:64738	ccnd1	AAGCCCCTACAG	AGTACCCA	7	54673028	-	T	37
E00499:807:HJM5GCCX2:5:1209:14894:64738	ccnd1	AAGCCCCTACAG	AGTACCCA	7	54673032	-	T	32
E00499:807:HJM5GCCX2:5:1209:14894:64738	ccnd1	AAGCCCCTACAG	AGTACCCA	7	54673035	-	T	41
E00499:807:HJM5GCCX2:5:1209:14894:64738	ccnd1	AAGCCCCTACAG	AGTACCCA	7	54673037	-	T	41
E00499:807:HJM5GCCX2:5:1209:14894:64738	ccnd1	AAGCCCCTACAG	AGTACCCA	7	54673038	-	T	41
E00499:807:HJM5GCCX2:5:1209:14894:64738	ccnd1	AAGCCCCTACAG	AGTACCCA	7	54673039	-	T	41
E00499:807:HJM5GCCX2:5:1209:14894:64738	ccnd1	AAGCCCCTACAG	AGTACCCA	7	54673041	-	T	41
E00499:807:HJM5GCCX2:5:1209:14894:64738	ccnd1	AAGCCCCTACAG	AGTACCCA	7	54673042	-	T	41
E00499:807:HJM5GCCX2:5:1209:14894:64738	ccnd1	AAGCCCCTACAG	AGTACCCA	7	54673043	-	T	41
E00499:807:HJM5GCCX2:5:1209:14894:64738	ccnd1	AAGCCCCTACAG	AGTACCCA	7	54673045	-	T	41
E00499:807:HJM5GCCX2:5:1209:14894:64738	ccnd1	AAGCCCCTACAG	AGTACCCA	7	54673048	-	T	41
E00499:807:HJM5GCCX2:5:1209:14894:64738	ccnd1	AAGCCCCTACAG	AGTACCCA	7	54673049	-	T	37
E00499:807:HJM5GCCX2:5:1209:14894:64738	ccnd1	AAGCCCCTACAG	AGTACCCA	7	54673051	-	T	41
E00499:807:HJM5GCCX2:5:1209:14894:64738	ccnd1	AAGCCCCTACAG	AGTACCCA	7	54673057	-	T	41
E00499:807:HJM5GCCX2:5:1209:14894:64738	ccnd1	AAGCCCCTACAG	AGTACCCA	7	54673060	-	T	41
E00499:807:HJM5GCCX2:5:1209:14894:64738	ccnd1	AAGCCCCTACAG	AGTACCCA	7	54673062	-	T	41
E00499:807:HJM5GCCX2:5:1209:14894:64738	ccnd1	AAGCCCCTACAG	AGTACCCA	7	54673064	-	T	41
E00499:807:HJM5GCCX2:5:1209:14894:64738	ccnd1	AAGCCCCTACAG	AGTACCCA	7	54673067	-	T	41
E00499:807:HJM5GCCX2:5:1209:14894:64738	ccnd1	AAGCCCCTACAG	AGTACCCA	7	54673069	-	T	41
E00499:807:HJM5GCCX2:5:1209:14894:64738	ccnd1	AAGCCCCTACAG	AGTACCCA	7	54673072	-	T	41
E00499:807:HJM5GCCX2:5:1209:14894:64738	ccnd1	AAGCCCCTACAG	AGTACCCA	7	54673073	-	T	41
E00499:807:HJM5GCCX2:5:1209:14894:64738	ccnd1	AAGCCCCTACAG	AGTACCCA	7	54673075	-	T	41
E00499:807:HJM5GCCX2:5:1209:14894:64738	ccnd1	AAGCCCCTACAG	AGTACCCA	7	54673079	-	T	41
E00499:807:HJM5GCCX2:5:1209:14894:64738	ccnd1	AAGCCCCTACAG	AGTACCCA	7	54673087	-	T	41
E00499:807:HJM5GCCX2:5:1209:14894:64738	ccnd1	AAGCCCCTACAG	AGTACCCA	7	54673088	-	T	41
E00499:807:HJM5GCCX2:5:1209:14894:64738	ccnd1	AAGCCCCTACAG	AGTACCCA	7	54673094	-	T	32
E00499:807:HJM5GCCX2:5:1209:14894:64738	ccnd1	AAGCCCCTACAG	AGTACCCA	7	54673104	-	T	41
E00499:807:HJM5GCCX2:5:1209:14894:64738	ccnd1	AAGCCCCTACAG	AGTACCCA	7	54673115	-	T	41
E00499:807:HJM5GCCX2:5:1209:14894:64738	ccnd1	AAGCCCCTACAG	AGTACCCA	7	54673120	-	T	41
E00499:807:HJM5GCCX2:5:1209:14894:64738	ccnd1	AAGCCCCTACAG	AGTACCCA	7	54673121	-	T	41
E00499:807:HJM5GCCX2:5:1209:14894:64738	ccnd1	AAGCCCCTACAG	AGTACCCA	7	54673123	-	T	41
E00499:807:HJM5GCCX2:5:1209:14894:64738	ccnd1	AAGCCCCTACAG	AGTACCCA	7	54673125	-	T	37
E00499:807:HJM5GCCX2:5:1209:14894:64738	ccnd1	AAGCCCCTACAG	AGTACCCA	7	54673131	-	T	37
E00499:807:HJM5GCCX2:5:1209:14894:64738	ccnd1	AAGCCCCTACAG	AGTACCCA	7	54673143	-	T	37
E00499:807:HJM5GCCX2:5:1218:28929:24427	ccnd1	AAGCCCCTACAG	AAGCGGTC	7	54673072	-	T	37
E00499:807:HJM5GCCX2:5:1218:28929:24427	ccnd1	AAGCCCCTACAG	AAGCGGTC	7	54673075	-	T	32
E00499:807:HJM5GCCX2:5:1218:28929:24427	ccnd1	AAGCCCCTACAG	AAGCGGTC	7	54673088	-	T	37
E00499:807:HJM5GCCX2:5:1218:28929:24427	ccnd1	AAGCCCCTACAG	AAGCGGTC	7	54673115	-	T	41
E00499:807:HJM5GCCX2:5:1218:28929:24427	ccnd1	AAGCCCCTACAG	AAGCGGTC	7	54673120	-	T	41
E00499:807:HJM5GCCX2:5:1218:28929:24427	ccnd1	AAGCCCCTACAG	AAGCGGTC	7	54673121	-	T	41
E00499:807:HJM5GCCX2:5:1218:28929:24427	ccnd1	AAGCCCCTACAG	AAGCGGTC	7	54673123	-	T	37
E00499:807:HJM5GCCX2:5:1218:28929:24427	ccnd1	AAGCCCCTACAG	AAGCGGTC	7	54673125	-	T	41
E00499:807:HJM5GCCX2:5:1218:28929:24427	ccnd1	AAGCCCCTACAG	AAGCGGTC	7	54673143	-	T	41
E00499:807:HJM5GCCX2:5:1218:28929:24427	ccnd1	AAGCCCCTACAG	AAGCGGTC	7	54673162	-	T	41
E00499:807:HJM5GCCX2:5:1218:28929:24427	ccnd1	AAGCCCCTACAG	AAGCGGTC	7	54673164	-	T	41
E00499:807:HJM5GCCX2:5:1218:28929:24427	ccnd1	AAGCCCCTACAG	AAGCGGTC	7	54673175	-	T	41
E00499:807:HJM5GCCX2:5:1218:28929:24427	ccnd1	AAGCCCCTACAG	AAGCGGTC	7	54673185	-	T	41
E00499:807:HJM5GCCX2:5:1218:28929:24427	ccnd1	AAGCCCCTACAG	AAGCGGTC	7	54673187	-	T	41
E00499:807:HJM5GCCX2:5:1218:28929:24427	ccnd1	AAGCCCCTACAG	AAGCGGTC	7	54673192	-	T	41
E00499:807:HJM5GCCX2:5:1218:28929:24427	ccnd1	AAGCCCCTACAG	AAGCGGTC	7	54673197	-	T	41
E00499:807:HJM5GCCX2:5:1218:28929:24427	ccnd1	AAGCCCCTACAG	AAGCGGTC	7	54673200	-	T	41
E00499:807:HJM5GCCX2:5:1218:28929:24427	ccnd1	AAGCCCCTACAG	AAGCGGTC	7	54673204	-	T	37
E00499:807:HJM5GCCX2:5:1218:28929:24427	ccnd1	AAGCCCCTACAG	AAGCGGTC	7	54673209	-	T	37
E00499:807:HJM5GCCX2:5:1220:5548:3225	ccnd1	AAGCCCCTACAG	AAGCGGTC	7	54673062	-	T	37
E00499:807:HJM5GCCX2:5:1220:5548:3225	ccnd1	AAGCCCCTACAG	AAGCGGTC	7	54673064	-	T	32
E00499:807:HJM5GCCX2:5:1220:5548:3225	ccnd1	AAGCCCCTACAG	AAGCGGTC	7	54673067	-	T	37
E00499:807:HJM5GCCX2:5:1220:5548:3225	ccnd1	AAGCCCCTACAG	AAGCGGTC	7	54673069	-	T	32
E00499:807:HJM5GCCX2:5:1220:5548:3225	ccnd1	AAGCCCCTACAG	AAGCGGTC	7	54673072	-	T	37
E00499:807:HJM5GCCX2:5:1220:5548:3225	ccnd1	AAGCCCCTACAG	AAGCGGTC	7	54673073	-	T	41
E00499:807:HJM5GCCX2:5:1220:5548:3225	ccnd1	AAGCCCCTACAG	AAGCGGTC	7	54673075	-	T	41
E00499:807:HJM5GCCX2:5:1220:5548:3225	ccnd1	AAGCCCCTACAG	AAGCGGTC	7	54673079	-	T	37
E00499:807:HJM5GCCX2:5:1220:5548:3225	ccnd1	AAGCCCCTACAG	AAGCGGTC	7	54673087	-	T	37
E00499:807:HJM5GCCX2:5:1220:5548:3225	ccnd1	AAGCCCCTACAG	AAGCGGTC	7	54673088	-	T	32
E00499:807:HJM5GCCX2:5:1220:5548:3225	ccnd1	AAGCCCCTACAG	AAGCGGTC	7	54673089	-	T	37
E00499:807:HJM5GCCX2:5:1220:5548:3225	ccnd1	AAGCCCCTACAG	AAGCGGTC	7	54673094	-	T	37
E00499:807:HJM5GCCX2:5:1220:5548:3225	ccnd1	AAGCCCCTACAG	AAGCGGTC	7	54673095	-	T	41
E00499:807:HJM5GCCX2:5:1220:5548:3225	ccnd1	AAGCCCCTACAG	AAGCGGTC	7	54673104	-	T	37
E00499:807:HJM5GCCX2:5:1220:5548:3225	ccnd1	AAGCCCCTACAG	AAGCGGTC	7	54673115	-	T	41
E00499:807:HJM5GCCX2:5:1220:5548:3225	ccnd1	AAGCCCCTACAG	AAGCGGTC	7	54673120	-	T	41
E00499:807:HJM5GCCX2:5:1220:5548:3225	ccnd1	AAGCCCCTACAG	AAGCGGTC	7	54673121	-	T	41
E00499:807:HJM5GCCX2:5:1220:5548:3225	ccnd1	AAGCCCCTACAG	AAGCGGTC	7	54673123	-	T	41
E00499:807:HJM5GCCX2:5:1220:5548:3225	ccnd1	AAGCCCCTACAG	AAGCGGTC	7	54673125	-	T	41
E00499:807:HJM5GCCX2:5:1220:5548:3225	ccnd1	AAGCCCCTACAG	AAGCGGTC	7	54673162	-	T	41
E00499:807:HJM5GCCX2:5:1220:5548:3225	ccnd1	AAGCCCCTACAG	AAGCGGTC	7	54673164	-	T	41
E00499:807:HJM5GCCX2:5:1220:5548:3225	ccnd1	AAGCCCCTACAG	AAGCGGTC	7	54673175	-	T	41
E00499:807:HJM5GCCX2:5:1220:5548:3225	ccnd1	AAGCCCCTACAG	AAGCGGTC	7	54673192	-	T	41
E00499:807:HJM5GCCX2:5:1220:5548:3225	ccnd1	AAGCCCCTACAG	AAGCGGTC	7	54673200	-	T	41
E00499:807:HJM5GCCX2:5:1220:5548:3225	ccnd1	AAGCCCCTACAG	AAGCGGTC	7	54673204	-	T	37
E00499:807:HJM5GCCX2:5:1220:5548:3225	ccnd1	AAGCCCCTACAG	AAGCGGTC	7	54673209	-	T	37
E00499:807:HJM5GCCX2:5:2224:10612:49162	ccnd1	AAGCCCCTACAG	AAGCGGTC	7	54673062	-	T	41
E00499:807:HJM5GCCX2:5:2224:10612:49162	ccnd1	AAGCCCCTACAG	AAGCGGTC	7	54673064	-	T	41
E00499:807:HJM5GCCX2:5:2224:10612:49162	ccnd1	AAGCCCCTACAG	AAGCGGTC	7	54673067	-	T	37
E00499:807:HJM5GCCX2:5:2224:10612:49162	ccnd1	AAGCCCCTACAG	AAGCGGTC	7	54673069	-	T	41
E00499:807:HJM5GCCX2:5:2224:10612:49162	ccnd1	AAGCCCCTACAG	AAGCGGTC	7	54673072	-	T	41
E00499:807:HJM5GCCX2:5:2224:10612:49162	ccnd1	AAGCCCCTACAG	AAGCGGTC	7	54673073	-	T	37
E00499:807:HJM5GCCX2:5:2224:10612:49162	ccnd1	AAGCCCCTACAG	AAGCGGTC	7	54673075	-	T	41
E00499:807:HJM5GCCX2:5:2224:10612:49162	ccnd1	AAGCCCCTACAG	AAGCGGTC	7	54673079	-	T	37
E00499:807:HJM5GCCX2:5:2224:10612:49162	ccnd1	AAGCCCCTACAG	AAGCGGTC	7	54673087	-	T	37
E00499:807:HJM5GCCX2:5:2224:10612:49162	ccnd1	AAGCCCCTACAG	AAGCGGTC	7	54673088	-	T	41
E00499:807:HJM5GCCX2:5:2224:10612:49162	ccnd1	AAGCCCCTACAG	AAGCGGTC	7	54673089	-	T	37
E00499:807:HJM5GCCX2:5:2224:10612:49162	ccnd1	AAGCCCCTACAG	AAGCGGTC	7	54673094	-	T	41
E00499:807:HJM5GCCX2:5:2224:10612:49162	ccnd1	AAGCCCCTACAG	AAGCGGTC	7	54673095	-	T	37
E00499:807:HJM5GCCX2:5:2224:10612:49162	ccnd1	AAGCCCCTACAG	AAGCGGTC	7	54673104	-	T	41
E00499:807:HJM5GCCX2:5:2224:10612:49162	ccnd1	AAGCCCCTACAG	AAGCGGTC	7	54673115	-	T	41
E00499:807:HJM5GCCX2:5:2224:10612:49162	ccnd1	AAGCCCCTACAG	AAGCGGTC	7	54673120	-	T	41
E00499:807:HJM5GCCX2:5:2224:10612:49162	ccnd1	AAGCCCCTACAG	AAGCGGTC	7	54673121	-	T	41
E00499:807:HJM5GCCX2:5:2224:10612:49162	ccnd1	AAGCCCCTACAG	AAGCGGTC	7	54673123	-	T	41
E00499:807:HJM5GCCX2:5:2224:10612:49162	ccnd1	AAGCCCCTACAG	AAGCGGTC	7	54673125	-	T	41
E00499:807:HJM5GCCX2:5:2224:10612:49162	ccnd1	AAGCCCCTACAG	AAGCGGTC	7	54673131	-	T	37
E00499:807:HJM5GCCX2:5:2224:10612:49162	ccnd1	AAGCCCCTACAG	AAGCGGTC	7	54673143	-	T	37
E00499:807:HJM5GCCX2:5:2224:10612:49162	ccnd1	AAGCCCCTACAG	AAGCGGTC	7	54673162	-	T	41
E00499:807:HJM5GCCX2:5:2224:10612:49162	ccnd1	AAGCCCCTACAG	AAGCGGTC	7	54673164	-	T	37
E00499:807:HJM5GCCX2:5:2224:10612:49162	ccnd1	AAGCCCCTACAG	AAGCGGTC	7	54673175	-	T	41
E00499:807:HJM5GCCX2:5:2224:10612:49162	ccnd1	AAGCCCCTACAG	AAGCGGTC	7	54673185	-	T	41
E00499:807:HJM5GCCX2:5:2224:10612:49162	ccnd1	AAGCCCCTACAG	AAGCGGTC	7	54673187	-	T	37
E00499:807:HJM5GCCX2:5:2224:10612:49162	ccnd1	AAGCCCCTACAG	AAGCGGTC	7	54673192	-	T	41
E00499:807:HJM5GCCX2:5:2224:10612:49162	ccnd1	AAGCCCCTACAG	AAGCGGTC	7	54673197	-	T	41
E00499:807:HJM5GCCX2:5:2224:10612:49162	ccnd1	AAGCCCCTACAG	AAGCGGTC	7	54673200	-	T	41
E00499:807:HJM5GCCX2:5:2224:10612:49162	ccnd1	AAGCCCCTACAG	AAGCGGTC	7	54673204	-	T	37
E00499:807:HJM5GCCX2:5:2224:10612:49162	ccnd1	AAGCCCCTACAG	AAGCGGTC	7	54673209	-	T	37
E00499:807:HJM5GCCX2:5:1213:25215:43730	ccnd1	AAGCCCCTACAG	TTGGAATG	7	54673773	-	T	37
E00499:807:HJM5GCCX2:5:1213:25215:43730	ccnd1	AAGCCCCTACAG	TTGGAATG	7	54673777	-	T	37
E00499:807:HJM5GCCX2:5:1213:25215:43730	ccnd1	AAGCCCCTACAG	TTGGAATG	7	54673778	-	T	41
E00499:807:HJM5GCCX2:5:1213:25215:43730	ccnd1	AAGCCCCTACAG	TTGGAATG	7	54673779	-	T	37
E00499:807:HJM5GCCX2:5:1213:25215:43730	ccnd1	AAGCCCCTACAG	TTGGAATG	7	54673798	-	T	32
E00499:807:HJM5GCCX2:5:1213:25215:43730	ccnd1	AAGCCCCTACAG	TTGGAATG	7	54673803	-	T	37
E00499:807:HJM5GCCX2:5:1213:25215:43730	ccnd1	AAGCCCCTACAG	TTGGAATG	7	54673806	-	T	32
E00499:807:HJM5GCCX2:5:1213:25215:43730	ccnd1	AAGCCCCTACAG	TTGGAATG	7	54673811	-	T	37
E00499:807:HJM5GCCX2:5:1213:25215:43730	ccnd1	AAGCCCCTACAG	TTGGAATG	7	54673812	-	T	32
E00499:807:HJM5GCCX2:5:1213:25215:43730	ccnd1	AAGCCCCTACAG	TTGGAATG	7	54673829	-	T	41
E00499:807:HJM5GCCX2:5:1213:25215:43730	ccnd1	AAGCCCCTACAG	TTGGAATG	7	54673830	-	T	32
E00499:807:HJM5GCCX2:5:1213:25215:43730	ccnd1	AAGCCCCTACAG	TTGGAATG	7	54673831	-	T	41
E00499:807:HJM5GCCX2:5:1213:25215:43730	ccnd1	AAGCCCCTACAG	TTGGAATG	7	54673835	-	T	32
E00499:807:HJM5GCCX2:5:1213:25215:43730	ccnd1	AAGCCCCTACAG	TTGGAATG	7	54673837	-	T	37
E00499:807:HJM5GCCX2:5:1213:25215:43730	ccnd1	AAGCCCCTACAG	TTGGAATG	7	54673841	-	T	41
E00499:807:HJM5GCCX2:5:1213:25215:43730	ccnd1	AAGCCCCTACAG	TTGGAATG	7	54673844	-	T	41
E00499:807:HJM5GCCX2:5:1213:25215:43730	ccnd1	AAGCCCCTACAG	TTGGAATG	7	54673846	-	T	32
E00499:807:HJM5GCCX2:5:1213:25215:43730	ccnd1	AAGCCCCTACAG	TTGGAATG	7	54673847	-	T	41
E00499:807:HJM5GCCX2:5:1213:25215:43730	ccnd1	AAGCCCCTACAG	TTGGAATG	7	54673849	-	T	37
E00499:807:HJM5GCCX2:5:1213:25215:43730	ccnd1	AAGCCCCTACAG	TTGGAATG	7	54673850	-	T	41
E00499:807:HJM5GCCX2:5:1213:25215:43730	ccnd1	AAGCCCCTACAG	TTGGAATG	7	54673858	-	T	41
E00499:807:HJM5GCCX2:5:1213:25215:43730	ccnd1	AAGCCCCTACAG	TTGGAATG	7	54673859	-	T	37
E00499:807:HJM5GCCX2:5:1213:25215:43730	ccnd1	AAGCCCCTACAG	TTGGAATG	7	54673860	-	T	32
E00499:807:HJM5GCCX2:5:1213:25215:43730	ccnd1	AAGCCCCTACAG	TTGGAATG	7	54673861	-	T	37
E00499:807:HJM5GCCX2:5:1213:25215:43730	ccnd1	AAGCCCCTACAG	TTGGAATG	7	54673871	-	C	37
E00499:807:HJM5GCCX2:5:1213:25215:43730	ccnd1	AAGCCCCTACAG	TTGGAATG	7	54673874	-	T	41
E00499:807:HJM5GCCX2:5:1213:25215:43730	ccnd1	AAGCCCCTACAG	TTGGAATG	7	54673878	-	T	41
E00499:807:HJM5GCCX2:5:1213:25215:43730	ccnd1	AAGCCCCTACAG	TTGGAATG	7	54673880	-	T	37
E00499:807:HJM5GCCX2:5:1213:25215:43730	ccnd1	AAGCCCCTACAG	TTGGAATG	7	54673881	-	T	32
E00499:807:HJM5GCCX2:5:1213:25215:43730	ccnd1	AAGCCCCTACAG	TTGGAATG	7	54673887	-	T	41
E00499:807:HJM5GCCX2:5:1213:25215:43730	ccnd1	AAGCCCCTACAG	TTGGAATG	7	54673889	-	T	41
E00499:807:HJM5GCCX2:5:1213:25215:43730	ccnd1	AAGCCCCTACAG	TTGGAATG	7	54673895	-	T	32
E00499:807:HJM5GCCX2:5:1213:25215:43730	ccnd1	AAGCCCCTACAG	TTGGAATG	7	54673898	-	T	37
E00499:807:HJM5GCCX2:5:1213:25215:43730	ccnd1	AAGCCCCTACAG	TTGGAATG	7	54673899	-	T	32
