E00499:817:HJTG3CCX2:8:2115:5720:60589	ccnd1	CCACTGGTTATT	GTAAATTG	7	54670081	-	T	32
E00499:817:HJTG3CCX2:8:2115:5720:60589	ccnd1	CCACTGGTTATT	GTAAATTG	7	54670091	-	C	32
E00499:817:HJTG3CCX2:8:2115:5720:60589	ccnd1	CCACTGGTTATT	GTAAATTG	7	54670103	-	T	41
E00499:817:HJTG3CCX2:8:2115:5720:60589	ccnd1	CCACTGGTTATT	GTAAATTG	7	54670107	-	T	32
E00499:817:HJTG3CCX2:8:2115:5720:60589	ccnd1	CCACTGGTTATT	GTAAATTG	7	54670110	-	T	32
E00499:817:HJTG3CCX2:8:1118:10084:16463	ccnd1	CCACTGGTTATT	TAAGCCAG	7	54670081	-	T	41
E00499:817:HJTG3CCX2:8:1118:10084:16463	ccnd1	CCACTGGTTATT	TAAGCCAG	7	54670085	-	T	41
E00499:817:HJTG3CCX2:8:1118:10084:16463	ccnd1	CCACTGGTTATT	TAAGCCAG	7	54670086	-	C	41
E00499:817:HJTG3CCX2:8:1118:10084:16463	ccnd1	CCACTGGTTATT	TAAGCCAG	7	54670091	-	T	41
E00499:817:HJTG3CCX2:8:1118:10084:16463	ccnd1	CCACTGGTTATT	TAAGCCAG	7	54670097	-	T	41
E00499:817:HJTG3CCX2:8:1118:10084:16463	ccnd1	CCACTGGTTATT	TAAGCCAG	7	54670098	-	T	41
E00499:817:HJTG3CCX2:8:1118:10084:16463	ccnd1	CCACTGGTTATT	TAAGCCAG	7	54670100	-	T	41
E00499:817:HJTG3CCX2:8:1118:10084:16463	ccnd1	CCACTGGTTATT	TAAGCCAG	7	54670103	-	T	41
E00499:817:HJTG3CCX2:8:1118:10084:16463	ccnd1	CCACTGGTTATT	TAAGCCAG	7	54670107	-	T	41
E00499:817:HJTG3CCX2:8:1118:10084:16463	ccnd1	CCACTGGTTATT	TAAGCCAG	7	54670110	-	T	41
E00499:817:HJTG3CCX2:8:1118:10084:16463	ccnd1	CCACTGGTTATT	TAAGCCAG	7	54670111	-	T	41
E00499:817:HJTG3CCX2:8:1118:10084:16463	ccnd1	CCACTGGTTATT	TAAGCCAG	7	54670113	-	C	41
E00499:817:HJTG3CCX2:8:1118:10084:16463	ccnd1	CCACTGGTTATT	TAAGCCAG	7	54670120	-	T	41
E00499:817:HJTG3CCX2:8:1118:10084:16463	ccnd1	CCACTGGTTATT	TAAGCCAG	7	54670125	-	T	41
E00499:817:HJTG3CCX2:8:1118:10084:16463	ccnd1	CCACTGGTTATT	TAAGCCAG	7	54670127	-	T	41
E00499:817:HJTG3CCX2:8:1118:10084:16463	ccnd1	CCACTGGTTATT	TAAGCCAG	7	54670130	-	T	41
E00499:817:HJTG3CCX2:8:1118:10084:16463	ccnd1	CCACTGGTTATT	TAAGCCAG	7	54670134	-	T	41
E00499:817:HJTG3CCX2:8:1118:10084:16463	ccnd1	CCACTGGTTATT	TAAGCCAG	7	54670145	-	T	37
E00499:817:HJTG3CCX2:8:1118:10084:16463	ccnd1	CCACTGGTTATT	TAAGCCAG	7	54670146	-	T	37
E00499:817:HJTG3CCX2:8:1118:10084:16463	ccnd1	CCACTGGTTATT	TAAGCCAG	7	54670148	-	T	41
E00499:817:HJTG3CCX2:8:1118:10084:16463	ccnd1	CCACTGGTTATT	TAAGCCAG	7	54670149	-	T	41
E00499:817:HJTG3CCX2:8:1118:10084:16463	ccnd1	CCACTGGTTATT	TAAGCCAG	7	54670151	-	T	41
E00499:817:HJTG3CCX2:8:1118:10084:16463	ccnd1	CCACTGGTTATT	TAAGCCAG	7	54670152	-	C	41
E00499:817:HJTG3CCX2:8:1118:10084:16463	ccnd1	CCACTGGTTATT	TAAGCCAG	7	54670153	-	T	41
E00499:817:HJTG3CCX2:8:1118:10084:16463	ccnd1	CCACTGGTTATT	TAAGCCAG	7	54670154	-	T	41
E00499:817:HJTG3CCX2:8:1118:10084:16463	ccnd1	CCACTGGTTATT	TAAGCCAG	7	54670155	-	T	41
E00499:817:HJTG3CCX2:8:1118:10084:16463	ccnd1	CCACTGGTTATT	TAAGCCAG	7	54670156	-	T	41
E00499:817:HJTG3CCX2:8:1118:10084:16463	ccnd1	CCACTGGTTATT	TAAGCCAG	7	54670158	-	T	41
E00499:817:HJTG3CCX2:8:1118:10084:16463	ccnd1	CCACTGGTTATT	TAAGCCAG	7	54670159	-	T	41
E00499:817:HJTG3CCX2:8:1118:10084:16463	ccnd1	CCACTGGTTATT	TAAGCCAG	7	54670160	-	T	41
E00499:817:HJTG3CCX2:8:1118:10084:16463	ccnd1	CCACTGGTTATT	TAAGCCAG	7	54670161	-	T	41
E00499:817:HJTG3CCX2:8:1118:10084:16463	ccnd1	CCACTGGTTATT	TAAGCCAG	7	54670163	-	C	41
E00499:817:HJTG3CCX2:8:1118:10084:16463	ccnd1	CCACTGGTTATT	TAAGCCAG	7	54670164	-	T	41
E00499:817:HJTG3CCX2:8:1118:10084:16463	ccnd1	CCACTGGTTATT	TAAGCCAG	7	54670165	-	T	41
E00499:817:HJTG3CCX2:8:1118:10084:16463	ccnd1	CCACTGGTTATT	TAAGCCAG	7	54670166	-	C	41
E00499:817:HJTG3CCX2:8:1118:10084:16463	ccnd1	CCACTGGTTATT	TAAGCCAG	7	54670167	-	T	41
E00499:817:HJTG3CCX2:8:1118:10084:16463	ccnd1	CCACTGGTTATT	TAAGCCAG	7	54670168	-	T	41
E00499:817:HJTG3CCX2:8:1118:10084:16463	ccnd1	CCACTGGTTATT	TAAGCCAG	7	54670169	-	T	41
E00499:817:HJTG3CCX2:8:1118:10084:16463	ccnd1	CCACTGGTTATT	TAAGCCAG	7	54670172	-	T	41
E00499:817:HJTG3CCX2:8:1118:10084:16463	ccnd1	CCACTGGTTATT	TAAGCCAG	7	54670173	-	T	41
E00499:817:HJTG3CCX2:8:1118:10084:16463	ccnd1	CCACTGGTTATT	TAAGCCAG	7	54670174	-	T	41
E00499:817:HJTG3CCX2:8:1118:10084:16463	ccnd1	CCACTGGTTATT	TAAGCCAG	7	54670177	-	C	41
E00499:817:HJTG3CCX2:8:1118:10084:16463	ccnd1	CCACTGGTTATT	TAAGCCAG	7	54670180	-	T	41
E00499:817:HJTG3CCX2:8:1118:10084:16463	ccnd1	CCACTGGTTATT	TAAGCCAG	7	54670182	-	C	41
E00499:817:HJTG3CCX2:8:1118:10084:16463	ccnd1	CCACTGGTTATT	TAAGCCAG	7	54670187	-	T	41
E00499:817:HJTG3CCX2:8:1118:10084:16463	ccnd1	CCACTGGTTATT	TAAGCCAG	7	54670192	-	T	41
E00499:817:HJTG3CCX2:8:1118:10084:16463	ccnd1	CCACTGGTTATT	TAAGCCAG	7	54670195	-	T	41
E00499:817:HJTG3CCX2:8:1118:10084:16463	ccnd1	CCACTGGTTATT	TAAGCCAG	7	54670198	-	T	41
E00499:817:HJTG3CCX2:8:1118:10084:16463	ccnd1	CCACTGGTTATT	TAAGCCAG	7	54670199	-	C	41
E00499:817:HJTG3CCX2:8:1118:10084:16463	ccnd1	CCACTGGTTATT	TAAGCCAG	7	54670201	-	T	41
E00499:817:HJTG3CCX2:8:1118:10084:16463	ccnd1	CCACTGGTTATT	TAAGCCAG	7	54670203	-	T	41
E00499:817:HJTG3CCX2:8:1118:10084:16463	ccnd1	CCACTGGTTATT	TAAGCCAG	7	54670207	-	T	41
E00499:817:HJTG3CCX2:8:1118:10084:16463	ccnd1	CCACTGGTTATT	TAAGCCAG	7	54670209	-	T	41
E00499:817:HJTG3CCX2:8:1118:10084:16463	ccnd1	CCACTGGTTATT	TAAGCCAG	7	54670218	-	T	41
E00499:817:HJTG3CCX2:8:1118:10084:16463	ccnd1	CCACTGGTTATT	TAAGCCAG	7	54670219	-	T	41
E00499:817:HJTG3CCX2:8:1118:10084:16463	ccnd1	CCACTGGTTATT	TAAGCCAG	7	54670222	-	T	41
E00499:817:HJTG3CCX2:8:1118:10084:16463	ccnd1	CCACTGGTTATT	TAAGCCAG	7	54670223	-	T	41
E00499:817:HJTG3CCX2:8:1118:10084:16463	ccnd1	CCACTGGTTATT	TAAGCCAG	7	54670225	-	T	37
E00499:817:HJTG3CCX2:8:1118:10084:16463	ccnd1	CCACTGGTTATT	TAAGCCAG	7	54670228	-	T	32
E00499:817:HJTG3CCX2:8:1119:6786:25060	ccnd1	CCACTGGTTATT	CAATTTAT	7	54670250	-	T	37
E00499:817:HJTG3CCX2:8:1119:6786:25060	ccnd1	CCACTGGTTATT	CAATTTAT	7	54670258	-	C	41
E00499:817:HJTG3CCX2:8:1119:6786:25060	ccnd1	CCACTGGTTATT	CAATTTAT	7	54670260	-	C	37
E00499:817:HJTG3CCX2:8:1119:6786:25060	ccnd1	CCACTGGTTATT	CAATTTAT	7	54670261	-	T	41
E00499:817:HJTG3CCX2:8:1119:6786:25060	ccnd1	CCACTGGTTATT	CAATTTAT	7	54670263	-	T	41
E00499:817:HJTG3CCX2:8:1119:6786:25060	ccnd1	CCACTGGTTATT	CAATTTAT	7	54670265	-	T	37
E00499:817:HJTG3CCX2:8:1119:6786:25060	ccnd1	CCACTGGTTATT	CAATTTAT	7	54670266	-	T	41
E00499:817:HJTG3CCX2:8:1119:6786:25060	ccnd1	CCACTGGTTATT	CAATTTAT	7	54670270	-	T	41
E00499:817:HJTG3CCX2:8:1119:6786:25060	ccnd1	CCACTGGTTATT	CAATTTAT	7	54670272	-	T	41
E00499:817:HJTG3CCX2:8:1119:6786:25060	ccnd1	CCACTGGTTATT	CAATTTAT	7	54670274	-	T	41
E00499:817:HJTG3CCX2:8:1119:6786:25060	ccnd1	CCACTGGTTATT	CAATTTAT	7	54670275	-	T	41
E00499:817:HJTG3CCX2:8:1119:6786:25060	ccnd1	CCACTGGTTATT	CAATTTAT	7	54670276	-	T	41
E00499:817:HJTG3CCX2:8:1119:6786:25060	ccnd1	CCACTGGTTATT	CAATTTAT	7	54670283	-	T	37
E00499:817:HJTG3CCX2:8:1119:6786:25060	ccnd1	CCACTGGTTATT	CAATTTAT	7	54670284	-	C	41
E00499:817:HJTG3CCX2:8:1119:6786:25060	ccnd1	CCACTGGTTATT	CAATTTAT	7	54670291	-	C	41
E00499:817:HJTG3CCX2:8:1119:6786:25060	ccnd1	CCACTGGTTATT	CAATTTAT	7	54670302	-	C	37
E00499:817:HJTG3CCX2:8:1119:6786:25060	ccnd1	CCACTGGTTATT	CAATTTAT	7	54670307	-	T	41
E00499:817:HJTG3CCX2:8:1119:6786:25060	ccnd1	CCACTGGTTATT	CAATTTAT	7	54670310	-	C	37
E00499:817:HJTG3CCX2:8:1119:6786:25060	ccnd1	CCACTGGTTATT	CAATTTAT	7	54670314	-	T	41
E00499:817:HJTG3CCX2:8:1119:6786:25060	ccnd1	CCACTGGTTATT	CAATTTAT	7	54670318	-	T	41
E00499:817:HJTG3CCX2:8:1119:6786:25060	ccnd1	CCACTGGTTATT	CAATTTAT	7	54670329	-	T	41
E00499:817:HJTG3CCX2:8:1119:6786:25060	ccnd1	CCACTGGTTATT	CAATTTAT	7	54670340	-	C	41
E00499:817:HJTG3CCX2:8:1119:6786:25060	ccnd1	CCACTGGTTATT	CAATTTAT	7	54670341	-	T	41
E00499:817:HJTG3CCX2:8:1119:6786:25060	ccnd1	CCACTGGTTATT	CAATTTAT	7	54670343	-	T	41
E00499:817:HJTG3CCX2:8:1119:6786:25060	ccnd1	CCACTGGTTATT	CAATTTAT	7	54670345	-	T	41
E00499:817:HJTG3CCX2:8:1119:6786:25060	ccnd1	CCACTGGTTATT	CAATTTAT	7	54670350	-	T	41
E00499:817:HJTG3CCX2:8:1119:6786:25060	ccnd1	CCACTGGTTATT	CAATTTAT	7	54670352	-	T	41
E00499:817:HJTG3CCX2:8:1119:6786:25060	ccnd1	CCACTGGTTATT	CAATTTAT	7	54670354	-	C	41
E00499:817:HJTG3CCX2:8:1119:6786:25060	ccnd1	CCACTGGTTATT	CAATTTAT	7	54670355	-	T	41
E00499:817:HJTG3CCX2:8:1119:6786:25060	ccnd1	CCACTGGTTATT	CAATTTAT	7	54670357	-	T	41
E00499:817:HJTG3CCX2:8:1119:6786:25060	ccnd1	CCACTGGTTATT	CAATTTAT	7	54670373	-	T	37
E00499:817:HJTG3CCX2:8:2109:9435:33656	ccnd1	CCACTGGTTATT	CGTTAGGG	7	54670307	-	C	41
E00499:817:HJTG3CCX2:8:2109:9435:33656	ccnd1	CCACTGGTTATT	CGTTAGGG	7	54670310	-	T	37
E00499:817:HJTG3CCX2:8:2109:9435:33656	ccnd1	CCACTGGTTATT	CGTTAGGG	7	54670312	-	T	41
E00499:817:HJTG3CCX2:8:2109:9435:33656	ccnd1	CCACTGGTTATT	CGTTAGGG	7	54670314	-	T	41
E00499:817:HJTG3CCX2:8:2109:9435:33656	ccnd1	CCACTGGTTATT	CGTTAGGG	7	54670318	-	C	37
E00499:817:HJTG3CCX2:8:2109:9435:33656	ccnd1	CCACTGGTTATT	CGTTAGGG	7	54670329	-	T	37
E00499:817:HJTG3CCX2:8:2109:9435:33656	ccnd1	CCACTGGTTATT	CGTTAGGG	7	54670340	-	T	41
E00499:817:HJTG3CCX2:8:2109:9435:33656	ccnd1	CCACTGGTTATT	CGTTAGGG	7	54670341	-	T	37
E00499:817:HJTG3CCX2:8:2109:9435:33656	ccnd1	CCACTGGTTATT	CGTTAGGG	7	54670343	-	C	41
E00499:817:HJTG3CCX2:8:2109:9435:33656	ccnd1	CCACTGGTTATT	CGTTAGGG	7	54670345	-	T	32
E00499:817:HJTG3CCX2:8:2109:9435:33656	ccnd1	CCACTGGTTATT	CGTTAGGG	7	54670349	-	T	37
E00499:817:HJTG3CCX2:8:2109:9435:33656	ccnd1	CCACTGGTTATT	CGTTAGGG	7	54670350	-	T	41
E00499:817:HJTG3CCX2:8:2109:9435:33656	ccnd1	CCACTGGTTATT	CGTTAGGG	7	54670352	-	T	41
E00499:817:HJTG3CCX2:8:2109:9435:33656	ccnd1	CCACTGGTTATT	CGTTAGGG	7	54670354	-	C	41
E00499:817:HJTG3CCX2:8:2109:9435:33656	ccnd1	CCACTGGTTATT	CGTTAGGG	7	54670355	-	T	41
E00499:817:HJTG3CCX2:8:2109:9435:33656	ccnd1	CCACTGGTTATT	CGTTAGGG	7	54670356	-	T	41
E00499:817:HJTG3CCX2:8:2109:9435:33656	ccnd1	CCACTGGTTATT	CGTTAGGG	7	54670357	-	T	41
E00499:817:HJTG3CCX2:8:2109:9435:33656	ccnd1	CCACTGGTTATT	CGTTAGGG	7	54670388	-	T	41
E00499:817:HJTG3CCX2:8:2109:9435:33656	ccnd1	CCACTGGTTATT	CGTTAGGG	7	54670393	-	T	41
E00499:817:HJTG3CCX2:8:2109:9435:33656	ccnd1	CCACTGGTTATT	CGTTAGGG	7	54670396	-	T	41
E00499:817:HJTG3CCX2:8:2109:9435:33656	ccnd1	CCACTGGTTATT	CGTTAGGG	7	54670408	-	T	41
E00499:817:HJTG3CCX2:8:2109:9435:33656	ccnd1	CCACTGGTTATT	CGTTAGGG	7	54670410	-	T	41
E00499:817:HJTG3CCX2:8:2109:9435:33656	ccnd1	CCACTGGTTATT	CGTTAGGG	7	54670416	-	C	41
E00499:817:HJTG3CCX2:8:2109:9435:33656	ccnd1	CCACTGGTTATT	CGTTAGGG	7	54670420	-	T	41
E00499:817:HJTG3CCX2:8:2109:9435:33656	ccnd1	CCACTGGTTATT	CGTTAGGG	7	54670426	-	T	41
E00499:817:HJTG3CCX2:8:2109:9435:33656	ccnd1	CCACTGGTTATT	CGTTAGGG	7	54670446	-	T	41
E00499:817:HJTG3CCX2:8:2109:9435:33656	ccnd1	CCACTGGTTATT	CGTTAGGG	7	54670450	-	C	37
E00499:817:HJTG3CCX2:8:2109:9435:33656	ccnd1	CCACTGGTTATT	CGTTAGGG	7	54670451	-	T	37
E00499:817:HJTG3CCX2:8:2109:9435:33656	ccnd1	CCACTGGTTATT	CGTTAGGG	7	54670452	-	T	32
E00499:817:HJTG3CCX2:8:2109:9435:33656	ccnd1	CCACTGGTTATT	CGTTAGGG	7	54670453	-	T	32
E00499:817:HJTG3CCX2:8:2120:12317:63929	ccnd1	CCACTGGTTATT	TAAGCCAG	7	54670310	-	T	37
E00499:817:HJTG3CCX2:8:2120:12317:63929	ccnd1	CCACTGGTTATT	TAAGCCAG	7	54670312	-	T	37
E00499:817:HJTG3CCX2:8:2120:12317:63929	ccnd1	CCACTGGTTATT	TAAGCCAG	7	54670314	-	T	37
E00499:817:HJTG3CCX2:8:2120:12317:63929	ccnd1	CCACTGGTTATT	TAAGCCAG	7	54670318	-	T	32
E00499:817:HJTG3CCX2:8:2120:12317:63929	ccnd1	CCACTGGTTATT	TAAGCCAG	7	54670329	-	T	37
E00499:817:HJTG3CCX2:8:2120:12317:63929	ccnd1	CCACTGGTTATT	TAAGCCAG	7	54670340	-	T	41
E00499:817:HJTG3CCX2:8:2120:12317:63929	ccnd1	CCACTGGTTATT	TAAGCCAG	7	54670341	-	T	41
E00499:817:HJTG3CCX2:8:2120:12317:63929	ccnd1	CCACTGGTTATT	TAAGCCAG	7	54670343	-	T	37
E00499:817:HJTG3CCX2:8:2120:12317:63929	ccnd1	CCACTGGTTATT	TAAGCCAG	7	54670349	-	T	37
E00499:817:HJTG3CCX2:8:2120:12317:63929	ccnd1	CCACTGGTTATT	TAAGCCAG	7	54670350	-	T	41
E00499:817:HJTG3CCX2:8:2120:12317:63929	ccnd1	CCACTGGTTATT	TAAGCCAG	7	54670352	-	T	32
E00499:817:HJTG3CCX2:8:2120:12317:63929	ccnd1	CCACTGGTTATT	TAAGCCAG	7	54670356	-	T	37
E00499:817:HJTG3CCX2:8:2120:12317:63929	ccnd1	CCACTGGTTATT	TAAGCCAG	7	54670365	-	T	41
E00499:817:HJTG3CCX2:8:2120:12317:63929	ccnd1	CCACTGGTTATT	TAAGCCAG	7	54670388	-	C	37
E00499:817:HJTG3CCX2:8:2120:12317:63929	ccnd1	CCACTGGTTATT	TAAGCCAG	7	54670393	-	C	32
E00499:817:HJTG3CCX2:8:2120:12317:63929	ccnd1	CCACTGGTTATT	TAAGCCAG	7	54670396	-	T	41
E00499:817:HJTG3CCX2:8:2120:12317:63929	ccnd1	CCACTGGTTATT	TAAGCCAG	7	54670398	-	T	37
E00499:817:HJTG3CCX2:8:2120:12317:63929	ccnd1	CCACTGGTTATT	TAAGCCAG	7	54670416	-	T	32
E00499:817:HJTG3CCX2:8:2120:12317:63929	ccnd1	CCACTGGTTATT	TAAGCCAG	7	54670420	-	T	37
E00499:817:HJTG3CCX2:8:2120:12317:63929	ccnd1	CCACTGGTTATT	TAAGCCAG	7	54670446	-	T	32
E00499:817:HJTG3CCX2:8:2120:12317:63929	ccnd1	CCACTGGTTATT	TAAGCCAG	7	54670450	-	C	41
E00499:817:HJTG3CCX2:8:2120:12317:63929	ccnd1	CCACTGGTTATT	TAAGCCAG	7	54670451	-	C	41
E00499:817:HJTG3CCX2:8:2120:12317:63929	ccnd1	CCACTGGTTATT	TAAGCCAG	7	54670452	-	T	41
E00499:817:HJTG3CCX2:8:2120:12317:63929	ccnd1	CCACTGGTTATT	TAAGCCAG	7	54670453	-	C	41
E00499:817:HJTG3CCX2:8:2120:12317:63929	ccnd1	CCACTGGTTATT	TAAGCCAG	7	54670454	-	C	41
E00499:817:HJTG3CCX2:8:2120:12317:63929	ccnd1	CCACTGGTTATT	TAAGCCAG	7	54670455	-	T	37
E00499:817:HJTG3CCX2:8:2120:12317:63929	ccnd1	CCACTGGTTATT	TAAGCCAG	7	54670456	-	T	37
E00499:817:HJTG3CCX2:8:2120:12317:63929	ccnd1	CCACTGGTTATT	TAAGCCAG	7	54670459	-	T	32
E00499:817:HJTG3CCX2:8:2212:28290:22018	ccnd1	CCACTGGTTATT	AACTTAGA	7	54670446	-	T	41
E00499:817:HJTG3CCX2:8:2212:28290:22018	ccnd1	CCACTGGTTATT	AACTTAGA	7	54670450	-	T	41
E00499:817:HJTG3CCX2:8:2212:28290:22018	ccnd1	CCACTGGTTATT	AACTTAGA	7	54670451	-	T	41
E00499:817:HJTG3CCX2:8:2212:28290:22018	ccnd1	CCACTGGTTATT	AACTTAGA	7	54670452	-	T	41
E00499:817:HJTG3CCX2:8:2212:28290:22018	ccnd1	CCACTGGTTATT	AACTTAGA	7	54670453	-	T	32
E00499:817:HJTG3CCX2:8:2212:28290:22018	ccnd1	CCACTGGTTATT	AACTTAGA	7	54670454	-	T	32
E00499:817:HJTG3CCX2:8:2212:28290:22018	ccnd1	CCACTGGTTATT	AACTTAGA	7	54670455	-	T	37
E00499:817:HJTG3CCX2:8:2212:28290:22018	ccnd1	CCACTGGTTATT	AACTTAGA	7	54670456	-	T	32
E00499:817:HJTG3CCX2:8:2212:28290:22018	ccnd1	CCACTGGTTATT	AACTTAGA	7	54670466	-	T	37
E00499:817:HJTG3CCX2:8:2212:28290:22018	ccnd1	CCACTGGTTATT	AACTTAGA	7	54670468	-	T	41
E00499:817:HJTG3CCX2:8:2212:28290:22018	ccnd1	CCACTGGTTATT	AACTTAGA	7	54670471	-	T	32
E00499:817:HJTG3CCX2:8:2212:28290:22018	ccnd1	CCACTGGTTATT	AACTTAGA	7	54670475	-	C	37
E00499:817:HJTG3CCX2:8:2212:28290:22018	ccnd1	CCACTGGTTATT	AACTTAGA	7	54670478	-	T	32
E00499:817:HJTG3CCX2:8:2212:28290:22018	ccnd1	CCACTGGTTATT	AACTTAGA	7	54670480	-	C	32
E00499:817:HJTG3CCX2:8:2212:28290:22018	ccnd1	CCACTGGTTATT	AACTTAGA	7	54670481	-	C	37
E00499:817:HJTG3CCX2:8:2212:28290:22018	ccnd1	CCACTGGTTATT	AACTTAGA	7	54670483	-	T	37
E00499:817:HJTG3CCX2:8:2212:28290:22018	ccnd1	CCACTGGTTATT	AACTTAGA	7	54670485	-	T	37
E00499:817:HJTG3CCX2:8:2212:28290:22018	ccnd1	CCACTGGTTATT	AACTTAGA	7	54670519	-	T	32
E00499:817:HJTG3CCX2:8:2212:28290:22018	ccnd1	CCACTGGTTATT	AACTTAGA	7	54670522	-	T	32
E00499:817:HJTG3CCX2:8:2212:28290:22018	ccnd1	CCACTGGTTATT	AACTTAGA	7	54670528	-	T	32
E00499:817:HJTG3CCX2:8:2212:28290:22018	ccnd1	CCACTGGTTATT	AACTTAGA	7	54670533	-	T	41
E00499:817:HJTG3CCX2:8:2212:28290:22018	ccnd1	CCACTGGTTATT	AACTTAGA	7	54670536	-	T	41
E00499:817:HJTG3CCX2:8:2212:28290:22018	ccnd1	CCACTGGTTATT	AACTTAGA	7	54670541	-	T	37
E00499:817:HJTG3CCX2:8:2212:28290:22018	ccnd1	CCACTGGTTATT	AACTTAGA	7	54670550	-	T	37
E00499:817:HJTG3CCX2:8:2212:28290:22018	ccnd1	CCACTGGTTATT	AACTTAGA	7	54670553	-	T	41
E00499:817:HJTG3CCX2:8:2212:28290:22018	ccnd1	CCACTGGTTATT	AACTTAGA	7	54670554	-	T	41
E00499:817:HJTG3CCX2:8:2212:28290:22018	ccnd1	CCACTGGTTATT	AACTTAGA	7	54670555	-	T	41
E00499:817:HJTG3CCX2:8:2212:28290:22018	ccnd1	CCACTGGTTATT	AACTTAGA	7	54670558	-	T	41
E00499:817:HJTG3CCX2:8:2212:28290:22018	ccnd1	CCACTGGTTATT	AACTTAGA	7	54670564	-	T	37
E00499:817:HJTG3CCX2:8:2212:28290:22018	ccnd1	CCACTGGTTATT	AACTTAGA	7	54670566	-	T	41
E00499:817:HJTG3CCX2:8:2212:28290:22018	ccnd1	CCACTGGTTATT	AACTTAGA	7	54670570	-	C	41
E00499:817:HJTG3CCX2:8:2212:28290:22018	ccnd1	CCACTGGTTATT	AACTTAGA	7	54670571	-	T	41
E00499:817:HJTG3CCX2:8:2212:28290:22018	ccnd1	CCACTGGTTATT	AACTTAGA	7	54670575	-	T	41
E00499:817:HJTG3CCX2:8:2212:28290:22018	ccnd1	CCACTGGTTATT	AACTTAGA	7	54670579	-	T	41
E00499:817:HJTG3CCX2:8:2212:28290:22018	ccnd1	CCACTGGTTATT	AACTTAGA	7	54670586	-	T	37
E00499:817:HJTG3CCX2:8:2212:28290:22018	ccnd1	CCACTGGTTATT	AACTTAGA	7	54670589	-	T	32
E00499:817:HJTG3CCX2:8:2222:6289:27995	ccnd1	CCACTGGTTATT	AACTTAGA	7	54670446	-	T	41
E00499:817:HJTG3CCX2:8:2222:6289:27995	ccnd1	CCACTGGTTATT	AACTTAGA	7	54670450	-	T	41
E00499:817:HJTG3CCX2:8:2222:6289:27995	ccnd1	CCACTGGTTATT	AACTTAGA	7	54670451	-	T	41
E00499:817:HJTG3CCX2:8:2222:6289:27995	ccnd1	CCACTGGTTATT	AACTTAGA	7	54670452	-	T	41
E00499:817:HJTG3CCX2:8:2222:6289:27995	ccnd1	CCACTGGTTATT	AACTTAGA	7	54670453	-	T	41
E00499:817:HJTG3CCX2:8:2222:6289:27995	ccnd1	CCACTGGTTATT	AACTTAGA	7	54670454	-	T	41
E00499:817:HJTG3CCX2:8:2222:6289:27995	ccnd1	CCACTGGTTATT	AACTTAGA	7	54670455	-	T	41
E00499:817:HJTG3CCX2:8:2222:6289:27995	ccnd1	CCACTGGTTATT	AACTTAGA	7	54670456	-	T	37
E00499:817:HJTG3CCX2:8:2222:6289:27995	ccnd1	CCACTGGTTATT	AACTTAGA	7	54670459	-	T	32
E00499:817:HJTG3CCX2:8:2222:6289:27995	ccnd1	CCACTGGTTATT	AACTTAGA	7	54670466	-	T	41
E00499:817:HJTG3CCX2:8:2222:6289:27995	ccnd1	CCACTGGTTATT	AACTTAGA	7	54670468	-	T	41
E00499:817:HJTG3CCX2:8:2222:6289:27995	ccnd1	CCACTGGTTATT	AACTTAGA	7	54670471	-	T	41
E00499:817:HJTG3CCX2:8:2222:6289:27995	ccnd1	CCACTGGTTATT	AACTTAGA	7	54670473	-	T	41
E00499:817:HJTG3CCX2:8:2222:6289:27995	ccnd1	CCACTGGTTATT	AACTTAGA	7	54670475	-	C	41
E00499:817:HJTG3CCX2:8:2222:6289:27995	ccnd1	CCACTGGTTATT	AACTTAGA	7	54670478	-	T	41
E00499:817:HJTG3CCX2:8:2222:6289:27995	ccnd1	CCACTGGTTATT	AACTTAGA	7	54670480	-	C	41
E00499:817:HJTG3CCX2:8:2222:6289:27995	ccnd1	CCACTGGTTATT	AACTTAGA	7	54670481	-	C	41
E00499:817:HJTG3CCX2:8:2222:6289:27995	ccnd1	CCACTGGTTATT	AACTTAGA	7	54670483	-	T	41
E00499:817:HJTG3CCX2:8:2222:6289:27995	ccnd1	CCACTGGTTATT	AACTTAGA	7	54670485	-	T	41
E00499:817:HJTG3CCX2:8:2222:6289:27995	ccnd1	CCACTGGTTATT	AACTTAGA	7	54670506	-	T	37
E00499:817:HJTG3CCX2:8:2222:6289:27995	ccnd1	CCACTGGTTATT	AACTTAGA	7	54670519	-	T	41
E00499:817:HJTG3CCX2:8:2222:6289:27995	ccnd1	CCACTGGTTATT	AACTTAGA	7	54670522	-	T	41
E00499:817:HJTG3CCX2:8:2222:6289:27995	ccnd1	CCACTGGTTATT	AACTTAGA	7	54670528	-	T	41
E00499:817:HJTG3CCX2:8:2222:6289:27995	ccnd1	CCACTGGTTATT	AACTTAGA	7	54670533	-	T	41
E00499:817:HJTG3CCX2:8:2222:6289:27995	ccnd1	CCACTGGTTATT	AACTTAGA	7	54670536	-	T	41
E00499:817:HJTG3CCX2:8:2222:6289:27995	ccnd1	CCACTGGTTATT	AACTTAGA	7	54670541	-	T	41
E00499:817:HJTG3CCX2:8:2222:6289:27995	ccnd1	CCACTGGTTATT	AACTTAGA	7	54670550	-	T	37
E00499:817:HJTG3CCX2:8:2222:6289:27995	ccnd1	CCACTGGTTATT	AACTTAGA	7	54670553	-	T	41
E00499:817:HJTG3CCX2:8:2222:6289:27995	ccnd1	CCACTGGTTATT	AACTTAGA	7	54670554	-	T	41
E00499:817:HJTG3CCX2:8:2222:6289:27995	ccnd1	CCACTGGTTATT	AACTTAGA	7	54670555	-	T	41
E00499:817:HJTG3CCX2:8:2222:6289:27995	ccnd1	CCACTGGTTATT	AACTTAGA	7	54670558	-	T	41
E00499:817:HJTG3CCX2:8:2222:6289:27995	ccnd1	CCACTGGTTATT	AACTTAGA	7	54670564	-	T	37
E00499:817:HJTG3CCX2:8:2222:6289:27995	ccnd1	CCACTGGTTATT	AACTTAGA	7	54670566	-	T	41
E00499:817:HJTG3CCX2:8:2222:6289:27995	ccnd1	CCACTGGTTATT	AACTTAGA	7	54670570	-	C	41
E00499:817:HJTG3CCX2:8:2222:6289:27995	ccnd1	CCACTGGTTATT	AACTTAGA	7	54670571	-	T	41
E00499:817:HJTG3CCX2:8:2222:6289:27995	ccnd1	CCACTGGTTATT	AACTTAGA	7	54670575	-	T	41
E00499:817:HJTG3CCX2:8:2222:6289:27995	ccnd1	CCACTGGTTATT	AACTTAGA	7	54670576	-	T	41
E00499:817:HJTG3CCX2:8:2222:6289:27995	ccnd1	CCACTGGTTATT	AACTTAGA	7	54670577	-	T	41
E00499:817:HJTG3CCX2:8:2222:6289:27995	ccnd1	CCACTGGTTATT	AACTTAGA	7	54670579	-	T	41
E00499:817:HJTG3CCX2:8:2222:6289:27995	ccnd1	CCACTGGTTATT	AACTTAGA	7	54670583	-	T	41
E00499:817:HJTG3CCX2:8:2222:6289:27995	ccnd1	CCACTGGTTATT	AACTTAGA	7	54670586	-	T	41
E00499:817:HJTG3CCX2:8:2222:6289:27995	ccnd1	CCACTGGTTATT	AACTTAGA	7	54670589	-	T	37
E00499:817:HJTG3CCX2:8:2222:6289:27995	ccnd1	CCACTGGTTATT	AACTTAGA	7	54670592	-	T	32
E00499:817:HJTG3CCX2:8:2103:16549:9413	ccnd1	CCACTGGTTATT	AACTTAGA	7	54670519	-	T	41
E00499:817:HJTG3CCX2:8:2103:16549:9413	ccnd1	CCACTGGTTATT	AACTTAGA	7	54670553	-	T	37
E00499:817:HJTG3CCX2:8:2103:16549:9413	ccnd1	CCACTGGTTATT	AACTTAGA	7	54670554	-	T	41
E00499:817:HJTG3CCX2:8:2103:16549:9413	ccnd1	CCACTGGTTATT	AACTTAGA	7	54670555	-	T	41
E00499:817:HJTG3CCX2:8:2103:16549:9413	ccnd1	CCACTGGTTATT	AACTTAGA	7	54670558	-	T	37
E00499:817:HJTG3CCX2:8:2103:16549:9413	ccnd1	CCACTGGTTATT	AACTTAGA	7	54670564	-	T	37
E00499:817:HJTG3CCX2:8:2103:16549:9413	ccnd1	CCACTGGTTATT	AACTTAGA	7	54670570	-	C	41
E00499:817:HJTG3CCX2:8:2103:16549:9413	ccnd1	CCACTGGTTATT	AACTTAGA	7	54670571	-	T	32
E00499:817:HJTG3CCX2:8:2103:16549:9413	ccnd1	CCACTGGTTATT	AACTTAGA	7	54670575	-	T	41
E00499:817:HJTG3CCX2:8:2103:16549:9413	ccnd1	CCACTGGTTATT	AACTTAGA	7	54670576	-	T	41
E00499:817:HJTG3CCX2:8:2103:16549:9413	ccnd1	CCACTGGTTATT	AACTTAGA	7	54670577	-	T	41
E00499:817:HJTG3CCX2:8:2103:16549:9413	ccnd1	CCACTGGTTATT	AACTTAGA	7	54670579	-	T	41
E00499:817:HJTG3CCX2:8:2103:16549:9413	ccnd1	CCACTGGTTATT	AACTTAGA	7	54670583	-	T	41
E00499:817:HJTG3CCX2:8:2103:16549:9413	ccnd1	CCACTGGTTATT	AACTTAGA	7	54670586	-	T	41
E00499:817:HJTG3CCX2:8:2103:16549:9413	ccnd1	CCACTGGTTATT	AACTTAGA	7	54670589	-	T	37
E00499:817:HJTG3CCX2:8:2103:16549:9413	ccnd1	CCACTGGTTATT	AACTTAGA	7	54670592	-	T	41
E00499:817:HJTG3CCX2:8:2103:16549:9413	ccnd1	CCACTGGTTATT	AACTTAGA	7	54670597	-	T	41
E00499:817:HJTG3CCX2:8:2103:16549:9413	ccnd1	CCACTGGTTATT	AACTTAGA	7	54670598	-	T	37
E00499:817:HJTG3CCX2:8:2103:16549:9413	ccnd1	CCACTGGTTATT	AACTTAGA	7	54670604	-	C	41
E00499:817:HJTG3CCX2:8:2103:16549:9413	ccnd1	CCACTGGTTATT	AACTTAGA	7	54670605	-	T	41
E00499:817:HJTG3CCX2:8:2103:16549:9413	ccnd1	CCACTGGTTATT	AACTTAGA	7	54670610	-	T	32
E00499:817:HJTG3CCX2:8:2103:16549:9413	ccnd1	CCACTGGTTATT	AACTTAGA	7	54670613	-	T	32
E00499:817:HJTG3CCX2:8:2103:16549:9413	ccnd1	CCACTGGTTATT	AACTTAGA	7	54670617	-	C	41
E00499:817:HJTG3CCX2:8:2103:16549:9413	ccnd1	CCACTGGTTATT	AACTTAGA	7	54670618	-	T	41
E00499:817:HJTG3CCX2:8:2103:16549:9413	ccnd1	CCACTGGTTATT	AACTTAGA	7	54670621	-	T	37
E00499:817:HJTG3CCX2:8:2103:16549:9413	ccnd1	CCACTGGTTATT	AACTTAGA	7	54670622	-	T	32
E00499:817:HJTG3CCX2:8:2103:16549:9413	ccnd1	CCACTGGTTATT	AACTTAGA	7	54670624	-	T	32
E00499:817:HJTG3CCX2:8:2115:21917:65828	ccnd1	CCACTGGTTATT	AAGGGTCC	7	54670729	-	T	41
E00499:817:HJTG3CCX2:8:2115:21917:65828	ccnd1	CCACTGGTTATT	AAGGGTCC	7	54670738	-	T	41
E00499:817:HJTG3CCX2:8:2115:21917:65828	ccnd1	CCACTGGTTATT	AAGGGTCC	7	54670740	-	T	41
E00499:817:HJTG3CCX2:8:2115:21917:65828	ccnd1	CCACTGGTTATT	AAGGGTCC	7	54670744	-	T	41
E00499:817:HJTG3CCX2:8:2115:21917:65828	ccnd1	CCACTGGTTATT	AAGGGTCC	7	54670747	-	T	41
E00499:817:HJTG3CCX2:8:2115:21917:65828	ccnd1	CCACTGGTTATT	AAGGGTCC	7	54670748	-	C	41
E00499:817:HJTG3CCX2:8:2115:21917:65828	ccnd1	CCACTGGTTATT	AAGGGTCC	7	54670750	-	T	41
E00499:817:HJTG3CCX2:8:2115:21917:65828	ccnd1	CCACTGGTTATT	AAGGGTCC	7	54670752	-	T	41
E00499:817:HJTG3CCX2:8:2115:21917:65828	ccnd1	CCACTGGTTATT	AAGGGTCC	7	54670753	-	T	41
E00499:817:HJTG3CCX2:8:2115:21917:65828	ccnd1	CCACTGGTTATT	AAGGGTCC	7	54670756	-	T	41
E00499:817:HJTG3CCX2:8:2115:21917:65828	ccnd1	CCACTGGTTATT	AAGGGTCC	7	54670767	-	C	41
E00499:817:HJTG3CCX2:8:2115:21917:65828	ccnd1	CCACTGGTTATT	AAGGGTCC	7	54670774	-	T	41
E00499:817:HJTG3CCX2:8:2115:21917:65828	ccnd1	CCACTGGTTATT	AAGGGTCC	7	54670792	-	T	37
E00499:817:HJTG3CCX2:8:2115:21917:65828	ccnd1	CCACTGGTTATT	AAGGGTCC	7	54670794	-	T	41
E00499:817:HJTG3CCX2:8:2115:21917:65828	ccnd1	CCACTGGTTATT	AAGGGTCC	7	54670795	-	T	41
E00499:817:HJTG3CCX2:8:2115:21917:65828	ccnd1	CCACTGGTTATT	AAGGGTCC	7	54670797	-	T	41
E00499:817:HJTG3CCX2:8:2115:21917:65828	ccnd1	CCACTGGTTATT	AAGGGTCC	7	54670799	-	T	41
E00499:817:HJTG3CCX2:8:2115:21917:65828	ccnd1	CCACTGGTTATT	AAGGGTCC	7	54670803	-	T	41
E00499:817:HJTG3CCX2:8:2115:21917:65828	ccnd1	CCACTGGTTATT	AAGGGTCC	7	54670807	-	T	41
E00499:817:HJTG3CCX2:8:2115:21917:65828	ccnd1	CCACTGGTTATT	AAGGGTCC	7	54670811	-	T	41
E00499:817:HJTG3CCX2:8:2115:21917:65828	ccnd1	CCACTGGTTATT	AAGGGTCC	7	54670813	-	C	41
E00499:817:HJTG3CCX2:8:2115:21917:65828	ccnd1	CCACTGGTTATT	AAGGGTCC	7	54670815	-	T	41
E00499:817:HJTG3CCX2:8:2115:21917:65828	ccnd1	CCACTGGTTATT	AAGGGTCC	7	54670818	-	T	37
E00499:817:HJTG3CCX2:8:2115:21917:65828	ccnd1	CCACTGGTTATT	AAGGGTCC	7	54670819	-	C	41
E00499:817:HJTG3CCX2:8:2115:21917:65828	ccnd1	CCACTGGTTATT	AAGGGTCC	7	54670827	-	T	41
E00499:817:HJTG3CCX2:8:2115:21917:65828	ccnd1	CCACTGGTTATT	AAGGGTCC	7	54670835	-	T	41
E00499:817:HJTG3CCX2:8:2115:21917:65828	ccnd1	CCACTGGTTATT	AAGGGTCC	7	54670836	-	T	41
E00499:817:HJTG3CCX2:8:2115:21917:65828	ccnd1	CCACTGGTTATT	AAGGGTCC	7	54670837	-	T	41
E00499:817:HJTG3CCX2:8:2115:21917:65828	ccnd1	CCACTGGTTATT	AAGGGTCC	7	54670840	-	T	41
E00499:817:HJTG3CCX2:8:2115:21917:65828	ccnd1	CCACTGGTTATT	AAGGGTCC	7	54670843	-	T	41
E00499:817:HJTG3CCX2:8:2115:21917:65828	ccnd1	CCACTGGTTATT	AAGGGTCC	7	54670845	-	T	41
E00499:817:HJTG3CCX2:8:2115:21917:65828	ccnd1	CCACTGGTTATT	AAGGGTCC	7	54670846	-	T	37
E00499:817:HJTG3CCX2:8:2115:21917:65828	ccnd1	CCACTGGTTATT	AAGGGTCC	7	54670848	-	T	41
E00499:817:HJTG3CCX2:8:2115:21917:65828	ccnd1	CCACTGGTTATT	AAGGGTCC	7	54670850	-	C	41
E00499:817:HJTG3CCX2:8:2115:21917:65828	ccnd1	CCACTGGTTATT	AAGGGTCC	7	54670851	-	T	41
E00499:817:HJTG3CCX2:8:2115:21917:65828	ccnd1	CCACTGGTTATT	AAGGGTCC	7	54670852	-	T	41
E00499:817:HJTG3CCX2:8:2115:21917:65828	ccnd1	CCACTGGTTATT	AAGGGTCC	7	54670853	-	T	41
E00499:817:HJTG3CCX2:8:2115:21917:65828	ccnd1	CCACTGGTTATT	AAGGGTCC	7	54670856	-	T	41
E00499:817:HJTG3CCX2:8:2115:21917:65828	ccnd1	CCACTGGTTATT	AAGGGTCC	7	54670866	-	T	41
E00499:817:HJTG3CCX2:8:2115:21917:65828	ccnd1	CCACTGGTTATT	AAGGGTCC	7	54670867	-	C	41
E00499:817:HJTG3CCX2:8:2115:21917:65828	ccnd1	CCACTGGTTATT	AAGGGTCC	7	54670870	-	T	37
E00499:817:HJTG3CCX2:8:1112:2453:70750	ccnd1	CCACTGGTTATT	TCGATGTA	7	54670738	-	T	32
E00499:817:HJTG3CCX2:8:1112:2453:70750	ccnd1	CCACTGGTTATT	TCGATGTA	7	54670740	-	C	41
E00499:817:HJTG3CCX2:8:1112:2453:70750	ccnd1	CCACTGGTTATT	TCGATGTA	7	54670744	-	T	41
E00499:817:HJTG3CCX2:8:1112:2453:70750	ccnd1	CCACTGGTTATT	TCGATGTA	7	54670750	-	C	37
E00499:817:HJTG3CCX2:8:1112:2453:70750	ccnd1	CCACTGGTTATT	TCGATGTA	7	54670756	-	C	41
E00499:817:HJTG3CCX2:8:1112:2453:70750	ccnd1	CCACTGGTTATT	TCGATGTA	7	54670767	-	T	32
E00499:817:HJTG3CCX2:8:1112:2453:70750	ccnd1	CCACTGGTTATT	TCGATGTA	7	54670774	-	T	41
E00499:817:HJTG3CCX2:8:1112:2453:70750	ccnd1	CCACTGGTTATT	TCGATGTA	7	54670791	-	T	32
E00499:817:HJTG3CCX2:8:1112:2453:70750	ccnd1	CCACTGGTTATT	TCGATGTA	7	54670794	-	T	37
E00499:817:HJTG3CCX2:8:1112:2453:70750	ccnd1	CCACTGGTTATT	TCGATGTA	7	54670797	-	T	37
E00499:817:HJTG3CCX2:8:1112:2453:70750	ccnd1	CCACTGGTTATT	TCGATGTA	7	54670803	-	T	41
E00499:817:HJTG3CCX2:8:1112:2453:70750	ccnd1	CCACTGGTTATT	TCGATGTA	7	54670807	-	T	41
E00499:817:HJTG3CCX2:8:1112:2453:70750	ccnd1	CCACTGGTTATT	TCGATGTA	7	54670813	-	T	37
E00499:817:HJTG3CCX2:8:1112:2453:70750	ccnd1	CCACTGGTTATT	TCGATGTA	7	54670815	-	T	41
E00499:817:HJTG3CCX2:8:1112:2453:70750	ccnd1	CCACTGGTTATT	TCGATGTA	7	54670827	-	T	32
E00499:817:HJTG3CCX2:8:1112:2453:70750	ccnd1	CCACTGGTTATT	TCGATGTA	7	54670836	-	T	32
E00499:817:HJTG3CCX2:8:1112:2453:70750	ccnd1	CCACTGGTTATT	TCGATGTA	7	54670837	-	T	32
E00499:817:HJTG3CCX2:8:2211:26768:41216	ccnd1	CCACTGGTTATT	TCAGGAGA	7	54670740	-	T	41
E00499:817:HJTG3CCX2:8:2211:26768:41216	ccnd1	CCACTGGTTATT	TCAGGAGA	7	54670747	-	T	32
E00499:817:HJTG3CCX2:8:2211:26768:41216	ccnd1	CCACTGGTTATT	TCAGGAGA	7	54670753	-	T	41
E00499:817:HJTG3CCX2:8:2211:26768:41216	ccnd1	CCACTGGTTATT	TCAGGAGA	7	54670756	-	T	41
E00499:817:HJTG3CCX2:8:2211:26768:41216	ccnd1	CCACTGGTTATT	TCAGGAGA	7	54670767	-	C	32
E00499:817:HJTG3CCX2:8:2211:26768:41216	ccnd1	CCACTGGTTATT	TCAGGAGA	7	54670791	-	T	32
E00499:817:HJTG3CCX2:8:2211:26768:41216	ccnd1	CCACTGGTTATT	TCAGGAGA	7	54670792	-	T	32
E00499:817:HJTG3CCX2:8:2108:18061:42024	ccnd1	CCACTGGTTATT	TAGATATG	7	54670738	-	T	41
E00499:817:HJTG3CCX2:8:2108:18061:42024	ccnd1	CCACTGGTTATT	TAGATATG	7	54670740	-	T	41
E00499:817:HJTG3CCX2:8:2108:18061:42024	ccnd1	CCACTGGTTATT	TAGATATG	7	54670744	-	T	41
E00499:817:HJTG3CCX2:8:2108:18061:42024	ccnd1	CCACTGGTTATT	TAGATATG	7	54670747	-	C	41
E00499:817:HJTG3CCX2:8:2108:18061:42024	ccnd1	CCACTGGTTATT	TAGATATG	7	54670748	-	T	41
E00499:817:HJTG3CCX2:8:2108:18061:42024	ccnd1	CCACTGGTTATT	TAGATATG	7	54670750	-	T	41
E00499:817:HJTG3CCX2:8:2108:18061:42024	ccnd1	CCACTGGTTATT	TAGATATG	7	54670752	-	T	41
E00499:817:HJTG3CCX2:8:2108:18061:42024	ccnd1	CCACTGGTTATT	TAGATATG	7	54670753	-	T	41
E00499:817:HJTG3CCX2:8:2108:18061:42024	ccnd1	CCACTGGTTATT	TAGATATG	7	54670756	-	T	41
E00499:817:HJTG3CCX2:8:2108:18061:42024	ccnd1	CCACTGGTTATT	TAGATATG	7	54670767	-	T	41
E00499:817:HJTG3CCX2:8:2108:18061:42024	ccnd1	CCACTGGTTATT	TAGATATG	7	54670774	-	T	37
E00499:817:HJTG3CCX2:8:1115:29244:14986	ccnd1	CCACTGGTTATT	GGCTCTTC	7	54670747	-	T	41
E00499:817:HJTG3CCX2:8:1115:29244:14986	ccnd1	CCACTGGTTATT	GGCTCTTC	7	54670748	-	T	41
E00499:817:HJTG3CCX2:8:1115:29244:14986	ccnd1	CCACTGGTTATT	GGCTCTTC	7	54670750	-	T	41
E00499:817:HJTG3CCX2:8:1115:29244:14986	ccnd1	CCACTGGTTATT	GGCTCTTC	7	54670752	-	T	41
E00499:817:HJTG3CCX2:8:1115:29244:14986	ccnd1	CCACTGGTTATT	GGCTCTTC	7	54670753	-	T	41
E00499:817:HJTG3CCX2:8:1115:29244:14986	ccnd1	CCACTGGTTATT	GGCTCTTC	7	54670756	-	T	41
E00499:817:HJTG3CCX2:8:1115:29244:14986	ccnd1	CCACTGGTTATT	GGCTCTTC	7	54670767	-	T	41
E00499:817:HJTG3CCX2:8:1115:29244:14986	ccnd1	CCACTGGTTATT	GGCTCTTC	7	54670774	-	T	41
E00499:817:HJTG3CCX2:8:1115:29244:14986	ccnd1	CCACTGGTTATT	GGCTCTTC	7	54670789	-	T	41
E00499:817:HJTG3CCX2:8:1115:29244:14986	ccnd1	CCACTGGTTATT	GGCTCTTC	7	54670791	-	T	41
E00499:817:HJTG3CCX2:8:1115:29244:14986	ccnd1	CCACTGGTTATT	GGCTCTTC	7	54670792	-	T	41
E00499:817:HJTG3CCX2:8:1115:29244:14986	ccnd1	CCACTGGTTATT	GGCTCTTC	7	54670794	-	T	41
E00499:817:HJTG3CCX2:8:1115:29244:14986	ccnd1	CCACTGGTTATT	GGCTCTTC	7	54670795	-	T	41
E00499:817:HJTG3CCX2:8:1115:29244:14986	ccnd1	CCACTGGTTATT	GGCTCTTC	7	54670797	-	C	41
E00499:817:HJTG3CCX2:8:1115:29244:14986	ccnd1	CCACTGGTTATT	GGCTCTTC	7	54670799	-	T	41
E00499:817:HJTG3CCX2:8:1115:29244:14986	ccnd1	CCACTGGTTATT	GGCTCTTC	7	54670803	-	T	41
E00499:817:HJTG3CCX2:8:1115:29244:14986	ccnd1	CCACTGGTTATT	GGCTCTTC	7	54670807	-	C	41
E00499:817:HJTG3CCX2:8:1115:29244:14986	ccnd1	CCACTGGTTATT	GGCTCTTC	7	54670811	-	C	41
E00499:817:HJTG3CCX2:8:1115:29244:14986	ccnd1	CCACTGGTTATT	GGCTCTTC	7	54670813	-	C	41
E00499:817:HJTG3CCX2:8:1115:29244:14986	ccnd1	CCACTGGTTATT	GGCTCTTC	7	54670815	-	T	41
E00499:817:HJTG3CCX2:8:1115:29244:14986	ccnd1	CCACTGGTTATT	GGCTCTTC	7	54670818	-	T	41
E00499:817:HJTG3CCX2:8:1115:29244:14986	ccnd1	CCACTGGTTATT	GGCTCTTC	7	54670819	-	T	41
E00499:817:HJTG3CCX2:8:1115:29244:14986	ccnd1	CCACTGGTTATT	GGCTCTTC	7	54670827	-	T	41
E00499:817:HJTG3CCX2:8:1115:29244:14986	ccnd1	CCACTGGTTATT	GGCTCTTC	7	54670835	-	T	41
E00499:817:HJTG3CCX2:8:1115:29244:14986	ccnd1	CCACTGGTTATT	GGCTCTTC	7	54670836	-	T	41
E00499:817:HJTG3CCX2:8:1115:29244:14986	ccnd1	CCACTGGTTATT	GGCTCTTC	7	54670837	-	C	41
E00499:817:HJTG3CCX2:8:1115:29244:14986	ccnd1	CCACTGGTTATT	GGCTCTTC	7	54670840	-	C	37
E00499:817:HJTG3CCX2:8:1115:29244:14986	ccnd1	CCACTGGTTATT	GGCTCTTC	7	54670843	-	C	41
E00499:817:HJTG3CCX2:8:1115:29244:14986	ccnd1	CCACTGGTTATT	GGCTCTTC	7	54670845	-	T	41
E00499:817:HJTG3CCX2:8:1115:29244:14986	ccnd1	CCACTGGTTATT	GGCTCTTC	7	54670846	-	T	41
E00499:817:HJTG3CCX2:8:1115:29244:14986	ccnd1	CCACTGGTTATT	GGCTCTTC	7	54670848	-	T	41
E00499:817:HJTG3CCX2:8:1115:29244:14986	ccnd1	CCACTGGTTATT	GGCTCTTC	7	54670850	-	C	41
E00499:817:HJTG3CCX2:8:1115:29244:14986	ccnd1	CCACTGGTTATT	GGCTCTTC	7	54670851	-	C	41
E00499:817:HJTG3CCX2:8:1115:29244:14986	ccnd1	CCACTGGTTATT	GGCTCTTC	7	54670852	-	C	41
E00499:817:HJTG3CCX2:8:1115:29244:14986	ccnd1	CCACTGGTTATT	GGCTCTTC	7	54670853	-	T	41
E00499:817:HJTG3CCX2:8:1115:29244:14986	ccnd1	CCACTGGTTATT	GGCTCTTC	7	54670856	-	T	37
E00499:817:HJTG3CCX2:8:1218:27549:72842	ccnd1	CCACTGGTTATT	TTTTACGC	7	54670774	-	T	41
E00499:817:HJTG3CCX2:8:1218:27549:72842	ccnd1	CCACTGGTTATT	TTTTACGC	7	54670789	-	T	41
E00499:817:HJTG3CCX2:8:1218:27549:72842	ccnd1	CCACTGGTTATT	TTTTACGC	7	54670791	-	T	41
E00499:817:HJTG3CCX2:8:1218:27549:72842	ccnd1	CCACTGGTTATT	TTTTACGC	7	54670792	-	T	41
E00499:817:HJTG3CCX2:8:1218:27549:72842	ccnd1	CCACTGGTTATT	TTTTACGC	7	54670794	-	T	41
E00499:817:HJTG3CCX2:8:1218:27549:72842	ccnd1	CCACTGGTTATT	TTTTACGC	7	54670795	-	T	41
E00499:817:HJTG3CCX2:8:1218:27549:72842	ccnd1	CCACTGGTTATT	TTTTACGC	7	54670797	-	T	41
E00499:817:HJTG3CCX2:8:1218:27549:72842	ccnd1	CCACTGGTTATT	TTTTACGC	7	54670799	-	T	41
E00499:817:HJTG3CCX2:8:1218:27549:72842	ccnd1	CCACTGGTTATT	TTTTACGC	7	54670803	-	T	41
E00499:817:HJTG3CCX2:8:1218:27549:72842	ccnd1	CCACTGGTTATT	TTTTACGC	7	54670807	-	C	37
E00499:817:HJTG3CCX2:8:1218:27549:72842	ccnd1	CCACTGGTTATT	TTTTACGC	7	54670811	-	T	41
E00499:817:HJTG3CCX2:8:1218:27549:72842	ccnd1	CCACTGGTTATT	TTTTACGC	7	54670813	-	C	37
E00499:817:HJTG3CCX2:8:1218:27549:72842	ccnd1	CCACTGGTTATT	TTTTACGC	7	54670815	-	T	41
E00499:817:HJTG3CCX2:8:1218:27549:72842	ccnd1	CCACTGGTTATT	TTTTACGC	7	54670818	-	C	41
E00499:817:HJTG3CCX2:8:1218:27549:72842	ccnd1	CCACTGGTTATT	TTTTACGC	7	54670819	-	T	41
E00499:817:HJTG3CCX2:8:1218:27549:72842	ccnd1	CCACTGGTTATT	TTTTACGC	7	54670827	-	T	32
E00499:817:HJTG3CCX2:8:1218:27549:72842	ccnd1	CCACTGGTTATT	TTTTACGC	7	54670835	-	T	32
E00499:817:HJTG3CCX2:8:1218:27549:72842	ccnd1	CCACTGGTTATT	TTTTACGC	7	54670836	-	T	41
E00499:817:HJTG3CCX2:8:1218:27549:72842	ccnd1	CCACTGGTTATT	TTTTACGC	7	54670837	-	T	37
E00499:817:HJTG3CCX2:8:1218:27549:72842	ccnd1	CCACTGGTTATT	TTTTACGC	7	54670840	-	T	41
E00499:817:HJTG3CCX2:8:1218:27549:72842	ccnd1	CCACTGGTTATT	TTTTACGC	7	54670843	-	T	41
E00499:817:HJTG3CCX2:8:1218:27549:72842	ccnd1	CCACTGGTTATT	TTTTACGC	7	54670845	-	T	41
E00499:817:HJTG3CCX2:8:1218:27549:72842	ccnd1	CCACTGGTTATT	TTTTACGC	7	54670846	-	T	41
E00499:817:HJTG3CCX2:8:1218:27549:72842	ccnd1	CCACTGGTTATT	TTTTACGC	7	54670848	-	T	41
E00499:817:HJTG3CCX2:8:1218:27549:72842	ccnd1	CCACTGGTTATT	TTTTACGC	7	54670850	-	T	41
E00499:817:HJTG3CCX2:8:1218:27549:72842	ccnd1	CCACTGGTTATT	TTTTACGC	7	54670851	-	C	37
E00499:817:HJTG3CCX2:8:1218:27549:72842	ccnd1	CCACTGGTTATT	TTTTACGC	7	54670852	-	T	41
E00499:817:HJTG3CCX2:8:1218:27549:72842	ccnd1	CCACTGGTTATT	TTTTACGC	7	54670853	-	T	37
E00499:817:HJTG3CCX2:8:1218:27549:72842	ccnd1	CCACTGGTTATT	TTTTACGC	7	54670856	-	C	37
E00499:817:HJTG3CCX2:8:1218:27549:72842	ccnd1	CCACTGGTTATT	TTTTACGC	7	54670866	-	T	41
E00499:817:HJTG3CCX2:8:1218:27549:72842	ccnd1	CCACTGGTTATT	TTTTACGC	7	54670867	-	T	41
E00499:817:HJTG3CCX2:8:1218:27549:72842	ccnd1	CCACTGGTTATT	TTTTACGC	7	54670870	-	T	41
E00499:817:HJTG3CCX2:8:1218:27549:72842	ccnd1	CCACTGGTTATT	TTTTACGC	7	54670874	-	C	41
E00499:817:HJTG3CCX2:8:1218:27549:72842	ccnd1	CCACTGGTTATT	TTTTACGC	7	54670879	-	T	41
E00499:817:HJTG3CCX2:8:1218:27549:72842	ccnd1	CCACTGGTTATT	TTTTACGC	7	54670883	-	C	41
E00499:817:HJTG3CCX2:8:1218:27549:72842	ccnd1	CCACTGGTTATT	TTTTACGC	7	54670887	-	T	41
E00499:817:HJTG3CCX2:8:1218:27549:72842	ccnd1	CCACTGGTTATT	TTTTACGC	7	54670889	-	T	41
E00499:817:HJTG3CCX2:8:1108:13372:32039	ccnd1	CCACTGGTTATT	GGCTCTTC	7	54670887	-	T	41
E00499:817:HJTG3CCX2:8:1108:13372:32039	ccnd1	CCACTGGTTATT	GGCTCTTC	7	54670889	-	T	41
E00499:817:HJTG3CCX2:8:1108:13372:32039	ccnd1	CCACTGGTTATT	GGCTCTTC	7	54670898	-	T	41
E00499:817:HJTG3CCX2:8:1108:13372:32039	ccnd1	CCACTGGTTATT	GGCTCTTC	7	54670899	-	T	41
E00499:817:HJTG3CCX2:8:1108:13372:32039	ccnd1	CCACTGGTTATT	GGCTCTTC	7	54670900	-	T	37
E00499:817:HJTG3CCX2:8:1108:13372:32039	ccnd1	CCACTGGTTATT	GGCTCTTC	7	54670902	-	T	41
E00499:817:HJTG3CCX2:8:1108:13372:32039	ccnd1	CCACTGGTTATT	GGCTCTTC	7	54670903	-	T	41
E00499:817:HJTG3CCX2:8:1108:13372:32039	ccnd1	CCACTGGTTATT	GGCTCTTC	7	54670904	-	T	41
E00499:817:HJTG3CCX2:8:1108:13372:32039	ccnd1	CCACTGGTTATT	GGCTCTTC	7	54670905	-	T	41
E00499:817:HJTG3CCX2:8:1108:13372:32039	ccnd1	CCACTGGTTATT	GGCTCTTC	7	54670911	-	T	41
E00499:817:HJTG3CCX2:8:1108:13372:32039	ccnd1	CCACTGGTTATT	GGCTCTTC	7	54670913	-	T	41
E00499:817:HJTG3CCX2:8:1108:13372:32039	ccnd1	CCACTGGTTATT	GGCTCTTC	7	54670914	-	T	41
E00499:817:HJTG3CCX2:8:1108:13372:32039	ccnd1	CCACTGGTTATT	GGCTCTTC	7	54670915	-	T	37
E00499:817:HJTG3CCX2:8:1108:13372:32039	ccnd1	CCACTGGTTATT	GGCTCTTC	7	54670919	-	T	32
E00499:817:HJTG3CCX2:8:1108:13372:32039	ccnd1	CCACTGGTTATT	GGCTCTTC	7	54670922	-	T	41
E00499:817:HJTG3CCX2:8:1108:13372:32039	ccnd1	CCACTGGTTATT	GGCTCTTC	7	54670923	-	T	41
E00499:817:HJTG3CCX2:8:1108:13372:32039	ccnd1	CCACTGGTTATT	GGCTCTTC	7	54670925	-	T	41
E00499:817:HJTG3CCX2:8:1108:13372:32039	ccnd1	CCACTGGTTATT	GGCTCTTC	7	54670932	-	C	41
E00499:817:HJTG3CCX2:8:1108:13372:32039	ccnd1	CCACTGGTTATT	GGCTCTTC	7	54670934	-	T	41
E00499:817:HJTG3CCX2:8:1108:13372:32039	ccnd1	CCACTGGTTATT	GGCTCTTC	7	54670935	-	T	41
E00499:817:HJTG3CCX2:8:1108:13372:32039	ccnd1	CCACTGGTTATT	GGCTCTTC	7	54670936	-	T	41
E00499:817:HJTG3CCX2:8:1108:13372:32039	ccnd1	CCACTGGTTATT	GGCTCTTC	7	54670937	-	T	41
E00499:817:HJTG3CCX2:8:1108:13372:32039	ccnd1	CCACTGGTTATT	GGCTCTTC	7	54670942	-	T	32
E00499:817:HJTG3CCX2:8:1108:13372:32039	ccnd1	CCACTGGTTATT	GGCTCTTC	7	54670944	-	C	37
E00499:817:HJTG3CCX2:8:1108:13372:32039	ccnd1	CCACTGGTTATT	GGCTCTTC	7	54670946	-	T	41
E00499:817:HJTG3CCX2:8:1108:13372:32039	ccnd1	CCACTGGTTATT	GGCTCTTC	7	54670956	-	C	41
E00499:817:HJTG3CCX2:8:1108:13372:32039	ccnd1	CCACTGGTTATT	GGCTCTTC	7	54670957	-	C	41
E00499:817:HJTG3CCX2:8:1108:13372:32039	ccnd1	CCACTGGTTATT	GGCTCTTC	7	54670960	-	T	41
E00499:817:HJTG3CCX2:8:1108:13372:32039	ccnd1	CCACTGGTTATT	GGCTCTTC	7	54670961	-	T	41
E00499:817:HJTG3CCX2:8:1108:13372:32039	ccnd1	CCACTGGTTATT	GGCTCTTC	7	54670962	-	C	41
E00499:817:HJTG3CCX2:8:1108:13372:32039	ccnd1	CCACTGGTTATT	GGCTCTTC	7	54670964	-	T	41
E00499:817:HJTG3CCX2:8:1108:13372:32039	ccnd1	CCACTGGTTATT	GGCTCTTC	7	54670968	-	T	41
E00499:817:HJTG3CCX2:8:1108:13372:32039	ccnd1	CCACTGGTTATT	GGCTCTTC	7	54670970	-	T	41
E00499:817:HJTG3CCX2:8:1108:13372:32039	ccnd1	CCACTGGTTATT	GGCTCTTC	7	54670971	-	T	41
E00499:817:HJTG3CCX2:8:1108:13372:32039	ccnd1	CCACTGGTTATT	GGCTCTTC	7	54670972	-	T	41
E00499:817:HJTG3CCX2:8:1108:13372:32039	ccnd1	CCACTGGTTATT	GGCTCTTC	7	54670973	-	T	41
E00499:817:HJTG3CCX2:8:1108:13372:32039	ccnd1	CCACTGGTTATT	GGCTCTTC	7	54670974	-	T	41
E00499:817:HJTG3CCX2:8:1108:13372:32039	ccnd1	CCACTGGTTATT	GGCTCTTC	7	54670975	-	T	41
E00499:817:HJTG3CCX2:8:1108:13372:32039	ccnd1	CCACTGGTTATT	GGCTCTTC	7	54670976	-	C	41
E00499:817:HJTG3CCX2:8:1108:13372:32039	ccnd1	CCACTGGTTATT	GGCTCTTC	7	54670977	-	T	41
E00499:817:HJTG3CCX2:8:1108:13372:32039	ccnd1	CCACTGGTTATT	GGCTCTTC	7	54670978	-	T	41
E00499:817:HJTG3CCX2:8:1108:13372:32039	ccnd1	CCACTGGTTATT	GGCTCTTC	7	54670979	-	T	41
E00499:817:HJTG3CCX2:8:1108:13372:32039	ccnd1	CCACTGGTTATT	GGCTCTTC	7	54670980	-	T	41
E00499:817:HJTG3CCX2:8:1108:13372:32039	ccnd1	CCACTGGTTATT	GGCTCTTC	7	54670981	-	T	41
E00499:817:HJTG3CCX2:8:1108:13372:32039	ccnd1	CCACTGGTTATT	GGCTCTTC	7	54670982	-	T	41
E00499:817:HJTG3CCX2:8:1108:13372:32039	ccnd1	CCACTGGTTATT	GGCTCTTC	7	54670983	-	T	41
E00499:817:HJTG3CCX2:8:1108:13372:32039	ccnd1	CCACTGGTTATT	GGCTCTTC	7	54670984	-	T	41
E00499:817:HJTG3CCX2:8:1108:13372:32039	ccnd1	CCACTGGTTATT	GGCTCTTC	7	54670986	-	T	41
E00499:817:HJTG3CCX2:8:1108:13372:32039	ccnd1	CCACTGGTTATT	GGCTCTTC	7	54670989	-	T	41
E00499:817:HJTG3CCX2:8:1108:13372:32039	ccnd1	CCACTGGTTATT	GGCTCTTC	7	54670990	-	T	41
E00499:817:HJTG3CCX2:8:1108:13372:32039	ccnd1	CCACTGGTTATT	GGCTCTTC	7	54670991	-	T	41
E00499:817:HJTG3CCX2:8:1108:13372:32039	ccnd1	CCACTGGTTATT	GGCTCTTC	7	54670995	-	C	41
E00499:817:HJTG3CCX2:8:1108:13372:32039	ccnd1	CCACTGGTTATT	GGCTCTTC	7	54670996	-	T	41
E00499:817:HJTG3CCX2:8:1108:13372:32039	ccnd1	CCACTGGTTATT	GGCTCTTC	7	54670997	-	T	41
E00499:817:HJTG3CCX2:8:1108:13372:32039	ccnd1	CCACTGGTTATT	GGCTCTTC	7	54670998	-	T	41
E00499:817:HJTG3CCX2:8:1108:13372:32039	ccnd1	CCACTGGTTATT	GGCTCTTC	7	54671000	-	T	41
E00499:817:HJTG3CCX2:8:1108:13372:32039	ccnd1	CCACTGGTTATT	GGCTCTTC	7	54671005	-	T	41
E00499:817:HJTG3CCX2:8:1108:13372:32039	ccnd1	CCACTGGTTATT	GGCTCTTC	7	54671010	-	T	41
E00499:817:HJTG3CCX2:8:1108:13372:32039	ccnd1	CCACTGGTTATT	GGCTCTTC	7	54671013	-	T	41
E00499:817:HJTG3CCX2:8:1108:13372:32039	ccnd1	CCACTGGTTATT	GGCTCTTC	7	54671014	-	T	37
E00499:817:HJTG3CCX2:8:1108:13372:32039	ccnd1	CCACTGGTTATT	GGCTCTTC	7	54671019	-	C	41
E00499:817:HJTG3CCX2:8:1108:13372:32039	ccnd1	CCACTGGTTATT	GGCTCTTC	7	54671023	-	T	37
E00499:817:HJTG3CCX2:8:1108:13372:32039	ccnd1	CCACTGGTTATT	GGCTCTTC	7	54671024	-	T	37
E00499:817:HJTG3CCX2:8:1210:9861:72789	ccnd1	CCACTGGTTATT	GAAGCGCA	7	54671446	-	T	37
E00499:817:HJTG3CCX2:8:1210:9861:72789	ccnd1	CCACTGGTTATT	GAAGCGCA	7	54671447	-	T	32
E00499:817:HJTG3CCX2:8:1210:9861:72789	ccnd1	CCACTGGTTATT	GAAGCGCA	7	54671448	-	T	37
E00499:817:HJTG3CCX2:8:1210:9861:72789	ccnd1	CCACTGGTTATT	GAAGCGCA	7	54671450	-	C	41
E00499:817:HJTG3CCX2:8:1210:9861:72789	ccnd1	CCACTGGTTATT	GAAGCGCA	7	54671451	-	T	32
E00499:817:HJTG3CCX2:8:1210:9861:72789	ccnd1	CCACTGGTTATT	GAAGCGCA	7	54671481	-	T	41
E00499:817:HJTG3CCX2:8:1210:9861:72789	ccnd1	CCACTGGTTATT	GAAGCGCA	7	54671486	-	C	41
E00499:817:HJTG3CCX2:8:1210:9861:72789	ccnd1	CCACTGGTTATT	GAAGCGCA	7	54671487	-	T	41
E00499:817:HJTG3CCX2:8:1210:9861:72789	ccnd1	CCACTGGTTATT	GAAGCGCA	7	54671488	-	T	41
E00499:817:HJTG3CCX2:8:1210:9861:72789	ccnd1	CCACTGGTTATT	GAAGCGCA	7	54671494	-	T	41
E00499:817:HJTG3CCX2:8:1210:9861:72789	ccnd1	CCACTGGTTATT	GAAGCGCA	7	54671496	-	T	41
E00499:817:HJTG3CCX2:8:1210:9861:72789	ccnd1	CCACTGGTTATT	GAAGCGCA	7	54671505	-	T	41
E00499:817:HJTG3CCX2:8:1210:9861:72789	ccnd1	CCACTGGTTATT	GAAGCGCA	7	54671506	-	C	37
E00499:817:HJTG3CCX2:8:1210:9861:72789	ccnd1	CCACTGGTTATT	GAAGCGCA	7	54671507	-	T	32
E00499:817:HJTG3CCX2:8:1210:9861:72789	ccnd1	CCACTGGTTATT	GAAGCGCA	7	54671513	-	T	41
E00499:817:HJTG3CCX2:8:1210:9861:72789	ccnd1	CCACTGGTTATT	GAAGCGCA	7	54671515	-	T	41
E00499:817:HJTG3CCX2:8:1210:9861:72789	ccnd1	CCACTGGTTATT	GAAGCGCA	7	54671517	-	C	41
E00499:817:HJTG3CCX2:8:1210:9861:72789	ccnd1	CCACTGGTTATT	GAAGCGCA	7	54671520	-	T	32
E00499:817:HJTG3CCX2:8:1210:9861:72789	ccnd1	CCACTGGTTATT	GAAGCGCA	7	54671524	-	T	41
E00499:817:HJTG3CCX2:8:1210:9861:72789	ccnd1	CCACTGGTTATT	GAAGCGCA	7	54671525	-	C	41
E00499:817:HJTG3CCX2:8:1210:9861:72789	ccnd1	CCACTGGTTATT	GAAGCGCA	7	54671526	-	T	41
E00499:817:HJTG3CCX2:8:1210:9861:72789	ccnd1	CCACTGGTTATT	GAAGCGCA	7	54671527	-	T	37
E00499:817:HJTG3CCX2:8:1210:9861:72789	ccnd1	CCACTGGTTATT	GAAGCGCA	7	54671528	-	T	41
E00499:817:HJTG3CCX2:8:1210:9861:72789	ccnd1	CCACTGGTTATT	GAAGCGCA	7	54671531	-	T	41
E00499:817:HJTG3CCX2:8:1210:9861:72789	ccnd1	CCACTGGTTATT	GAAGCGCA	7	54671534	-	C	41
E00499:817:HJTG3CCX2:8:1217:28838:16217	ccnd1	CCACTGGTTATT	ATCTAAAA	7	54671450	-	T	37
E00499:817:HJTG3CCX2:8:1217:28838:16217	ccnd1	CCACTGGTTATT	ATCTAAAA	7	54671454	-	C	41
E00499:817:HJTG3CCX2:8:1217:28838:16217	ccnd1	CCACTGGTTATT	ATCTAAAA	7	54671486	-	T	41
E00499:817:HJTG3CCX2:8:1217:28838:16217	ccnd1	CCACTGGTTATT	ATCTAAAA	7	54671487	-	T	41
E00499:817:HJTG3CCX2:8:1217:28838:16217	ccnd1	CCACTGGTTATT	ATCTAAAA	7	54671488	-	T	41
E00499:817:HJTG3CCX2:8:1217:28838:16217	ccnd1	CCACTGGTTATT	ATCTAAAA	7	54671494	-	T	41
E00499:817:HJTG3CCX2:8:1217:28838:16217	ccnd1	CCACTGGTTATT	ATCTAAAA	7	54671496	-	C	37
E00499:817:HJTG3CCX2:8:1217:28838:16217	ccnd1	CCACTGGTTATT	ATCTAAAA	7	54671505	-	C	37
E00499:817:HJTG3CCX2:8:1217:28838:16217	ccnd1	CCACTGGTTATT	ATCTAAAA	7	54671507	-	C	37
E00499:817:HJTG3CCX2:8:1217:28838:16217	ccnd1	CCACTGGTTATT	ATCTAAAA	7	54671517	-	C	32
E00499:817:HJTG3CCX2:8:1217:28838:16217	ccnd1	CCACTGGTTATT	ATCTAAAA	7	54671520	-	C	41
E00499:817:HJTG3CCX2:8:1217:28838:16217	ccnd1	CCACTGGTTATT	ATCTAAAA	7	54671524	-	T	37
E00499:817:HJTG3CCX2:8:1217:28838:16217	ccnd1	CCACTGGTTATT	ATCTAAAA	7	54671525	-	T	41
E00499:817:HJTG3CCX2:8:1217:28838:16217	ccnd1	CCACTGGTTATT	ATCTAAAA	7	54671526	-	T	41
E00499:817:HJTG3CCX2:8:1217:28838:16217	ccnd1	CCACTGGTTATT	ATCTAAAA	7	54671527	-	T	37
E00499:817:HJTG3CCX2:8:1217:28838:16217	ccnd1	CCACTGGTTATT	ATCTAAAA	7	54671528	-	T	41
E00499:817:HJTG3CCX2:8:1217:28838:16217	ccnd1	CCACTGGTTATT	ATCTAAAA	7	54671568	-	T	37
E00499:817:HJTG3CCX2:8:2211:24302:27486	ccnd1	CCACTGGTTATT	ATGGGCGC	7	54671488	-	C	37
E00499:817:HJTG3CCX2:8:2211:24302:27486	ccnd1	CCACTGGTTATT	ATGGGCGC	7	54671513	-	T	41
E00499:817:HJTG3CCX2:8:2211:24302:27486	ccnd1	CCACTGGTTATT	ATGGGCGC	7	54671515	-	T	41
E00499:817:HJTG3CCX2:8:2211:24302:27486	ccnd1	CCACTGGTTATT	ATGGGCGC	7	54671520	-	C	32
E00499:817:HJTG3CCX2:8:2211:24302:27486	ccnd1	CCACTGGTTATT	ATGGGCGC	7	54671526	-	T	37
E00499:817:HJTG3CCX2:8:2211:24302:27486	ccnd1	CCACTGGTTATT	ATGGGCGC	7	54671527	-	T	32
E00499:817:HJTG3CCX2:8:2211:24302:27486	ccnd1	CCACTGGTTATT	ATGGGCGC	7	54671528	-	T	41
E00499:817:HJTG3CCX2:8:2211:24302:27486	ccnd1	CCACTGGTTATT	ATGGGCGC	7	54671531	-	C	37
E00499:817:HJTG3CCX2:8:1118:28889:28857	ccnd1	CCACTGGTTATT	AATCGGTC	7	54671481	-	C	41
E00499:817:HJTG3CCX2:8:1118:28889:28857	ccnd1	CCACTGGTTATT	AATCGGTC	7	54671486	-	T	41
E00499:817:HJTG3CCX2:8:1118:28889:28857	ccnd1	CCACTGGTTATT	AATCGGTC	7	54671487	-	T	41
E00499:817:HJTG3CCX2:8:1118:28889:28857	ccnd1	CCACTGGTTATT	AATCGGTC	7	54671488	-	T	41
E00499:817:HJTG3CCX2:8:1118:28889:28857	ccnd1	CCACTGGTTATT	AATCGGTC	7	54671494	-	T	41
E00499:817:HJTG3CCX2:8:1118:28889:28857	ccnd1	CCACTGGTTATT	AATCGGTC	7	54671496	-	T	41
E00499:817:HJTG3CCX2:8:1118:28889:28857	ccnd1	CCACTGGTTATT	AATCGGTC	7	54671505	-	T	41
E00499:817:HJTG3CCX2:8:1118:28889:28857	ccnd1	CCACTGGTTATT	AATCGGTC	7	54671506	-	T	37
E00499:817:HJTG3CCX2:8:1118:28889:28857	ccnd1	CCACTGGTTATT	AATCGGTC	7	54671507	-	C	41
E00499:817:HJTG3CCX2:8:1118:28889:28857	ccnd1	CCACTGGTTATT	AATCGGTC	7	54671513	-	T	41
E00499:817:HJTG3CCX2:8:1118:28889:28857	ccnd1	CCACTGGTTATT	AATCGGTC	7	54671515	-	T	41
E00499:817:HJTG3CCX2:8:1118:28889:28857	ccnd1	CCACTGGTTATT	AATCGGTC	7	54671517	-	T	41
E00499:817:HJTG3CCX2:8:1118:28889:28857	ccnd1	CCACTGGTTATT	AATCGGTC	7	54671520	-	T	41
E00499:817:HJTG3CCX2:8:1118:28889:28857	ccnd1	CCACTGGTTATT	AATCGGTC	7	54671524	-	T	41
E00499:817:HJTG3CCX2:8:1118:28889:28857	ccnd1	CCACTGGTTATT	AATCGGTC	7	54671525	-	T	41
E00499:817:HJTG3CCX2:8:1118:28889:28857	ccnd1	CCACTGGTTATT	AATCGGTC	7	54671526	-	C	41
E00499:817:HJTG3CCX2:8:1118:28889:28857	ccnd1	CCACTGGTTATT	AATCGGTC	7	54671527	-	C	41
E00499:817:HJTG3CCX2:8:1118:28889:28857	ccnd1	CCACTGGTTATT	AATCGGTC	7	54671528	-	T	41
E00499:817:HJTG3CCX2:8:1118:28889:28857	ccnd1	CCACTGGTTATT	AATCGGTC	7	54671531	-	T	41
E00499:817:HJTG3CCX2:8:1118:28889:28857	ccnd1	CCACTGGTTATT	AATCGGTC	7	54671534	-	T	41
E00499:817:HJTG3CCX2:8:1118:28889:28857	ccnd1	CCACTGGTTATT	AATCGGTC	7	54671568	-	T	41
E00499:817:HJTG3CCX2:8:1118:28889:28857	ccnd1	CCACTGGTTATT	AATCGGTC	7	54671573	-	T	41
E00499:817:HJTG3CCX2:8:1118:28889:28857	ccnd1	CCACTGGTTATT	AATCGGTC	7	54671575	-	T	41
E00499:817:HJTG3CCX2:8:1118:28889:28857	ccnd1	CCACTGGTTATT	AATCGGTC	7	54671576	-	T	41
E00499:817:HJTG3CCX2:8:1118:28889:28857	ccnd1	CCACTGGTTATT	AATCGGTC	7	54671577	-	T	41
E00499:817:HJTG3CCX2:8:1118:28889:28857	ccnd1	CCACTGGTTATT	AATCGGTC	7	54671584	-	T	41
E00499:817:HJTG3CCX2:8:1203:5720:45892	ccnd1	CCACTGGTTATT	AATCGGTC	7	54671481	-	C	32
E00499:817:HJTG3CCX2:8:1203:5720:45892	ccnd1	CCACTGGTTATT	AATCGGTC	7	54671494	-	T	32
E00499:817:HJTG3CCX2:8:1203:5720:45892	ccnd1	CCACTGGTTATT	AATCGGTC	7	54671506	-	T	32
E00499:817:HJTG3CCX2:8:1203:5720:45892	ccnd1	CCACTGGTTATT	AATCGGTC	7	54671507	-	C	37
E00499:817:HJTG3CCX2:8:1203:5720:45892	ccnd1	CCACTGGTTATT	AATCGGTC	7	54671515	-	T	32
E00499:817:HJTG3CCX2:8:1203:5720:45892	ccnd1	CCACTGGTTATT	AATCGGTC	7	54671526	-	C	37
E00499:817:HJTG3CCX2:8:1203:5720:45892	ccnd1	CCACTGGTTATT	AATCGGTC	7	54671527	-	C	32
E00499:817:HJTG3CCX2:8:1203:5720:45892	ccnd1	CCACTGGTTATT	AATCGGTC	7	54671528	-	T	37
E00499:817:HJTG3CCX2:8:1203:5720:45892	ccnd1	CCACTGGTTATT	AATCGGTC	7	54671531	-	T	37
E00499:817:HJTG3CCX2:8:1203:5720:45892	ccnd1	CCACTGGTTATT	AATCGGTC	7	54671534	-	T	37
E00499:817:HJTG3CCX2:8:1203:5720:45892	ccnd1	CCACTGGTTATT	AATCGGTC	7	54671573	-	T	41
E00499:817:HJTG3CCX2:8:1203:5720:45892	ccnd1	CCACTGGTTATT	AATCGGTC	7	54671575	-	T	37
E00499:817:HJTG3CCX2:8:1203:5720:45892	ccnd1	CCACTGGTTATT	AATCGGTC	7	54671576	-	T	41
E00499:817:HJTG3CCX2:8:1203:5720:45892	ccnd1	CCACTGGTTATT	AATCGGTC	7	54671577	-	T	37
E00499:817:HJTG3CCX2:8:1203:5720:45892	ccnd1	CCACTGGTTATT	AATCGGTC	7	54671584	-	T	37
E00499:817:HJTG3CCX2:8:1203:5720:45892	ccnd1	CCACTGGTTATT	AATCGGTC	7	54671596	-	T	37
E00499:817:HJTG3CCX2:8:2216:29711:69168	ccnd1	CCACTGGTTATT	TGAATGAC	7	54671487	-	T	41
E00499:817:HJTG3CCX2:8:2216:29711:69168	ccnd1	CCACTGGTTATT	TGAATGAC	7	54671488	-	T	41
E00499:817:HJTG3CCX2:8:2216:29711:69168	ccnd1	CCACTGGTTATT	TGAATGAC	7	54671494	-	T	41
E00499:817:HJTG3CCX2:8:2216:29711:69168	ccnd1	CCACTGGTTATT	TGAATGAC	7	54671496	-	T	41
E00499:817:HJTG3CCX2:8:2216:29711:69168	ccnd1	CCACTGGTTATT	TGAATGAC	7	54671505	-	C	41
E00499:817:HJTG3CCX2:8:2216:29711:69168	ccnd1	CCACTGGTTATT	TGAATGAC	7	54671506	-	T	41
E00499:817:HJTG3CCX2:8:2216:29711:69168	ccnd1	CCACTGGTTATT	TGAATGAC	7	54671507	-	T	41
E00499:817:HJTG3CCX2:8:2216:29711:69168	ccnd1	CCACTGGTTATT	TGAATGAC	7	54671513	-	T	41
E00499:817:HJTG3CCX2:8:2216:29711:69168	ccnd1	CCACTGGTTATT	TGAATGAC	7	54671515	-	C	41
E00499:817:HJTG3CCX2:8:2216:29711:69168	ccnd1	CCACTGGTTATT	TGAATGAC	7	54671517	-	T	41
E00499:817:HJTG3CCX2:8:2216:29711:69168	ccnd1	CCACTGGTTATT	TGAATGAC	7	54671520	-	C	41
E00499:817:HJTG3CCX2:8:2216:29711:69168	ccnd1	CCACTGGTTATT	TGAATGAC	7	54671524	-	C	41
E00499:817:HJTG3CCX2:8:2216:29711:69168	ccnd1	CCACTGGTTATT	TGAATGAC	7	54671525	-	T	41
E00499:817:HJTG3CCX2:8:2216:29711:69168	ccnd1	CCACTGGTTATT	TGAATGAC	7	54671526	-	T	41
E00499:817:HJTG3CCX2:8:2216:29711:69168	ccnd1	CCACTGGTTATT	TGAATGAC	7	54671527	-	T	41
E00499:817:HJTG3CCX2:8:2216:29711:69168	ccnd1	CCACTGGTTATT	TGAATGAC	7	54671528	-	T	41
E00499:817:HJTG3CCX2:8:2216:29711:69168	ccnd1	CCACTGGTTATT	TGAATGAC	7	54671531	-	T	41
E00499:817:HJTG3CCX2:8:2216:29711:69168	ccnd1	CCACTGGTTATT	TGAATGAC	7	54671534	-	T	41
E00499:817:HJTG3CCX2:8:2120:24890:2487	ccnd1	CCACTGGTTATT	ACAAAACA	7	54671494	-	C	32
E00499:817:HJTG3CCX2:8:2120:24890:2487	ccnd1	CCACTGGTTATT	ACAAAACA	7	54671496	-	T	37
E00499:817:HJTG3CCX2:8:2120:24890:2487	ccnd1	CCACTGGTTATT	ACAAAACA	7	54671505	-	T	41
E00499:817:HJTG3CCX2:8:2120:24890:2487	ccnd1	CCACTGGTTATT	ACAAAACA	7	54671506	-	T	41
E00499:817:HJTG3CCX2:8:2120:24890:2487	ccnd1	CCACTGGTTATT	ACAAAACA	7	54671507	-	T	32
E00499:817:HJTG3CCX2:8:2120:24890:2487	ccnd1	CCACTGGTTATT	ACAAAACA	7	54671513	-	T	41
E00499:817:HJTG3CCX2:8:2120:24890:2487	ccnd1	CCACTGGTTATT	ACAAAACA	7	54671515	-	T	37
E00499:817:HJTG3CCX2:8:2120:24890:2487	ccnd1	CCACTGGTTATT	ACAAAACA	7	54671517	-	C	41
E00499:817:HJTG3CCX2:8:2120:24890:2487	ccnd1	CCACTGGTTATT	ACAAAACA	7	54671520	-	C	41
E00499:817:HJTG3CCX2:8:2120:24890:2487	ccnd1	CCACTGGTTATT	ACAAAACA	7	54671524	-	T	41
E00499:817:HJTG3CCX2:8:2120:24890:2487	ccnd1	CCACTGGTTATT	ACAAAACA	7	54671525	-	T	41
E00499:817:HJTG3CCX2:8:2120:24890:2487	ccnd1	CCACTGGTTATT	ACAAAACA	7	54671526	-	T	41
E00499:817:HJTG3CCX2:8:2120:24890:2487	ccnd1	CCACTGGTTATT	ACAAAACA	7	54671527	-	T	41
E00499:817:HJTG3CCX2:8:2120:24890:2487	ccnd1	CCACTGGTTATT	ACAAAACA	7	54671528	-	T	41
E00499:817:HJTG3CCX2:8:2120:24890:2487	ccnd1	CCACTGGTTATT	ACAAAACA	7	54671531	-	C	41
E00499:817:HJTG3CCX2:8:2120:24890:2487	ccnd1	CCACTGGTTATT	ACAAAACA	7	54671534	-	T	41
E00499:817:HJTG3CCX2:8:2120:24890:2487	ccnd1	CCACTGGTTATT	ACAAAACA	7	54671568	-	T	41
E00499:817:HJTG3CCX2:8:2120:24890:2487	ccnd1	CCACTGGTTATT	ACAAAACA	7	54671573	-	T	41
E00499:817:HJTG3CCX2:8:2120:24890:2487	ccnd1	CCACTGGTTATT	ACAAAACA	7	54671575	-	T	37
E00499:817:HJTG3CCX2:8:2120:24890:2487	ccnd1	CCACTGGTTATT	ACAAAACA	7	54671576	-	T	41
E00499:817:HJTG3CCX2:8:2120:24890:2487	ccnd1	CCACTGGTTATT	ACAAAACA	7	54671577	-	C	41
E00499:817:HJTG3CCX2:8:2120:24890:2487	ccnd1	CCACTGGTTATT	ACAAAACA	7	54671584	-	T	37
E00499:817:HJTG3CCX2:8:2120:24890:2487	ccnd1	CCACTGGTTATT	ACAAAACA	7	54671596	-	T	41
E00499:817:HJTG3CCX2:8:2120:24890:2487	ccnd1	CCACTGGTTATT	ACAAAACA	7	54671604	-	T	37
E00499:817:HJTG3CCX2:8:2120:24890:2487	ccnd1	CCACTGGTTATT	ACAAAACA	7	54671610	-	C	41
E00499:817:HJTG3CCX2:8:2120:24890:2487	ccnd1	CCACTGGTTATT	ACAAAACA	7	54671614	-	T	37
E00499:817:HJTG3CCX2:8:2120:24890:2487	ccnd1	CCACTGGTTATT	ACAAAACA	7	54671617	-	T	41
E00499:817:HJTG3CCX2:8:1119:29924:72983	ccnd1	CCACTGGTTATT	CAGAAGAG	7	54671494	-	T	41
E00499:817:HJTG3CCX2:8:1119:29924:72983	ccnd1	CCACTGGTTATT	CAGAAGAG	7	54671496	-	T	41
E00499:817:HJTG3CCX2:8:1119:29924:72983	ccnd1	CCACTGGTTATT	CAGAAGAG	7	54671505	-	T	41
E00499:817:HJTG3CCX2:8:1119:29924:72983	ccnd1	CCACTGGTTATT	CAGAAGAG	7	54671506	-	T	41
E00499:817:HJTG3CCX2:8:1119:29924:72983	ccnd1	CCACTGGTTATT	CAGAAGAG	7	54671507	-	C	41
E00499:817:HJTG3CCX2:8:1119:29924:72983	ccnd1	CCACTGGTTATT	CAGAAGAG	7	54671513	-	T	41
E00499:817:HJTG3CCX2:8:1119:29924:72983	ccnd1	CCACTGGTTATT	CAGAAGAG	7	54671515	-	T	41
E00499:817:HJTG3CCX2:8:1119:29924:72983	ccnd1	CCACTGGTTATT	CAGAAGAG	7	54671517	-	T	41
E00499:817:HJTG3CCX2:8:1119:29924:72983	ccnd1	CCACTGGTTATT	CAGAAGAG	7	54671520	-	C	41
E00499:817:HJTG3CCX2:8:1119:29924:72983	ccnd1	CCACTGGTTATT	CAGAAGAG	7	54671526	-	T	37
E00499:817:HJTG3CCX2:8:1119:29924:72983	ccnd1	CCACTGGTTATT	CAGAAGAG	7	54671528	-	T	32
E00499:817:HJTG3CCX2:8:1119:29924:72983	ccnd1	CCACTGGTTATT	CAGAAGAG	7	54671534	-	C	37
E00499:817:HJTG3CCX2:8:2106:24038:65845	ccnd1	CCACTGGTTATT	TCGACTGG	7	54671494	-	T	41
E00499:817:HJTG3CCX2:8:2106:24038:65845	ccnd1	CCACTGGTTATT	TCGACTGG	7	54671496	-	T	41
E00499:817:HJTG3CCX2:8:2106:24038:65845	ccnd1	CCACTGGTTATT	TCGACTGG	7	54671505	-	T	41
E00499:817:HJTG3CCX2:8:2106:24038:65845	ccnd1	CCACTGGTTATT	TCGACTGG	7	54671506	-	C	41
E00499:817:HJTG3CCX2:8:2106:24038:65845	ccnd1	CCACTGGTTATT	TCGACTGG	7	54671507	-	T	41
E00499:817:HJTG3CCX2:8:2106:24038:65845	ccnd1	CCACTGGTTATT	TCGACTGG	7	54671513	-	C	41
E00499:817:HJTG3CCX2:8:2106:24038:65845	ccnd1	CCACTGGTTATT	TCGACTGG	7	54671515	-	T	41
E00499:817:HJTG3CCX2:8:2106:24038:65845	ccnd1	CCACTGGTTATT	TCGACTGG	7	54671517	-	T	41
E00499:817:HJTG3CCX2:8:2106:24038:65845	ccnd1	CCACTGGTTATT	TCGACTGG	7	54671520	-	T	41
E00499:817:HJTG3CCX2:8:2106:24038:65845	ccnd1	CCACTGGTTATT	TCGACTGG	7	54671524	-	C	41
E00499:817:HJTG3CCX2:8:2106:24038:65845	ccnd1	CCACTGGTTATT	TCGACTGG	7	54671525	-	T	41
E00499:817:HJTG3CCX2:8:2106:24038:65845	ccnd1	CCACTGGTTATT	TCGACTGG	7	54671526	-	T	37
E00499:817:HJTG3CCX2:8:2106:24038:65845	ccnd1	CCACTGGTTATT	TCGACTGG	7	54671527	-	C	41
E00499:817:HJTG3CCX2:8:2106:24038:65845	ccnd1	CCACTGGTTATT	TCGACTGG	7	54671528	-	T	41
E00499:817:HJTG3CCX2:8:2106:24038:65845	ccnd1	CCACTGGTTATT	TCGACTGG	7	54671531	-	T	41
E00499:817:HJTG3CCX2:8:2106:24038:65845	ccnd1	CCACTGGTTATT	TCGACTGG	7	54671534	-	T	41
E00499:817:HJTG3CCX2:8:2202:7060:25358	ccnd1	CCACTGGTTATT	TCGACTGG	7	54671494	-	T	41
E00499:817:HJTG3CCX2:8:2202:7060:25358	ccnd1	CCACTGGTTATT	TCGACTGG	7	54671496	-	T	37
E00499:817:HJTG3CCX2:8:2202:7060:25358	ccnd1	CCACTGGTTATT	TCGACTGG	7	54671505	-	T	41
E00499:817:HJTG3CCX2:8:2202:7060:25358	ccnd1	CCACTGGTTATT	TCGACTGG	7	54671506	-	C	37
E00499:817:HJTG3CCX2:8:2202:7060:25358	ccnd1	CCACTGGTTATT	TCGACTGG	7	54671507	-	T	37
E00499:817:HJTG3CCX2:8:2202:7060:25358	ccnd1	CCACTGGTTATT	TCGACTGG	7	54671513	-	C	41
E00499:817:HJTG3CCX2:8:2202:7060:25358	ccnd1	CCACTGGTTATT	TCGACTGG	7	54671515	-	T	41
E00499:817:HJTG3CCX2:8:2202:7060:25358	ccnd1	CCACTGGTTATT	TCGACTGG	7	54671517	-	T	37
E00499:817:HJTG3CCX2:8:2202:7060:25358	ccnd1	CCACTGGTTATT	TCGACTGG	7	54671520	-	T	41
E00499:817:HJTG3CCX2:8:2202:7060:25358	ccnd1	CCACTGGTTATT	TCGACTGG	7	54671524	-	C	41
E00499:817:HJTG3CCX2:8:2202:7060:25358	ccnd1	CCACTGGTTATT	TCGACTGG	7	54671525	-	T	41
E00499:817:HJTG3CCX2:8:2202:7060:25358	ccnd1	CCACTGGTTATT	TCGACTGG	7	54671526	-	T	41
E00499:817:HJTG3CCX2:8:2202:7060:25358	ccnd1	CCACTGGTTATT	TCGACTGG	7	54671527	-	C	41
E00499:817:HJTG3CCX2:8:2202:7060:25358	ccnd1	CCACTGGTTATT	TCGACTGG	7	54671528	-	T	37
E00499:817:HJTG3CCX2:8:2202:7060:25358	ccnd1	CCACTGGTTATT	TCGACTGG	7	54671531	-	T	41
E00499:817:HJTG3CCX2:8:2202:7060:25358	ccnd1	CCACTGGTTATT	TCGACTGG	7	54671534	-	T	41
E00499:817:HJTG3CCX2:8:1212:1661:57319	ccnd1	CCACTGGTTATT	TCACGAGT	7	54671517	-	T	37
E00499:817:HJTG3CCX2:8:1212:1661:57319	ccnd1	CCACTGGTTATT	TCACGAGT	7	54671520	-	C	37
E00499:817:HJTG3CCX2:8:1212:1661:57319	ccnd1	CCACTGGTTATT	TCACGAGT	7	54671524	-	T	37
E00499:817:HJTG3CCX2:8:1212:1661:57319	ccnd1	CCACTGGTTATT	TCACGAGT	7	54671525	-	T	37
E00499:817:HJTG3CCX2:8:1212:1661:57319	ccnd1	CCACTGGTTATT	TCACGAGT	7	54671526	-	T	37
E00499:817:HJTG3CCX2:8:1212:1661:57319	ccnd1	CCACTGGTTATT	TCACGAGT	7	54671527	-	T	41
E00499:817:HJTG3CCX2:8:1212:1661:57319	ccnd1	CCACTGGTTATT	TCACGAGT	7	54671528	-	C	41
E00499:817:HJTG3CCX2:8:1212:1661:57319	ccnd1	CCACTGGTTATT	TCACGAGT	7	54671531	-	T	37
E00499:817:HJTG3CCX2:8:1212:1661:57319	ccnd1	CCACTGGTTATT	TCACGAGT	7	54671573	-	T	41
E00499:817:HJTG3CCX2:8:1212:1661:57319	ccnd1	CCACTGGTTATT	TCACGAGT	7	54671576	-	C	37
E00499:817:HJTG3CCX2:8:1212:1661:57319	ccnd1	CCACTGGTTATT	TCACGAGT	7	54671614	-	T	41
E00499:817:HJTG3CCX2:8:1212:1661:57319	ccnd1	CCACTGGTTATT	TCACGAGT	7	54671617	-	C	37
E00499:817:HJTG3CCX2:8:1212:1661:57319	ccnd1	CCACTGGTTATT	TCACGAGT	7	54671639	-	T	41
E00499:817:HJTG3CCX2:8:1212:1661:57319	ccnd1	CCACTGGTTATT	TCACGAGT	7	54671645	-	T	37
E00499:817:HJTG3CCX2:8:1212:1661:57319	ccnd1	CCACTGGTTATT	TCACGAGT	7	54671648	-	C	41
E00499:817:HJTG3CCX2:8:2206:25712:65652	ccnd1	CCACTGGTTATT	GAACCAGC	7	54671526	-	T	41
E00499:817:HJTG3CCX2:8:2206:25712:65652	ccnd1	CCACTGGTTATT	GAACCAGC	7	54671527	-	T	41
E00499:817:HJTG3CCX2:8:2206:25712:65652	ccnd1	CCACTGGTTATT	GAACCAGC	7	54671528	-	T	37
E00499:817:HJTG3CCX2:8:2206:25712:65652	ccnd1	CCACTGGTTATT	GAACCAGC	7	54671531	-	T	41
E00499:817:HJTG3CCX2:8:2206:25712:65652	ccnd1	CCACTGGTTATT	GAACCAGC	7	54671534	-	C	41
E00499:817:HJTG3CCX2:8:2206:25712:65652	ccnd1	CCACTGGTTATT	GAACCAGC	7	54671568	-	C	41
E00499:817:HJTG3CCX2:8:2206:25712:65652	ccnd1	CCACTGGTTATT	GAACCAGC	7	54671573	-	T	41
E00499:817:HJTG3CCX2:8:2206:25712:65652	ccnd1	CCACTGGTTATT	GAACCAGC	7	54671604	-	T	41
E00499:817:HJTG3CCX2:8:2206:25712:65652	ccnd1	CCACTGGTTATT	GAACCAGC	7	54671610	-	T	41
E00499:817:HJTG3CCX2:8:2206:25712:65652	ccnd1	CCACTGGTTATT	GAACCAGC	7	54671614	-	T	41
E00499:817:HJTG3CCX2:8:2206:25712:65652	ccnd1	CCACTGGTTATT	GAACCAGC	7	54671617	-	T	41
E00499:817:HJTG3CCX2:8:2206:25712:65652	ccnd1	CCACTGGTTATT	GAACCAGC	7	54671639	-	T	41
E00499:817:HJTG3CCX2:8:2206:25712:65652	ccnd1	CCACTGGTTATT	GAACCAGC	7	54671645	-	T	37
E00499:817:HJTG3CCX2:8:2206:25712:65652	ccnd1	CCACTGGTTATT	GAACCAGC	7	54671646	-	T	37
E00499:817:HJTG3CCX2:8:2206:25712:65652	ccnd1	CCACTGGTTATT	GAACCAGC	7	54671648	-	C	41
E00499:817:HJTG3CCX2:8:1224:22942:3788	ccnd1	CCACTGGTTATT	TTACTGGC	7	54671575	-	T	41
E00499:817:HJTG3CCX2:8:1224:22942:3788	ccnd1	CCACTGGTTATT	TTACTGGC	7	54671576	-	T	41
E00499:817:HJTG3CCX2:8:1224:22942:3788	ccnd1	CCACTGGTTATT	TTACTGGC	7	54671577	-	T	37
E00499:817:HJTG3CCX2:8:1224:22942:3788	ccnd1	CCACTGGTTATT	TTACTGGC	7	54671584	-	T	41
E00499:817:HJTG3CCX2:8:1224:22942:3788	ccnd1	CCACTGGTTATT	TTACTGGC	7	54671596	-	T	41
E00499:817:HJTG3CCX2:8:1224:22942:3788	ccnd1	CCACTGGTTATT	TTACTGGC	7	54671604	-	T	37
E00499:817:HJTG3CCX2:8:1224:22942:3788	ccnd1	CCACTGGTTATT	TTACTGGC	7	54671610	-	T	41
E00499:817:HJTG3CCX2:8:1224:22942:3788	ccnd1	CCACTGGTTATT	TTACTGGC	7	54671614	-	T	37
E00499:817:HJTG3CCX2:8:1224:22942:3788	ccnd1	CCACTGGTTATT	TTACTGGC	7	54671617	-	T	41
E00499:817:HJTG3CCX2:8:1224:22942:3788	ccnd1	CCACTGGTTATT	TTACTGGC	7	54671645	-	T	37
E00499:817:HJTG3CCX2:8:1224:22942:3788	ccnd1	CCACTGGTTATT	TTACTGGC	7	54671646	-	T	32
E00499:817:HJTG3CCX2:8:1224:22942:3788	ccnd1	CCACTGGTTATT	TTACTGGC	7	54671664	-	T	41
E00499:817:HJTG3CCX2:8:1224:22942:3788	ccnd1	CCACTGGTTATT	TTACTGGC	7	54671667	-	T	41
E00499:817:HJTG3CCX2:8:1224:22942:3788	ccnd1	CCACTGGTTATT	TTACTGGC	7	54671674	-	T	41
E00499:817:HJTG3CCX2:8:1224:22942:3788	ccnd1	CCACTGGTTATT	TTACTGGC	7	54671676	-	T	41
E00499:817:HJTG3CCX2:8:1224:22942:3788	ccnd1	CCACTGGTTATT	TTACTGGC	7	54671678	-	C	41
E00499:817:HJTG3CCX2:8:1224:22942:3788	ccnd1	CCACTGGTTATT	TTACTGGC	7	54671682	-	T	41
E00499:817:HJTG3CCX2:8:1224:22942:3788	ccnd1	CCACTGGTTATT	TTACTGGC	7	54671684	-	C	41
E00499:817:HJTG3CCX2:8:1224:22942:3788	ccnd1	CCACTGGTTATT	TTACTGGC	7	54671685	-	T	41
E00499:817:HJTG3CCX2:8:1224:22942:3788	ccnd1	CCACTGGTTATT	TTACTGGC	7	54671687	-	T	41
E00499:817:HJTG3CCX2:8:1224:22942:3788	ccnd1	CCACTGGTTATT	TTACTGGC	7	54671689	-	T	41
E00499:817:HJTG3CCX2:8:1224:22942:3788	ccnd1	CCACTGGTTATT	TTACTGGC	7	54671690	-	T	41
E00499:817:HJTG3CCX2:8:1224:22942:3788	ccnd1	CCACTGGTTATT	TTACTGGC	7	54671694	-	C	37
E00499:817:HJTG3CCX2:8:1224:22942:3788	ccnd1	CCACTGGTTATT	TTACTGGC	7	54671712	-	T	37
E00499:817:HJTG3CCX2:8:1224:22942:3788	ccnd1	CCACTGGTTATT	TTACTGGC	7	54671713	-	T	41
E00499:817:HJTG3CCX2:8:1224:22942:3788	ccnd1	CCACTGGTTATT	TTACTGGC	7	54671714	-	T	37
E00499:817:HJTG3CCX2:8:1224:22942:3788	ccnd1	CCACTGGTTATT	TTACTGGC	7	54671715	-	T	37
E00499:817:HJTG3CCX2:8:1224:22942:3788	ccnd1	CCACTGGTTATT	TTACTGGC	7	54671719	-	T	37
E00499:817:HJTG3CCX2:8:2223:27590:13422	ccnd1	CCACTGGTTATT	GAACCAGC	7	54671645	-	T	41
E00499:817:HJTG3CCX2:8:2223:27590:13422	ccnd1	CCACTGGTTATT	GAACCAGC	7	54671646	-	T	37
E00499:817:HJTG3CCX2:8:2223:27590:13422	ccnd1	CCACTGGTTATT	GAACCAGC	7	54671664	-	C	32
E00499:817:HJTG3CCX2:8:2223:27590:13422	ccnd1	CCACTGGTTATT	GAACCAGC	7	54671674	-	T	37
E00499:817:HJTG3CCX2:8:2223:27590:13422	ccnd1	CCACTGGTTATT	GAACCAGC	7	54671676	-	T	37
E00499:817:HJTG3CCX2:8:2223:27590:13422	ccnd1	CCACTGGTTATT	GAACCAGC	7	54671682	-	C	41
E00499:817:HJTG3CCX2:8:2223:27590:13422	ccnd1	CCACTGGTTATT	GAACCAGC	7	54671684	-	T	41
E00499:817:HJTG3CCX2:8:2223:27590:13422	ccnd1	CCACTGGTTATT	GAACCAGC	7	54671685	-	T	41
E00499:817:HJTG3CCX2:8:2223:27590:13422	ccnd1	CCACTGGTTATT	GAACCAGC	7	54671687	-	T	41
E00499:817:HJTG3CCX2:8:2223:27590:13422	ccnd1	CCACTGGTTATT	GAACCAGC	7	54671689	-	T	41
E00499:817:HJTG3CCX2:8:2223:27590:13422	ccnd1	CCACTGGTTATT	GAACCAGC	7	54671690	-	C	41
E00499:817:HJTG3CCX2:8:2223:27590:13422	ccnd1	CCACTGGTTATT	GAACCAGC	7	54671694	-	T	37
E00499:817:HJTG3CCX2:8:2223:27590:13422	ccnd1	CCACTGGTTATT	GAACCAGC	7	54671712	-	C	41
E00499:817:HJTG3CCX2:8:2223:27590:13422	ccnd1	CCACTGGTTATT	GAACCAGC	7	54671713	-	T	41
E00499:817:HJTG3CCX2:8:2223:27590:13422	ccnd1	CCACTGGTTATT	GAACCAGC	7	54671714	-	C	41
E00499:817:HJTG3CCX2:8:2223:27590:13422	ccnd1	CCACTGGTTATT	GAACCAGC	7	54671715	-	T	37
E00499:817:HJTG3CCX2:8:2223:27590:13422	ccnd1	CCACTGGTTATT	GAACCAGC	7	54671719	-	T	41
E00499:817:HJTG3CCX2:8:2223:27590:13422	ccnd1	CCACTGGTTATT	GAACCAGC	7	54671724	-	T	41
E00499:817:HJTG3CCX2:8:2223:27590:13422	ccnd1	CCACTGGTTATT	GAACCAGC	7	54671725	-	T	41
E00499:817:HJTG3CCX2:8:2223:27590:13422	ccnd1	CCACTGGTTATT	GAACCAGC	7	54671729	-	T	41
E00499:817:HJTG3CCX2:8:2223:27590:13422	ccnd1	CCACTGGTTATT	GAACCAGC	7	54671731	-	T	41
E00499:817:HJTG3CCX2:8:2223:27590:13422	ccnd1	CCACTGGTTATT	GAACCAGC	7	54671732	-	T	41
E00499:817:HJTG3CCX2:8:2223:27590:13422	ccnd1	CCACTGGTTATT	GAACCAGC	7	54671743	-	T	41
E00499:817:HJTG3CCX2:8:2223:27590:13422	ccnd1	CCACTGGTTATT	GAACCAGC	7	54671744	-	T	37
E00499:817:HJTG3CCX2:8:2223:27590:13422	ccnd1	CCACTGGTTATT	GAACCAGC	7	54671746	-	C	41
E00499:817:HJTG3CCX2:8:2223:27590:13422	ccnd1	CCACTGGTTATT	GAACCAGC	7	54671747	-	T	37
E00499:817:HJTG3CCX2:8:2223:27590:13422	ccnd1	CCACTGGTTATT	GAACCAGC	7	54671750	-	T	41
E00499:817:HJTG3CCX2:8:2223:27590:13422	ccnd1	CCACTGGTTATT	GAACCAGC	7	54671753	-	T	41
E00499:817:HJTG3CCX2:8:2223:27590:13422	ccnd1	CCACTGGTTATT	GAACCAGC	7	54671755	-	T	41
E00499:817:HJTG3CCX2:8:2223:27590:13422	ccnd1	CCACTGGTTATT	GAACCAGC	7	54671758	-	C	37
E00499:817:HJTG3CCX2:8:2223:27590:13422	ccnd1	CCACTGGTTATT	GAACCAGC	7	54671760	-	T	41
E00499:817:HJTG3CCX2:8:2223:27590:13422	ccnd1	CCACTGGTTATT	GAACCAGC	7	54671763	-	T	41
E00499:817:HJTG3CCX2:8:2223:27590:13422	ccnd1	CCACTGGTTATT	GAACCAGC	7	54671765	-	T	41
E00499:817:HJTG3CCX2:8:2223:27590:13422	ccnd1	CCACTGGTTATT	GAACCAGC	7	54671768	-	T	41
E00499:817:HJTG3CCX2:8:2201:7101:11259	ccnd1	CCACTGGTTATT	TTACTGGC	7	54671685	-	T	41
E00499:817:HJTG3CCX2:8:2201:7101:11259	ccnd1	CCACTGGTTATT	TTACTGGC	7	54671687	-	T	41
E00499:817:HJTG3CCX2:8:2201:7101:11259	ccnd1	CCACTGGTTATT	TTACTGGC	7	54671689	-	T	41
E00499:817:HJTG3CCX2:8:2201:7101:11259	ccnd1	CCACTGGTTATT	TTACTGGC	7	54671690	-	T	37
E00499:817:HJTG3CCX2:8:2201:7101:11259	ccnd1	CCACTGGTTATT	TTACTGGC	7	54671694	-	C	32
E00499:817:HJTG3CCX2:8:2201:7101:11259	ccnd1	CCACTGGTTATT	TTACTGGC	7	54671712	-	T	41
E00499:817:HJTG3CCX2:8:2201:7101:11259	ccnd1	CCACTGGTTATT	TTACTGGC	7	54671713	-	T	41
E00499:817:HJTG3CCX2:8:2201:7101:11259	ccnd1	CCACTGGTTATT	TTACTGGC	7	54671714	-	T	41
E00499:817:HJTG3CCX2:8:2201:7101:11259	ccnd1	CCACTGGTTATT	TTACTGGC	7	54671715	-	T	37
E00499:817:HJTG3CCX2:8:2201:7101:11259	ccnd1	CCACTGGTTATT	TTACTGGC	7	54671719	-	T	37
E00499:817:HJTG3CCX2:8:2201:7101:11259	ccnd1	CCACTGGTTATT	TTACTGGC	7	54671724	-	T	32
E00499:817:HJTG3CCX2:8:2201:7101:11259	ccnd1	CCACTGGTTATT	TTACTGGC	7	54671725	-	C	37
E00499:817:HJTG3CCX2:8:2201:7101:11259	ccnd1	CCACTGGTTATT	TTACTGGC	7	54671729	-	C	37
E00499:817:HJTG3CCX2:8:2201:7101:11259	ccnd1	CCACTGGTTATT	TTACTGGC	7	54671743	-	T	32
E00499:817:HJTG3CCX2:8:2201:7101:11259	ccnd1	CCACTGGTTATT	TTACTGGC	7	54671744	-	T	37
E00499:817:HJTG3CCX2:8:2201:7101:11259	ccnd1	CCACTGGTTATT	TTACTGGC	7	54671746	-	T	37
E00499:817:HJTG3CCX2:8:2201:7101:11259	ccnd1	CCACTGGTTATT	TTACTGGC	7	54671747	-	C	37
E00499:817:HJTG3CCX2:8:2201:7101:11259	ccnd1	CCACTGGTTATT	TTACTGGC	7	54671750	-	T	41
E00499:817:HJTG3CCX2:8:2201:7101:11259	ccnd1	CCACTGGTTATT	TTACTGGC	7	54671753	-	C	41
E00499:817:HJTG3CCX2:8:2201:7101:11259	ccnd1	CCACTGGTTATT	TTACTGGC	7	54671755	-	T	41
E00499:817:HJTG3CCX2:8:2201:7101:11259	ccnd1	CCACTGGTTATT	TTACTGGC	7	54671758	-	T	41
E00499:817:HJTG3CCX2:8:2201:7101:11259	ccnd1	CCACTGGTTATT	TTACTGGC	7	54671760	-	T	41
E00499:817:HJTG3CCX2:8:2201:7101:11259	ccnd1	CCACTGGTTATT	TTACTGGC	7	54671763	-	T	41
E00499:817:HJTG3CCX2:8:2201:7101:11259	ccnd1	CCACTGGTTATT	TTACTGGC	7	54671765	-	T	41
E00499:817:HJTG3CCX2:8:2201:7101:11259	ccnd1	CCACTGGTTATT	TTACTGGC	7	54671768	-	T	41
E00499:817:HJTG3CCX2:8:2201:7101:11259	ccnd1	CCACTGGTTATT	TTACTGGC	7	54671769	-	T	41
E00499:817:HJTG3CCX2:8:2201:7101:11259	ccnd1	CCACTGGTTATT	TTACTGGC	7	54671770	-	T	41
E00499:817:HJTG3CCX2:8:2201:7101:11259	ccnd1	CCACTGGTTATT	TTACTGGC	7	54671771	-	T	41
E00499:817:HJTG3CCX2:8:2201:7101:11259	ccnd1	CCACTGGTTATT	TTACTGGC	7	54671772	-	T	41
E00499:817:HJTG3CCX2:8:2201:7101:11259	ccnd1	CCACTGGTTATT	TTACTGGC	7	54671774	-	T	41
E00499:817:HJTG3CCX2:8:2201:7101:11259	ccnd1	CCACTGGTTATT	TTACTGGC	7	54671779	-	C	41
E00499:817:HJTG3CCX2:8:2201:7101:11259	ccnd1	CCACTGGTTATT	TTACTGGC	7	54671780	-	C	41
E00499:817:HJTG3CCX2:8:2201:7101:11259	ccnd1	CCACTGGTTATT	TTACTGGC	7	54671783	-	T	41
E00499:817:HJTG3CCX2:8:2201:7101:11259	ccnd1	CCACTGGTTATT	TTACTGGC	7	54671791	-	T	41
E00499:817:HJTG3CCX2:8:2201:7101:11259	ccnd1	CCACTGGTTATT	TTACTGGC	7	54671794	-	C	41
E00499:817:HJTG3CCX2:8:2201:7101:11259	ccnd1	CCACTGGTTATT	TTACTGGC	7	54671798	-	T	41
E00499:817:HJTG3CCX2:8:2201:7101:11259	ccnd1	CCACTGGTTATT	TTACTGGC	7	54671801	-	T	41
E00499:817:HJTG3CCX2:8:2201:7101:11259	ccnd1	CCACTGGTTATT	TTACTGGC	7	54671802	-	C	41
E00499:817:HJTG3CCX2:8:2201:7101:11259	ccnd1	CCACTGGTTATT	TTACTGGC	7	54671805	-	T	41
E00499:817:HJTG3CCX2:8:2201:7101:11259	ccnd1	CCACTGGTTATT	TTACTGGC	7	54671813	-	T	41
E00499:817:HJTG3CCX2:8:2201:7101:11259	ccnd1	CCACTGGTTATT	TTACTGGC	7	54671816	-	C	41
E00499:817:HJTG3CCX2:8:2201:7101:11259	ccnd1	CCACTGGTTATT	TTACTGGC	7	54671818	-	T	37
E00499:817:HJTG3CCX2:8:2201:7101:11259	ccnd1	CCACTGGTTATT	TTACTGGC	7	54671820	-	T	32
E00499:817:HJTG3CCX2:8:1216:23165:62435	ccnd1	CCACTGGTTATT	CGCCACCC	7	54671712	-	T	41
E00499:817:HJTG3CCX2:8:1216:23165:62435	ccnd1	CCACTGGTTATT	CGCCACCC	7	54671713	-	T	41
E00499:817:HJTG3CCX2:8:1216:23165:62435	ccnd1	CCACTGGTTATT	CGCCACCC	7	54671714	-	T	41
E00499:817:HJTG3CCX2:8:1216:23165:62435	ccnd1	CCACTGGTTATT	CGCCACCC	7	54671715	-	T	41
E00499:817:HJTG3CCX2:8:1216:23165:62435	ccnd1	CCACTGGTTATT	CGCCACCC	7	54671719	-	T	41
E00499:817:HJTG3CCX2:8:1216:23165:62435	ccnd1	CCACTGGTTATT	CGCCACCC	7	54671724	-	C	41
E00499:817:HJTG3CCX2:8:1216:23165:62435	ccnd1	CCACTGGTTATT	CGCCACCC	7	54671725	-	T	41
E00499:817:HJTG3CCX2:8:1216:23165:62435	ccnd1	CCACTGGTTATT	CGCCACCC	7	54671729	-	C	41
E00499:817:HJTG3CCX2:8:1216:23165:62435	ccnd1	CCACTGGTTATT	CGCCACCC	7	54671731	-	T	41
E00499:817:HJTG3CCX2:8:1216:23165:62435	ccnd1	CCACTGGTTATT	CGCCACCC	7	54671732	-	T	41
E00499:817:HJTG3CCX2:8:1216:23165:62435	ccnd1	CCACTGGTTATT	CGCCACCC	7	54671743	-	C	41
E00499:817:HJTG3CCX2:8:1216:23165:62435	ccnd1	CCACTGGTTATT	CGCCACCC	7	54671744	-	T	41
E00499:817:HJTG3CCX2:8:1216:23165:62435	ccnd1	CCACTGGTTATT	CGCCACCC	7	54671746	-	T	41
E00499:817:HJTG3CCX2:8:1216:23165:62435	ccnd1	CCACTGGTTATT	CGCCACCC	7	54671747	-	T	41
E00499:817:HJTG3CCX2:8:1216:23165:62435	ccnd1	CCACTGGTTATT	CGCCACCC	7	54671750	-	T	41
E00499:817:HJTG3CCX2:8:1216:23165:62435	ccnd1	CCACTGGTTATT	CGCCACCC	7	54671753	-	T	41
E00499:817:HJTG3CCX2:8:1216:23165:62435	ccnd1	CCACTGGTTATT	CGCCACCC	7	54671755	-	C	41
E00499:817:HJTG3CCX2:8:1216:23165:62435	ccnd1	CCACTGGTTATT	CGCCACCC	7	54671758	-	T	41
E00499:817:HJTG3CCX2:8:1216:23165:62435	ccnd1	CCACTGGTTATT	CGCCACCC	7	54671760	-	T	41
E00499:817:HJTG3CCX2:8:1216:23165:62435	ccnd1	CCACTGGTTATT	CGCCACCC	7	54671763	-	T	41
E00499:817:HJTG3CCX2:8:1216:23165:62435	ccnd1	CCACTGGTTATT	CGCCACCC	7	54671765	-	T	41
E00499:817:HJTG3CCX2:8:1216:23165:62435	ccnd1	CCACTGGTTATT	CGCCACCC	7	54671768	-	C	41
E00499:817:HJTG3CCX2:8:1216:23165:62435	ccnd1	CCACTGGTTATT	CGCCACCC	7	54671769	-	T	41
E00499:817:HJTG3CCX2:8:1216:23165:62435	ccnd1	CCACTGGTTATT	CGCCACCC	7	54671770	-	T	41
E00499:817:HJTG3CCX2:8:1216:23165:62435	ccnd1	CCACTGGTTATT	CGCCACCC	7	54671771	-	C	41
E00499:817:HJTG3CCX2:8:1216:23165:62435	ccnd1	CCACTGGTTATT	CGCCACCC	7	54671772	-	T	41
E00499:817:HJTG3CCX2:8:1216:23165:62435	ccnd1	CCACTGGTTATT	CGCCACCC	7	54671774	-	T	41
E00499:817:HJTG3CCX2:8:1216:23165:62435	ccnd1	CCACTGGTTATT	CGCCACCC	7	54671779	-	T	41
E00499:817:HJTG3CCX2:8:1216:23165:62435	ccnd1	CCACTGGTTATT	CGCCACCC	7	54671780	-	T	41
E00499:817:HJTG3CCX2:8:1216:23165:62435	ccnd1	CCACTGGTTATT	CGCCACCC	7	54671783	-	T	41
E00499:817:HJTG3CCX2:8:1216:23165:62435	ccnd1	CCACTGGTTATT	CGCCACCC	7	54671791	-	T	37
E00499:817:HJTG3CCX2:8:1211:12094:43466	ccnd1	CCACTGGTTATT	TATTTTTT	7	54671760	-	T	37
E00499:817:HJTG3CCX2:8:1211:12094:43466	ccnd1	CCACTGGTTATT	TATTTTTT	7	54671763	-	T	41
E00499:817:HJTG3CCX2:8:1211:12094:43466	ccnd1	CCACTGGTTATT	TATTTTTT	7	54671768	-	T	41
E00499:817:HJTG3CCX2:8:1211:12094:43466	ccnd1	CCACTGGTTATT	TATTTTTT	7	54671769	-	T	37
E00499:817:HJTG3CCX2:8:1211:12094:43466	ccnd1	CCACTGGTTATT	TATTTTTT	7	54671770	-	T	41
E00499:817:HJTG3CCX2:8:1211:12094:43466	ccnd1	CCACTGGTTATT	TATTTTTT	7	54671772	-	T	37
E00499:817:HJTG3CCX2:8:1211:12094:43466	ccnd1	CCACTGGTTATT	TATTTTTT	7	54671774	-	C	32
E00499:817:HJTG3CCX2:8:1211:12094:43466	ccnd1	CCACTGGTTATT	TATTTTTT	7	54671779	-	T	32
E00499:817:HJTG3CCX2:8:1211:12094:43466	ccnd1	CCACTGGTTATT	TATTTTTT	7	54671783	-	T	37
E00499:817:HJTG3CCX2:8:1211:12094:43466	ccnd1	CCACTGGTTATT	TATTTTTT	7	54671791	-	T	41
E00499:817:HJTG3CCX2:8:1211:12094:43466	ccnd1	CCACTGGTTATT	TATTTTTT	7	54671794	-	T	41
E00499:817:HJTG3CCX2:8:1211:12094:43466	ccnd1	CCACTGGTTATT	TATTTTTT	7	54671798	-	T	32
E00499:817:HJTG3CCX2:8:1211:12094:43466	ccnd1	CCACTGGTTATT	TATTTTTT	7	54671801	-	C	32
E00499:817:HJTG3CCX2:8:1211:12094:43466	ccnd1	CCACTGGTTATT	TATTTTTT	7	54671805	-	C	41
E00499:817:HJTG3CCX2:8:1211:12094:43466	ccnd1	CCACTGGTTATT	TATTTTTT	7	54671816	-	T	41
E00499:817:HJTG3CCX2:8:1211:12094:43466	ccnd1	CCACTGGTTATT	TATTTTTT	7	54671818	-	C	41
E00499:817:HJTG3CCX2:8:1211:12094:43466	ccnd1	CCACTGGTTATT	TATTTTTT	7	54671820	-	T	41
E00499:817:HJTG3CCX2:8:1211:12094:43466	ccnd1	CCACTGGTTATT	TATTTTTT	7	54671822	-	T	41
E00499:817:HJTG3CCX2:8:1211:12094:43466	ccnd1	CCACTGGTTATT	TATTTTTT	7	54671827	-	T	41
E00499:817:HJTG3CCX2:8:1211:12094:43466	ccnd1	CCACTGGTTATT	TATTTTTT	7	54671828	-	C	41
E00499:817:HJTG3CCX2:8:1211:12094:43466	ccnd1	CCACTGGTTATT	TATTTTTT	7	54671829	-	T	41
E00499:817:HJTG3CCX2:8:1211:12094:43466	ccnd1	CCACTGGTTATT	TATTTTTT	7	54671831	-	T	41
E00499:817:HJTG3CCX2:8:1211:12094:43466	ccnd1	CCACTGGTTATT	TATTTTTT	7	54671833	-	T	41
E00499:817:HJTG3CCX2:8:1211:12094:43466	ccnd1	CCACTGGTTATT	TATTTTTT	7	54671837	-	T	37
E00499:817:HJTG3CCX2:8:1211:12094:43466	ccnd1	CCACTGGTTATT	TATTTTTT	7	54671839	-	T	41
E00499:817:HJTG3CCX2:8:1211:12094:43466	ccnd1	CCACTGGTTATT	TATTTTTT	7	54671847	-	T	37
E00499:817:HJTG3CCX2:8:1211:12094:43466	ccnd1	CCACTGGTTATT	TATTTTTT	7	54671855	-	T	41
E00499:817:HJTG3CCX2:8:1211:12094:43466	ccnd1	CCACTGGTTATT	TATTTTTT	7	54671857	-	T	41
E00499:817:HJTG3CCX2:8:1211:12094:43466	ccnd1	CCACTGGTTATT	TATTTTTT	7	54671866	-	T	41
E00499:817:HJTG3CCX2:8:1211:12094:43466	ccnd1	CCACTGGTTATT	TATTTTTT	7	54671869	-	T	41
E00499:817:HJTG3CCX2:8:1211:12094:43466	ccnd1	CCACTGGTTATT	TATTTTTT	7	54671874	-	T	37
E00499:817:HJTG3CCX2:8:1211:12094:43466	ccnd1	CCACTGGTTATT	TATTTTTT	7	54671879	-	T	37
E00499:817:HJTG3CCX2:8:1211:12094:43466	ccnd1	CCACTGGTTATT	TATTTTTT	7	54671881	-	T	37
E00499:817:HJTG3CCX2:8:1211:12094:43466	ccnd1	CCACTGGTTATT	TATTTTTT	7	54671882	-	T	41
E00499:817:HJTG3CCX2:8:1211:12094:43466	ccnd1	CCACTGGTTATT	TATTTTTT	7	54671883	-	T	32
E00499:817:HJTG3CCX2:8:1211:12094:43466	ccnd1	CCACTGGTTATT	TATTTTTT	7	54671884	-	T	41
E00499:817:HJTG3CCX2:8:1211:12094:43466	ccnd1	CCACTGGTTATT	TATTTTTT	7	54671886	-	T	37
E00499:817:HJTG3CCX2:8:1211:12094:43466	ccnd1	CCACTGGTTATT	TATTTTTT	7	54671887	-	T	37
E00499:817:HJTG3CCX2:8:2121:18010:6003	ccnd1	CCACTGGTTATT	TCAGCTCA	7	54672305	-	T	37
E00499:817:HJTG3CCX2:8:2121:18010:6003	ccnd1	CCACTGGTTATT	TCAGCTCA	7	54672308	-	T	32
E00499:817:HJTG3CCX2:8:2121:18010:6003	ccnd1	CCACTGGTTATT	TCAGCTCA	7	54672313	-	T	32
E00499:817:HJTG3CCX2:8:2121:18010:6003	ccnd1	CCACTGGTTATT	TCAGCTCA	7	54672320	-	T	37
E00499:817:HJTG3CCX2:8:2121:18010:6003	ccnd1	CCACTGGTTATT	TCAGCTCA	7	54672321	-	T	37
E00499:817:HJTG3CCX2:8:2121:18010:6003	ccnd1	CCACTGGTTATT	TCAGCTCA	7	54672335	-	T	37
E00499:817:HJTG3CCX2:8:2121:18010:6003	ccnd1	CCACTGGTTATT	TCAGCTCA	7	54672336	-	T	41
E00499:817:HJTG3CCX2:8:2121:18010:6003	ccnd1	CCACTGGTTATT	TCAGCTCA	7	54672344	-	C	37
E00499:817:HJTG3CCX2:8:2121:18010:6003	ccnd1	CCACTGGTTATT	TCAGCTCA	7	54672347	-	T	32
E00499:817:HJTG3CCX2:8:2121:18010:6003	ccnd1	CCACTGGTTATT	TCAGCTCA	7	54672349	-	T	41
E00499:817:HJTG3CCX2:8:2121:18010:6003	ccnd1	CCACTGGTTATT	TCAGCTCA	7	54672372	-	T	37
E00499:817:HJTG3CCX2:8:2121:18010:6003	ccnd1	CCACTGGTTATT	TCAGCTCA	7	54672374	-	T	37
E00499:817:HJTG3CCX2:8:2121:18010:6003	ccnd1	CCACTGGTTATT	TCAGCTCA	7	54672375	-	T	37
E00499:817:HJTG3CCX2:8:2121:18010:6003	ccnd1	CCACTGGTTATT	TCAGCTCA	7	54672396	-	C	37
E00499:817:HJTG3CCX2:8:2121:18010:6003	ccnd1	CCACTGGTTATT	TCAGCTCA	7	54672398	-	T	32
E00499:817:HJTG3CCX2:8:2121:18010:6003	ccnd1	CCACTGGTTATT	TCAGCTCA	7	54672408	-	C	37
E00499:817:HJTG3CCX2:8:2121:18010:6003	ccnd1	CCACTGGTTATT	TCAGCTCA	7	54672413	-	T	32
E00499:817:HJTG3CCX2:8:2121:18010:6003	ccnd1	CCACTGGTTATT	TCAGCTCA	7	54672418	-	T	37
E00499:817:HJTG3CCX2:8:2121:18010:6003	ccnd1	CCACTGGTTATT	TCAGCTCA	7	54672420	-	T	32
E00499:817:HJTG3CCX2:8:2121:18010:6003	ccnd1	CCACTGGTTATT	TCAGCTCA	7	54672435	-	T	37
E00499:817:HJTG3CCX2:8:2121:18010:6003	ccnd1	CCACTGGTTATT	TCAGCTCA	7	54672437	-	C	37
E00499:817:HJTG3CCX2:8:2121:18010:6003	ccnd1	CCACTGGTTATT	TCAGCTCA	7	54672442	-	T	32
E00499:817:HJTG3CCX2:8:1210:21430:9712	ccnd1	CCACTGGTTATT	TCCAAACG	7	54672755	-	T	41
E00499:817:HJTG3CCX2:8:1210:21430:9712	ccnd1	CCACTGGTTATT	TCCAAACG	7	54672756	-	T	41
E00499:817:HJTG3CCX2:8:1210:21430:9712	ccnd1	CCACTGGTTATT	TCCAAACG	7	54672757	-	T	41
E00499:817:HJTG3CCX2:8:1210:21430:9712	ccnd1	CCACTGGTTATT	TCCAAACG	7	54672758	-	C	41
E00499:817:HJTG3CCX2:8:1210:21430:9712	ccnd1	CCACTGGTTATT	TCCAAACG	7	54672763	-	T	41
E00499:817:HJTG3CCX2:8:1210:21430:9712	ccnd1	CCACTGGTTATT	TCCAAACG	7	54672765	-	C	41
E00499:817:HJTG3CCX2:8:1210:21430:9712	ccnd1	CCACTGGTTATT	TCCAAACG	7	54672767	-	T	41
E00499:817:HJTG3CCX2:8:1210:21430:9712	ccnd1	CCACTGGTTATT	TCCAAACG	7	54672772	-	T	41
E00499:817:HJTG3CCX2:8:1210:21430:9712	ccnd1	CCACTGGTTATT	TCCAAACG	7	54672774	-	C	41
E00499:817:HJTG3CCX2:8:1210:21430:9712	ccnd1	CCACTGGTTATT	TCCAAACG	7	54672777	-	T	41
E00499:817:HJTG3CCX2:8:1210:21430:9712	ccnd1	CCACTGGTTATT	TCCAAACG	7	54672782	-	T	41
E00499:817:HJTG3CCX2:8:1210:21430:9712	ccnd1	CCACTGGTTATT	TCCAAACG	7	54672786	-	T	37
E00499:817:HJTG3CCX2:8:1210:21430:9712	ccnd1	CCACTGGTTATT	TCCAAACG	7	54672789	-	T	32
E00499:817:HJTG3CCX2:8:2203:2849:11804	ccnd1	CCACTGGTTATT	GCTCCGAA	7	54672888	-	T	41
E00499:817:HJTG3CCX2:8:2203:2849:11804	ccnd1	CCACTGGTTATT	GCTCCGAA	7	54672889	-	T	41
E00499:817:HJTG3CCX2:8:2203:2849:11804	ccnd1	CCACTGGTTATT	GCTCCGAA	7	54672893	-	T	41
E00499:817:HJTG3CCX2:8:2203:2849:11804	ccnd1	CCACTGGTTATT	GCTCCGAA	7	54672895	-	C	41
E00499:817:HJTG3CCX2:8:2203:2849:11804	ccnd1	CCACTGGTTATT	GCTCCGAA	7	54672900	-	C	41
E00499:817:HJTG3CCX2:8:2203:2849:11804	ccnd1	CCACTGGTTATT	GCTCCGAA	7	54672909	-	T	41
E00499:817:HJTG3CCX2:8:2203:2849:11804	ccnd1	CCACTGGTTATT	GCTCCGAA	7	54672912	-	T	41
E00499:817:HJTG3CCX2:8:2203:2849:11804	ccnd1	CCACTGGTTATT	GCTCCGAA	7	54672916	-	C	41
E00499:817:HJTG3CCX2:8:2203:2849:11804	ccnd1	CCACTGGTTATT	GCTCCGAA	7	54672917	-	T	41
E00499:817:HJTG3CCX2:8:2203:2849:11804	ccnd1	CCACTGGTTATT	GCTCCGAA	7	54672919	-	T	41
E00499:817:HJTG3CCX2:8:2203:2849:11804	ccnd1	CCACTGGTTATT	GCTCCGAA	7	54672934	-	T	41
E00499:817:HJTG3CCX2:8:2203:2849:11804	ccnd1	CCACTGGTTATT	GCTCCGAA	7	54672941	-	C	37
E00499:817:HJTG3CCX2:8:2203:2849:11804	ccnd1	CCACTGGTTATT	GCTCCGAA	7	54672954	-	C	41
E00499:817:HJTG3CCX2:8:2203:2849:11804	ccnd1	CCACTGGTTATT	GCTCCGAA	7	54672961	-	T	41
E00499:817:HJTG3CCX2:8:2203:2849:11804	ccnd1	CCACTGGTTATT	GCTCCGAA	7	54672963	-	C	41
E00499:817:HJTG3CCX2:8:2203:2849:11804	ccnd1	CCACTGGTTATT	GCTCCGAA	7	54672975	-	T	41
E00499:817:HJTG3CCX2:8:2203:2849:11804	ccnd1	CCACTGGTTATT	GCTCCGAA	7	54672979	-	C	41
E00499:817:HJTG3CCX2:8:2203:2849:11804	ccnd1	CCACTGGTTATT	GCTCCGAA	7	54672982	-	T	41
E00499:817:HJTG3CCX2:8:2203:2849:11804	ccnd1	CCACTGGTTATT	GCTCCGAA	7	54673004	-	T	41
E00499:817:HJTG3CCX2:8:2203:2849:11804	ccnd1	CCACTGGTTATT	GCTCCGAA	7	54673007	-	T	41
E00499:817:HJTG3CCX2:8:2203:2849:11804	ccnd1	CCACTGGTTATT	GCTCCGAA	7	54673019	-	T	41
E00499:817:HJTG3CCX2:8:2203:2849:11804	ccnd1	CCACTGGTTATT	GCTCCGAA	7	54673020	-	T	41
E00499:817:HJTG3CCX2:8:2203:2849:11804	ccnd1	CCACTGGTTATT	GCTCCGAA	7	54673021	-	C	41
E00499:817:HJTG3CCX2:8:2203:2849:11804	ccnd1	CCACTGGTTATT	GCTCCGAA	7	54673026	-	T	41
E00499:817:HJTG3CCX2:8:2203:2849:11804	ccnd1	CCACTGGTTATT	GCTCCGAA	7	54673028	-	C	37
E00499:817:HJTG3CCX2:8:1111:27793:26361	ccnd1	CCACTGGTTATT	GCTCCGAA	7	54672917	-	T	41
E00499:817:HJTG3CCX2:8:1111:27793:26361	ccnd1	CCACTGGTTATT	GCTCCGAA	7	54672919	-	T	41
E00499:817:HJTG3CCX2:8:1111:27793:26361	ccnd1	CCACTGGTTATT	GCTCCGAA	7	54672934	-	T	41
E00499:817:HJTG3CCX2:8:1111:27793:26361	ccnd1	CCACTGGTTATT	GCTCCGAA	7	54672941	-	C	41
E00499:817:HJTG3CCX2:8:1111:27793:26361	ccnd1	CCACTGGTTATT	GCTCCGAA	7	54672942	-	T	41
E00499:817:HJTG3CCX2:8:1111:27793:26361	ccnd1	CCACTGGTTATT	GCTCCGAA	7	54672950	-	T	41
E00499:817:HJTG3CCX2:8:1111:27793:26361	ccnd1	CCACTGGTTATT	GCTCCGAA	7	54672954	-	C	41
E00499:817:HJTG3CCX2:8:1111:27793:26361	ccnd1	CCACTGGTTATT	GCTCCGAA	7	54672961	-	T	41
E00499:817:HJTG3CCX2:8:1111:27793:26361	ccnd1	CCACTGGTTATT	GCTCCGAA	7	54672963	-	C	41
E00499:817:HJTG3CCX2:8:1111:27793:26361	ccnd1	CCACTGGTTATT	GCTCCGAA	7	54672975	-	T	41
E00499:817:HJTG3CCX2:8:1111:27793:26361	ccnd1	CCACTGGTTATT	GCTCCGAA	7	54672979	-	C	41
E00499:817:HJTG3CCX2:8:1111:27793:26361	ccnd1	CCACTGGTTATT	GCTCCGAA	7	54672982	-	T	41
E00499:817:HJTG3CCX2:8:1111:27793:26361	ccnd1	CCACTGGTTATT	GCTCCGAA	7	54673004	-	T	41
E00499:817:HJTG3CCX2:8:1111:27793:26361	ccnd1	CCACTGGTTATT	GCTCCGAA	7	54673007	-	T	41
E00499:817:HJTG3CCX2:8:1111:27793:26361	ccnd1	CCACTGGTTATT	GCTCCGAA	7	54673019	-	T	41
E00499:817:HJTG3CCX2:8:1111:27793:26361	ccnd1	CCACTGGTTATT	GCTCCGAA	7	54673020	-	T	41
E00499:817:HJTG3CCX2:8:1111:27793:26361	ccnd1	CCACTGGTTATT	GCTCCGAA	7	54673021	-	C	41
E00499:817:HJTG3CCX2:8:1111:27793:26361	ccnd1	CCACTGGTTATT	GCTCCGAA	7	54673026	-	T	41
E00499:817:HJTG3CCX2:8:1111:27793:26361	ccnd1	CCACTGGTTATT	GCTCCGAA	7	54673028	-	C	41
E00499:817:HJTG3CCX2:8:1111:27793:26361	ccnd1	CCACTGGTTATT	GCTCCGAA	7	54673032	-	T	41
E00499:817:HJTG3CCX2:8:1111:27793:26361	ccnd1	CCACTGGTTATT	GCTCCGAA	7	54673035	-	C	41
E00499:817:HJTG3CCX2:8:1111:27793:26361	ccnd1	CCACTGGTTATT	GCTCCGAA	7	54673037	-	T	41
E00499:817:HJTG3CCX2:8:1111:27793:26361	ccnd1	CCACTGGTTATT	GCTCCGAA	7	54673038	-	T	41
E00499:817:HJTG3CCX2:8:1111:27793:26361	ccnd1	CCACTGGTTATT	GCTCCGAA	7	54673039	-	T	41
E00499:817:HJTG3CCX2:8:1111:27793:26361	ccnd1	CCACTGGTTATT	GCTCCGAA	7	54673041	-	C	41
E00499:817:HJTG3CCX2:8:1111:27793:26361	ccnd1	CCACTGGTTATT	GCTCCGAA	7	54673042	-	T	41
E00499:817:HJTG3CCX2:8:1111:27793:26361	ccnd1	CCACTGGTTATT	GCTCCGAA	7	54673043	-	T	41
E00499:817:HJTG3CCX2:8:1216:19755:61310	ccnd1	CCACTGGTTATT	GCTCCGAA	7	54673072	-	T	41
E00499:817:HJTG3CCX2:8:1216:19755:61310	ccnd1	CCACTGGTTATT	GCTCCGAA	7	54673073	-	T	37
E00499:817:HJTG3CCX2:8:1216:19755:61310	ccnd1	CCACTGGTTATT	GCTCCGAA	7	54673075	-	T	41
E00499:817:HJTG3CCX2:8:1216:19755:61310	ccnd1	CCACTGGTTATT	GCTCCGAA	7	54673079	-	C	41
E00499:817:HJTG3CCX2:8:1216:19755:61310	ccnd1	CCACTGGTTATT	GCTCCGAA	7	54673087	-	T	41
E00499:817:HJTG3CCX2:8:1216:19755:61310	ccnd1	CCACTGGTTATT	GCTCCGAA	7	54673088	-	T	41
E00499:817:HJTG3CCX2:8:1216:19755:61310	ccnd1	CCACTGGTTATT	GCTCCGAA	7	54673089	-	T	37
E00499:817:HJTG3CCX2:8:1216:19755:61310	ccnd1	CCACTGGTTATT	GCTCCGAA	7	54673094	-	T	37
E00499:817:HJTG3CCX2:8:1216:19755:61310	ccnd1	CCACTGGTTATT	GCTCCGAA	7	54673095	-	T	37
E00499:817:HJTG3CCX2:8:1216:19755:61310	ccnd1	CCACTGGTTATT	GCTCCGAA	7	54673104	-	T	32
E00499:817:HJTG3CCX2:8:1216:19755:61310	ccnd1	CCACTGGTTATT	GCTCCGAA	7	54673115	-	T	37
E00499:817:HJTG3CCX2:8:1216:19755:61310	ccnd1	CCACTGGTTATT	GCTCCGAA	7	54673120	-	C	41
E00499:817:HJTG3CCX2:8:1216:19755:61310	ccnd1	CCACTGGTTATT	GCTCCGAA	7	54673121	-	C	41
E00499:817:HJTG3CCX2:8:1216:19755:61310	ccnd1	CCACTGGTTATT	GCTCCGAA	7	54673123	-	T	41
E00499:817:HJTG3CCX2:8:1216:19755:61310	ccnd1	CCACTGGTTATT	GCTCCGAA	7	54673125	-	T	41
E00499:817:HJTG3CCX2:8:1216:19755:61310	ccnd1	CCACTGGTTATT	GCTCCGAA	7	54673131	-	T	32
E00499:817:HJTG3CCX2:8:1216:19755:61310	ccnd1	CCACTGGTTATT	GCTCCGAA	7	54673164	-	T	37
E00499:817:HJTG3CCX2:8:1216:19755:61310	ccnd1	CCACTGGTTATT	GCTCCGAA	7	54673175	-	C	41
E00499:817:HJTG3CCX2:8:1216:19755:61310	ccnd1	CCACTGGTTATT	GCTCCGAA	7	54673185	-	T	37
E00499:817:HJTG3CCX2:8:1216:19755:61310	ccnd1	CCACTGGTTATT	GCTCCGAA	7	54673187	-	T	37
E00499:817:HJTG3CCX2:8:1216:19755:61310	ccnd1	CCACTGGTTATT	GCTCCGAA	7	54673192	-	C	41
E00499:817:HJTG3CCX2:8:1216:19755:61310	ccnd1	CCACTGGTTATT	GCTCCGAA	7	54673197	-	C	41
E00499:817:HJTG3CCX2:8:1216:19755:61310	ccnd1	CCACTGGTTATT	GCTCCGAA	7	54673200	-	T	41
E00499:817:HJTG3CCX2:8:1216:19755:61310	ccnd1	CCACTGGTTATT	GCTCCGAA	7	54673204	-	T	41
E00499:817:HJTG3CCX2:8:1216:19755:61310	ccnd1	CCACTGGTTATT	GCTCCGAA	7	54673209	-	C	41
E00499:817:HJTG3CCX2:8:1216:19755:61310	ccnd1	CCACTGGTTATT	GCTCCGAA	7	54673220	-	T	32
