E00516:900:HJTLGCCX2:6:1106:29234:69150	ccnd1	GTGTTAAGCCTC	TCAACCCA	7	54671356	-	T	41
E00516:900:HJTLGCCX2:6:1106:29234:69150	ccnd1	GTGTTAAGCCTC	TCAACCCA	7	54671358	-	T	41
E00516:900:HJTLGCCX2:6:1106:29234:69150	ccnd1	GTGTTAAGCCTC	TCAACCCA	7	54671359	-	T	41
E00516:900:HJTLGCCX2:6:1106:29234:69150	ccnd1	GTGTTAAGCCTC	TCAACCCA	7	54671366	-	T	41
E00516:900:HJTLGCCX2:6:1106:29234:69150	ccnd1	GTGTTAAGCCTC	TCAACCCA	7	54671369	-	T	41
E00516:900:HJTLGCCX2:6:1106:29234:69150	ccnd1	GTGTTAAGCCTC	TCAACCCA	7	54671371	-	C	41
E00516:900:HJTLGCCX2:6:1106:29234:69150	ccnd1	GTGTTAAGCCTC	TCAACCCA	7	54671372	-	C	41
E00516:900:HJTLGCCX2:6:1106:29234:69150	ccnd1	GTGTTAAGCCTC	TCAACCCA	7	54671373	-	T	41
E00516:900:HJTLGCCX2:6:1106:29234:69150	ccnd1	GTGTTAAGCCTC	TCAACCCA	7	54671374	-	T	41
E00516:900:HJTLGCCX2:6:1106:29234:69150	ccnd1	GTGTTAAGCCTC	TCAACCCA	7	54671377	-	T	41
E00516:900:HJTLGCCX2:6:1106:29234:69150	ccnd1	GTGTTAAGCCTC	TCAACCCA	7	54671378	-	T	41
E00516:900:HJTLGCCX2:6:1106:29234:69150	ccnd1	GTGTTAAGCCTC	TCAACCCA	7	54671379	-	T	41
E00516:900:HJTLGCCX2:6:1106:29234:69150	ccnd1	GTGTTAAGCCTC	TCAACCCA	7	54671380	-	T	41
E00516:900:HJTLGCCX2:6:1106:29234:69150	ccnd1	GTGTTAAGCCTC	TCAACCCA	7	54671384	-	T	41
E00516:900:HJTLGCCX2:6:1106:29234:69150	ccnd1	GTGTTAAGCCTC	TCAACCCA	7	54671387	-	T	37
E00516:900:HJTLGCCX2:6:1106:29234:69150	ccnd1	GTGTTAAGCCTC	TCAACCCA	7	54671389	-	T	32
E00516:900:HJTLGCCX2:6:1215:18548:14318	ccnd1	GTGTTAAGCCTC	TCAACCCA	7	54671356	-	T	41
E00516:900:HJTLGCCX2:6:1215:18548:14318	ccnd1	GTGTTAAGCCTC	TCAACCCA	7	54671358	-	T	41
E00516:900:HJTLGCCX2:6:1215:18548:14318	ccnd1	GTGTTAAGCCTC	TCAACCCA	7	54671359	-	T	37
E00516:900:HJTLGCCX2:6:1215:18548:14318	ccnd1	GTGTTAAGCCTC	TCAACCCA	7	54671366	-	T	41
E00516:900:HJTLGCCX2:6:1215:18548:14318	ccnd1	GTGTTAAGCCTC	TCAACCCA	7	54671369	-	T	37
E00516:900:HJTLGCCX2:6:1215:18548:14318	ccnd1	GTGTTAAGCCTC	TCAACCCA	7	54671371	-	C	37
E00516:900:HJTLGCCX2:6:1215:18548:14318	ccnd1	GTGTTAAGCCTC	TCAACCCA	7	54671372	-	C	37
E00516:900:HJTLGCCX2:6:1215:18548:14318	ccnd1	GTGTTAAGCCTC	TCAACCCA	7	54671373	-	T	41
E00516:900:HJTLGCCX2:6:1215:18548:14318	ccnd1	GTGTTAAGCCTC	TCAACCCA	7	54671374	-	T	37
E00516:900:HJTLGCCX2:6:1215:18548:14318	ccnd1	GTGTTAAGCCTC	TCAACCCA	7	54671377	-	T	37
E00516:900:HJTLGCCX2:6:1215:18548:14318	ccnd1	GTGTTAAGCCTC	TCAACCCA	7	54671379	-	T	37
E00516:900:HJTLGCCX2:6:1215:18548:14318	ccnd1	GTGTTAAGCCTC	TCAACCCA	7	54671384	-	T	41
E00516:900:HJTLGCCX2:6:1215:18548:14318	ccnd1	GTGTTAAGCCTC	TCAACCCA	7	54671389	-	T	32
E00516:900:HJTLGCCX2:6:1224:10602:53258	ccnd1	GTGTTAAGCCTC	TCAACCCA	7	54671356	-	T	41
E00516:900:HJTLGCCX2:6:1224:10602:53258	ccnd1	GTGTTAAGCCTC	TCAACCCA	7	54671358	-	T	41
E00516:900:HJTLGCCX2:6:1224:10602:53258	ccnd1	GTGTTAAGCCTC	TCAACCCA	7	54671359	-	T	41
E00516:900:HJTLGCCX2:6:1224:10602:53258	ccnd1	GTGTTAAGCCTC	TCAACCCA	7	54671366	-	T	41
E00516:900:HJTLGCCX2:6:1224:10602:53258	ccnd1	GTGTTAAGCCTC	TCAACCCA	7	54671369	-	T	41
E00516:900:HJTLGCCX2:6:1224:10602:53258	ccnd1	GTGTTAAGCCTC	TCAACCCA	7	54671371	-	C	41
E00516:900:HJTLGCCX2:6:1224:10602:53258	ccnd1	GTGTTAAGCCTC	TCAACCCA	7	54671372	-	C	41
E00516:900:HJTLGCCX2:6:1224:10602:53258	ccnd1	GTGTTAAGCCTC	TCAACCCA	7	54671373	-	T	41
E00516:900:HJTLGCCX2:6:1224:10602:53258	ccnd1	GTGTTAAGCCTC	TCAACCCA	7	54671374	-	T	41
E00516:900:HJTLGCCX2:6:1224:10602:53258	ccnd1	GTGTTAAGCCTC	TCAACCCA	7	54671377	-	T	41
E00516:900:HJTLGCCX2:6:1224:10602:53258	ccnd1	GTGTTAAGCCTC	TCAACCCA	7	54671378	-	T	41
E00516:900:HJTLGCCX2:6:1224:10602:53258	ccnd1	GTGTTAAGCCTC	TCAACCCA	7	54671379	-	T	41
E00516:900:HJTLGCCX2:6:1224:10602:53258	ccnd1	GTGTTAAGCCTC	TCAACCCA	7	54671380	-	T	41
E00516:900:HJTLGCCX2:6:1224:10602:53258	ccnd1	GTGTTAAGCCTC	TCAACCCA	7	54671384	-	T	41
E00516:900:HJTLGCCX2:6:1224:10602:53258	ccnd1	GTGTTAAGCCTC	TCAACCCA	7	54671387	-	T	41
E00516:900:HJTLGCCX2:6:1224:10602:53258	ccnd1	GTGTTAAGCCTC	TCAACCCA	7	54671389	-	T	41
E00516:900:HJTLGCCX2:6:1105:10581:16832	ccnd1	GTGTTAAGCCTC	TACTAACG	7	54671387	-	T	41
E00516:900:HJTLGCCX2:6:1105:10581:16832	ccnd1	GTGTTAAGCCTC	TACTAACG	7	54671389	-	T	41
E00516:900:HJTLGCCX2:6:1105:10581:16832	ccnd1	GTGTTAAGCCTC	TACTAACG	7	54671394	-	T	37
E00516:900:HJTLGCCX2:6:1105:10581:16832	ccnd1	GTGTTAAGCCTC	TACTAACG	7	54671398	-	T	41
E00516:900:HJTLGCCX2:6:1105:10581:16832	ccnd1	GTGTTAAGCCTC	TACTAACG	7	54671400	-	C	41
E00516:900:HJTLGCCX2:6:1105:10581:16832	ccnd1	GTGTTAAGCCTC	TACTAACG	7	54671405	-	T	41
E00516:900:HJTLGCCX2:6:1105:10581:16832	ccnd1	GTGTTAAGCCTC	TACTAACG	7	54671407	-	T	41
E00516:900:HJTLGCCX2:6:1105:10581:16832	ccnd1	GTGTTAAGCCTC	TACTAACG	7	54671409	-	T	41
E00516:900:HJTLGCCX2:6:1105:10581:16832	ccnd1	GTGTTAAGCCTC	TACTAACG	7	54671410	-	T	41
E00516:900:HJTLGCCX2:6:1105:10581:16832	ccnd1	GTGTTAAGCCTC	TACTAACG	7	54671411	-	T	41
E00516:900:HJTLGCCX2:6:1105:10581:16832	ccnd1	GTGTTAAGCCTC	TACTAACG	7	54671413	-	T	41
E00516:900:HJTLGCCX2:6:1105:10581:16832	ccnd1	GTGTTAAGCCTC	TACTAACG	7	54671414	-	T	41
E00516:900:HJTLGCCX2:6:1105:10581:16832	ccnd1	GTGTTAAGCCTC	TACTAACG	7	54671415	-	C	41
E00516:900:HJTLGCCX2:6:1105:10581:16832	ccnd1	GTGTTAAGCCTC	TACTAACG	7	54671416	-	T	41
E00516:900:HJTLGCCX2:6:1105:10581:16832	ccnd1	GTGTTAAGCCTC	TACTAACG	7	54671419	-	C	41
E00516:900:HJTLGCCX2:6:1105:10581:16832	ccnd1	GTGTTAAGCCTC	TACTAACG	7	54671420	-	C	41
E00516:900:HJTLGCCX2:6:1105:10581:16832	ccnd1	GTGTTAAGCCTC	TACTAACG	7	54671421	-	T	41
E00516:900:HJTLGCCX2:6:1105:10581:16832	ccnd1	GTGTTAAGCCTC	TACTAACG	7	54671422	-	T	41
E00516:900:HJTLGCCX2:6:1105:10581:16832	ccnd1	GTGTTAAGCCTC	TACTAACG	7	54671423	-	T	41
E00516:900:HJTLGCCX2:6:1105:10581:16832	ccnd1	GTGTTAAGCCTC	TACTAACG	7	54671425	-	T	41
E00516:900:HJTLGCCX2:6:1105:10581:16832	ccnd1	GTGTTAAGCCTC	TACTAACG	7	54671428	-	T	41
E00516:900:HJTLGCCX2:6:1105:10581:16832	ccnd1	GTGTTAAGCCTC	TACTAACG	7	54671431	-	T	41
E00516:900:HJTLGCCX2:6:1105:10581:16832	ccnd1	GTGTTAAGCCTC	TACTAACG	7	54671432	-	T	41
E00516:900:HJTLGCCX2:6:1105:10581:16832	ccnd1	GTGTTAAGCCTC	TACTAACG	7	54671433	-	T	41
E00516:900:HJTLGCCX2:6:1105:10581:16832	ccnd1	GTGTTAAGCCTC	TACTAACG	7	54671434	-	T	41
E00516:900:HJTLGCCX2:6:1105:10581:16832	ccnd1	GTGTTAAGCCTC	TACTAACG	7	54671436	-	T	41
E00516:900:HJTLGCCX2:6:1105:10581:16832	ccnd1	GTGTTAAGCCTC	TACTAACG	7	54671437	-	C	41
E00516:900:HJTLGCCX2:6:1105:10581:16832	ccnd1	GTGTTAAGCCTC	TACTAACG	7	54671439	-	T	41
E00516:900:HJTLGCCX2:6:1105:10581:16832	ccnd1	GTGTTAAGCCTC	TACTAACG	7	54671441	-	C	41
E00516:900:HJTLGCCX2:6:1105:10581:16832	ccnd1	GTGTTAAGCCTC	TACTAACG	7	54671442	-	T	41
E00516:900:HJTLGCCX2:6:1105:10581:16832	ccnd1	GTGTTAAGCCTC	TACTAACG	7	54671444	-	T	41
E00516:900:HJTLGCCX2:6:1105:10581:16832	ccnd1	GTGTTAAGCCTC	TACTAACG	7	54671446	-	T	41
E00516:900:HJTLGCCX2:6:1105:10581:16832	ccnd1	GTGTTAAGCCTC	TACTAACG	7	54671447	-	C	41
E00516:900:HJTLGCCX2:6:1105:10581:16832	ccnd1	GTGTTAAGCCTC	TACTAACG	7	54671448	-	T	41
E00516:900:HJTLGCCX2:6:1105:10581:16832	ccnd1	GTGTTAAGCCTC	TACTAACG	7	54671450	-	T	41
E00516:900:HJTLGCCX2:6:1105:10581:16832	ccnd1	GTGTTAAGCCTC	TACTAACG	7	54671451	-	T	41
E00516:900:HJTLGCCX2:6:1105:10581:16832	ccnd1	GTGTTAAGCCTC	TACTAACG	7	54671454	-	T	41
E00516:900:HJTLGCCX2:6:1105:10581:16832	ccnd1	GTGTTAAGCCTC	TACTAACG	7	54671481	-	C	41
E00516:900:HJTLGCCX2:6:1105:10581:16832	ccnd1	GTGTTAAGCCTC	TACTAACG	7	54671486	-	T	41
E00516:900:HJTLGCCX2:6:1105:10581:16832	ccnd1	GTGTTAAGCCTC	TACTAACG	7	54671487	-	C	41
E00516:900:HJTLGCCX2:6:1105:10581:16832	ccnd1	GTGTTAAGCCTC	TACTAACG	7	54671488	-	C	41
E00516:900:HJTLGCCX2:6:1105:10581:16832	ccnd1	GTGTTAAGCCTC	TACTAACG	7	54671494	-	T	41
E00516:900:HJTLGCCX2:6:1105:10581:16832	ccnd1	GTGTTAAGCCTC	TACTAACG	7	54671496	-	T	41
E00516:900:HJTLGCCX2:6:1105:10581:16832	ccnd1	GTGTTAAGCCTC	TACTAACG	7	54671505	-	T	41
E00516:900:HJTLGCCX2:6:1105:10581:16832	ccnd1	GTGTTAAGCCTC	TACTAACG	7	54671506	-	T	41
E00516:900:HJTLGCCX2:6:1105:10581:16832	ccnd1	GTGTTAAGCCTC	TACTAACG	7	54671507	-	T	41
E00516:900:HJTLGCCX2:6:1105:10581:16832	ccnd1	GTGTTAAGCCTC	TACTAACG	7	54671513	-	T	37
E00516:900:HJTLGCCX2:6:1105:10581:16832	ccnd1	GTGTTAAGCCTC	TACTAACG	7	54671515	-	T	32
E00516:900:HJTLGCCX2:6:2119:5274:21667	ccnd1	GTGTTAAGCCTC	TACTAACG	7	54671387	-	T	41
E00516:900:HJTLGCCX2:6:2119:5274:21667	ccnd1	GTGTTAAGCCTC	TACTAACG	7	54671389	-	T	41
E00516:900:HJTLGCCX2:6:2119:5274:21667	ccnd1	GTGTTAAGCCTC	TACTAACG	7	54671394	-	T	41
E00516:900:HJTLGCCX2:6:2119:5274:21667	ccnd1	GTGTTAAGCCTC	TACTAACG	7	54671398	-	T	37
E00516:900:HJTLGCCX2:6:2119:5274:21667	ccnd1	GTGTTAAGCCTC	TACTAACG	7	54671400	-	C	37
E00516:900:HJTLGCCX2:6:2119:5274:21667	ccnd1	GTGTTAAGCCTC	TACTAACG	7	54671407	-	T	41
E00516:900:HJTLGCCX2:6:2119:5274:21667	ccnd1	GTGTTAAGCCTC	TACTAACG	7	54671409	-	T	41
E00516:900:HJTLGCCX2:6:2119:5274:21667	ccnd1	GTGTTAAGCCTC	TACTAACG	7	54671410	-	T	41
E00516:900:HJTLGCCX2:6:2119:5274:21667	ccnd1	GTGTTAAGCCTC	TACTAACG	7	54671411	-	T	41
E00516:900:HJTLGCCX2:6:2119:5274:21667	ccnd1	GTGTTAAGCCTC	TACTAACG	7	54671413	-	T	41
E00516:900:HJTLGCCX2:6:2119:5274:21667	ccnd1	GTGTTAAGCCTC	TACTAACG	7	54671414	-	T	41
E00516:900:HJTLGCCX2:6:2119:5274:21667	ccnd1	GTGTTAAGCCTC	TACTAACG	7	54671415	-	C	41
E00516:900:HJTLGCCX2:6:2119:5274:21667	ccnd1	GTGTTAAGCCTC	TACTAACG	7	54671416	-	T	41
E00516:900:HJTLGCCX2:6:2119:5274:21667	ccnd1	GTGTTAAGCCTC	TACTAACG	7	54671419	-	C	41
E00516:900:HJTLGCCX2:6:2119:5274:21667	ccnd1	GTGTTAAGCCTC	TACTAACG	7	54671420	-	C	41
E00516:900:HJTLGCCX2:6:2119:5274:21667	ccnd1	GTGTTAAGCCTC	TACTAACG	7	54671421	-	T	37
E00516:900:HJTLGCCX2:6:2119:5274:21667	ccnd1	GTGTTAAGCCTC	TACTAACG	7	54671423	-	T	37
E00516:900:HJTLGCCX2:6:2119:5274:21667	ccnd1	GTGTTAAGCCTC	TACTAACG	7	54671425	-	T	41
E00516:900:HJTLGCCX2:6:2119:5274:21667	ccnd1	GTGTTAAGCCTC	TACTAACG	7	54671428	-	T	41
E00516:900:HJTLGCCX2:6:2119:5274:21667	ccnd1	GTGTTAAGCCTC	TACTAACG	7	54671431	-	T	41
E00516:900:HJTLGCCX2:6:2119:5274:21667	ccnd1	GTGTTAAGCCTC	TACTAACG	7	54671432	-	T	37
E00516:900:HJTLGCCX2:6:2119:5274:21667	ccnd1	GTGTTAAGCCTC	TACTAACG	7	54671434	-	T	41
E00516:900:HJTLGCCX2:6:2119:5274:21667	ccnd1	GTGTTAAGCCTC	TACTAACG	7	54671436	-	T	41
E00516:900:HJTLGCCX2:6:2119:5274:21667	ccnd1	GTGTTAAGCCTC	TACTAACG	7	54671437	-	C	41
E00516:900:HJTLGCCX2:6:2119:5274:21667	ccnd1	GTGTTAAGCCTC	TACTAACG	7	54671439	-	T	41
E00516:900:HJTLGCCX2:6:2119:5274:21667	ccnd1	GTGTTAAGCCTC	TACTAACG	7	54671441	-	C	41
E00516:900:HJTLGCCX2:6:2119:5274:21667	ccnd1	GTGTTAAGCCTC	TACTAACG	7	54671442	-	T	41
E00516:900:HJTLGCCX2:6:2119:5274:21667	ccnd1	GTGTTAAGCCTC	TACTAACG	7	54671444	-	T	37
E00516:900:HJTLGCCX2:6:2119:5274:21667	ccnd1	GTGTTAAGCCTC	TACTAACG	7	54671446	-	T	41
E00516:900:HJTLGCCX2:6:2119:5274:21667	ccnd1	GTGTTAAGCCTC	TACTAACG	7	54671447	-	C	41
E00516:900:HJTLGCCX2:6:2119:5274:21667	ccnd1	GTGTTAAGCCTC	TACTAACG	7	54671448	-	T	41
E00516:900:HJTLGCCX2:6:2119:5274:21667	ccnd1	GTGTTAAGCCTC	TACTAACG	7	54671450	-	T	41
E00516:900:HJTLGCCX2:6:2119:5274:21667	ccnd1	GTGTTAAGCCTC	TACTAACG	7	54671451	-	T	41
E00516:900:HJTLGCCX2:6:2119:5274:21667	ccnd1	GTGTTAAGCCTC	TACTAACG	7	54671454	-	T	37
E00516:900:HJTLGCCX2:6:2119:5274:21667	ccnd1	GTGTTAAGCCTC	TACTAACG	7	54671481	-	C	41
E00516:900:HJTLGCCX2:6:2119:5274:21667	ccnd1	GTGTTAAGCCTC	TACTAACG	7	54671486	-	T	41
E00516:900:HJTLGCCX2:6:2119:5274:21667	ccnd1	GTGTTAAGCCTC	TACTAACG	7	54671487	-	C	41
E00516:900:HJTLGCCX2:6:2119:5274:21667	ccnd1	GTGTTAAGCCTC	TACTAACG	7	54671488	-	C	37
E00516:900:HJTLGCCX2:6:2119:5274:21667	ccnd1	GTGTTAAGCCTC	TACTAACG	7	54671494	-	T	41
E00516:900:HJTLGCCX2:6:2119:5274:21667	ccnd1	GTGTTAAGCCTC	TACTAACG	7	54671496	-	T	41
E00516:900:HJTLGCCX2:6:2119:5274:21667	ccnd1	GTGTTAAGCCTC	TACTAACG	7	54671505	-	T	41
E00516:900:HJTLGCCX2:6:2119:5274:21667	ccnd1	GTGTTAAGCCTC	TACTAACG	7	54671506	-	T	41
E00516:900:HJTLGCCX2:6:2119:5274:21667	ccnd1	GTGTTAAGCCTC	TACTAACG	7	54671507	-	T	41
E00516:900:HJTLGCCX2:6:2119:5274:21667	ccnd1	GTGTTAAGCCTC	TACTAACG	7	54671513	-	T	37
E00516:900:HJTLGCCX2:6:2119:5274:21667	ccnd1	GTGTTAAGCCTC	TACTAACG	7	54671515	-	T	32
E00516:900:HJTLGCCX2:6:2119:5355:21385	ccnd1	GTGTTAAGCCTC	TACTAACG	7	54671387	-	T	41
E00516:900:HJTLGCCX2:6:2119:5355:21385	ccnd1	GTGTTAAGCCTC	TACTAACG	7	54671389	-	T	41
E00516:900:HJTLGCCX2:6:2119:5355:21385	ccnd1	GTGTTAAGCCTC	TACTAACG	7	54671394	-	T	37
E00516:900:HJTLGCCX2:6:2119:5355:21385	ccnd1	GTGTTAAGCCTC	TACTAACG	7	54671398	-	T	41
E00516:900:HJTLGCCX2:6:2119:5355:21385	ccnd1	GTGTTAAGCCTC	TACTAACG	7	54671400	-	C	41
E00516:900:HJTLGCCX2:6:2119:5355:21385	ccnd1	GTGTTAAGCCTC	TACTAACG	7	54671405	-	T	41
E00516:900:HJTLGCCX2:6:2119:5355:21385	ccnd1	GTGTTAAGCCTC	TACTAACG	7	54671407	-	T	41
E00516:900:HJTLGCCX2:6:2119:5355:21385	ccnd1	GTGTTAAGCCTC	TACTAACG	7	54671409	-	T	41
E00516:900:HJTLGCCX2:6:2119:5355:21385	ccnd1	GTGTTAAGCCTC	TACTAACG	7	54671410	-	T	41
E00516:900:HJTLGCCX2:6:2119:5355:21385	ccnd1	GTGTTAAGCCTC	TACTAACG	7	54671411	-	T	37
E00516:900:HJTLGCCX2:6:2119:5355:21385	ccnd1	GTGTTAAGCCTC	TACTAACG	7	54671413	-	T	37
E00516:900:HJTLGCCX2:6:2119:5355:21385	ccnd1	GTGTTAAGCCTC	TACTAACG	7	54671414	-	T	41
E00516:900:HJTLGCCX2:6:2119:5355:21385	ccnd1	GTGTTAAGCCTC	TACTAACG	7	54671415	-	C	41
E00516:900:HJTLGCCX2:6:2119:5355:21385	ccnd1	GTGTTAAGCCTC	TACTAACG	7	54671416	-	T	41
E00516:900:HJTLGCCX2:6:2119:5355:21385	ccnd1	GTGTTAAGCCTC	TACTAACG	7	54671419	-	C	41
E00516:900:HJTLGCCX2:6:2119:5355:21385	ccnd1	GTGTTAAGCCTC	TACTAACG	7	54671420	-	C	41
E00516:900:HJTLGCCX2:6:2119:5355:21385	ccnd1	GTGTTAAGCCTC	TACTAACG	7	54671421	-	T	41
E00516:900:HJTLGCCX2:6:2119:5355:21385	ccnd1	GTGTTAAGCCTC	TACTAACG	7	54671422	-	T	41
E00516:900:HJTLGCCX2:6:2119:5355:21385	ccnd1	GTGTTAAGCCTC	TACTAACG	7	54671423	-	T	37
E00516:900:HJTLGCCX2:6:2119:5355:21385	ccnd1	GTGTTAAGCCTC	TACTAACG	7	54671425	-	T	41
E00516:900:HJTLGCCX2:6:2119:5355:21385	ccnd1	GTGTTAAGCCTC	TACTAACG	7	54671428	-	T	41
E00516:900:HJTLGCCX2:6:2119:5355:21385	ccnd1	GTGTTAAGCCTC	TACTAACG	7	54671431	-	T	41
E00516:900:HJTLGCCX2:6:2119:5355:21385	ccnd1	GTGTTAAGCCTC	TACTAACG	7	54671432	-	T	41
E00516:900:HJTLGCCX2:6:2119:5355:21385	ccnd1	GTGTTAAGCCTC	TACTAACG	7	54671433	-	T	32
E00516:900:HJTLGCCX2:6:2119:5355:21385	ccnd1	GTGTTAAGCCTC	TACTAACG	7	54671434	-	T	41
E00516:900:HJTLGCCX2:6:2119:5355:21385	ccnd1	GTGTTAAGCCTC	TACTAACG	7	54671436	-	T	41
E00516:900:HJTLGCCX2:6:2119:5355:21385	ccnd1	GTGTTAAGCCTC	TACTAACG	7	54671437	-	C	41
E00516:900:HJTLGCCX2:6:2119:5355:21385	ccnd1	GTGTTAAGCCTC	TACTAACG	7	54671439	-	T	41
E00516:900:HJTLGCCX2:6:2119:5355:21385	ccnd1	GTGTTAAGCCTC	TACTAACG	7	54671441	-	C	41
E00516:900:HJTLGCCX2:6:2119:5355:21385	ccnd1	GTGTTAAGCCTC	TACTAACG	7	54671442	-	T	41
E00516:900:HJTLGCCX2:6:2119:5355:21385	ccnd1	GTGTTAAGCCTC	TACTAACG	7	54671444	-	T	41
E00516:900:HJTLGCCX2:6:2119:5355:21385	ccnd1	GTGTTAAGCCTC	TACTAACG	7	54671446	-	T	41
E00516:900:HJTLGCCX2:6:2119:5355:21385	ccnd1	GTGTTAAGCCTC	TACTAACG	7	54671447	-	C	41
E00516:900:HJTLGCCX2:6:2119:5355:21385	ccnd1	GTGTTAAGCCTC	TACTAACG	7	54671448	-	T	41
E00516:900:HJTLGCCX2:6:2119:5355:21385	ccnd1	GTGTTAAGCCTC	TACTAACG	7	54671450	-	T	41
E00516:900:HJTLGCCX2:6:2119:5355:21385	ccnd1	GTGTTAAGCCTC	TACTAACG	7	54671451	-	T	41
E00516:900:HJTLGCCX2:6:2119:5355:21385	ccnd1	GTGTTAAGCCTC	TACTAACG	7	54671454	-	T	41
E00516:900:HJTLGCCX2:6:2119:5355:21385	ccnd1	GTGTTAAGCCTC	TACTAACG	7	54671481	-	C	41
E00516:900:HJTLGCCX2:6:2119:5355:21385	ccnd1	GTGTTAAGCCTC	TACTAACG	7	54671486	-	T	41
E00516:900:HJTLGCCX2:6:2119:5355:21385	ccnd1	GTGTTAAGCCTC	TACTAACG	7	54671487	-	C	41
E00516:900:HJTLGCCX2:6:2119:5355:21385	ccnd1	GTGTTAAGCCTC	TACTAACG	7	54671488	-	C	41
E00516:900:HJTLGCCX2:6:2119:5355:21385	ccnd1	GTGTTAAGCCTC	TACTAACG	7	54671494	-	T	41
E00516:900:HJTLGCCX2:6:2119:5355:21385	ccnd1	GTGTTAAGCCTC	TACTAACG	7	54671496	-	T	41
E00516:900:HJTLGCCX2:6:2119:5355:21385	ccnd1	GTGTTAAGCCTC	TACTAACG	7	54671505	-	T	41
E00516:900:HJTLGCCX2:6:2119:5355:21385	ccnd1	GTGTTAAGCCTC	TACTAACG	7	54671506	-	T	41
E00516:900:HJTLGCCX2:6:2119:5355:21385	ccnd1	GTGTTAAGCCTC	TACTAACG	7	54671507	-	T	41
E00516:900:HJTLGCCX2:6:2119:5355:21385	ccnd1	GTGTTAAGCCTC	TACTAACG	7	54671513	-	T	37
E00516:900:HJTLGCCX2:6:2119:5355:21385	ccnd1	GTGTTAAGCCTC	TACTAACG	7	54671515	-	T	32
E00516:900:HJTLGCCX2:6:2208:2290:44028	ccnd1	GTGTTAAGCCTC	CAACCTTC	7	54671486	-	T	32
E00516:900:HJTLGCCX2:6:2208:2290:44028	ccnd1	GTGTTAAGCCTC	CAACCTTC	7	54671487	-	T	32
E00516:900:HJTLGCCX2:6:2208:2290:44028	ccnd1	GTGTTAAGCCTC	CAACCTTC	7	54671488	-	C	37
E00516:900:HJTLGCCX2:6:2208:2290:44028	ccnd1	GTGTTAAGCCTC	CAACCTTC	7	54671494	-	T	37
E00516:900:HJTLGCCX2:6:2208:2290:44028	ccnd1	GTGTTAAGCCTC	CAACCTTC	7	54671496	-	C	37
E00516:900:HJTLGCCX2:6:2208:2290:44028	ccnd1	GTGTTAAGCCTC	CAACCTTC	7	54671505	-	C	32
E00516:900:HJTLGCCX2:6:2208:2290:44028	ccnd1	GTGTTAAGCCTC	CAACCTTC	7	54671513	-	T	32
E00516:900:HJTLGCCX2:6:2208:2290:44028	ccnd1	GTGTTAAGCCTC	CAACCTTC	7	54671515	-	T	41
E00516:900:HJTLGCCX2:6:2208:2290:44028	ccnd1	GTGTTAAGCCTC	CAACCTTC	7	54671517	-	T	32
E00516:900:HJTLGCCX2:6:2208:2290:44028	ccnd1	GTGTTAAGCCTC	CAACCTTC	7	54671520	-	C	41
E00516:900:HJTLGCCX2:6:2208:2290:44028	ccnd1	GTGTTAAGCCTC	CAACCTTC	7	54671524	-	T	32
E00516:900:HJTLGCCX2:6:2208:2290:44028	ccnd1	GTGTTAAGCCTC	CAACCTTC	7	54671525	-	T	32
E00516:900:HJTLGCCX2:6:2208:2290:44028	ccnd1	GTGTTAAGCCTC	CAACCTTC	7	54671526	-	T	37
E00516:900:HJTLGCCX2:6:2208:2290:44028	ccnd1	GTGTTAAGCCTC	CAACCTTC	7	54671528	-	T	41
E00516:900:HJTLGCCX2:6:2208:2290:44028	ccnd1	GTGTTAAGCCTC	CAACCTTC	7	54671531	-	C	32
E00516:900:HJTLGCCX2:6:2208:2290:44028	ccnd1	GTGTTAAGCCTC	CAACCTTC	7	54671534	-	T	32
E00516:900:HJTLGCCX2:6:2208:2290:44028	ccnd1	GTGTTAAGCCTC	CAACCTTC	7	54671568	-	T	41
E00516:900:HJTLGCCX2:6:2208:2290:44028	ccnd1	GTGTTAAGCCTC	CAACCTTC	7	54671573	-	T	41
E00516:900:HJTLGCCX2:6:2208:2290:44028	ccnd1	GTGTTAAGCCTC	CAACCTTC	7	54671584	-	T	41
E00516:900:HJTLGCCX2:6:2208:2290:44028	ccnd1	GTGTTAAGCCTC	CAACCTTC	7	54671604	-	T	37
E00516:900:HJTLGCCX2:6:2208:2290:44028	ccnd1	GTGTTAAGCCTC	CAACCTTC	7	54671617	-	T	37
E00516:900:HJTLGCCX2:6:1114:25662:52203	ccnd1	GTGTTAAGCCTC	AGCCCGCA	7	54671576	-	T	41
E00516:900:HJTLGCCX2:6:1114:25662:52203	ccnd1	GTGTTAAGCCTC	AGCCCGCA	7	54671577	-	T	32
E00516:900:HJTLGCCX2:6:1114:25662:52203	ccnd1	GTGTTAAGCCTC	AGCCCGCA	7	54671596	-	C	41
E00516:900:HJTLGCCX2:6:1114:25662:52203	ccnd1	GTGTTAAGCCTC	AGCCCGCA	7	54671610	-	T	32
E00516:900:HJTLGCCX2:6:1114:25662:52203	ccnd1	GTGTTAAGCCTC	AGCCCGCA	7	54671645	-	C	41
E00516:900:HJTLGCCX2:6:1114:25662:52203	ccnd1	GTGTTAAGCCTC	AGCCCGCA	7	54671646	-	T	37
E00516:900:HJTLGCCX2:6:1114:25662:52203	ccnd1	GTGTTAAGCCTC	AGCCCGCA	7	54671664	-	T	37
E00516:900:HJTLGCCX2:6:1114:25662:52203	ccnd1	GTGTTAAGCCTC	AGCCCGCA	7	54671667	-	C	41
E00516:900:HJTLGCCX2:6:1114:25662:52203	ccnd1	GTGTTAAGCCTC	AGCCCGCA	7	54671676	-	T	32
E00516:900:HJTLGCCX2:6:1114:25662:52203	ccnd1	GTGTTAAGCCTC	AGCCCGCA	7	54671678	-	C	37
E00516:900:HJTLGCCX2:6:1114:25662:52203	ccnd1	GTGTTAAGCCTC	AGCCCGCA	7	54671682	-	T	37
E00516:900:HJTLGCCX2:6:1114:25662:52203	ccnd1	GTGTTAAGCCTC	AGCCCGCA	7	54671684	-	T	41
E00516:900:HJTLGCCX2:6:1114:25662:52203	ccnd1	GTGTTAAGCCTC	AGCCCGCA	7	54671685	-	C	37
E00516:900:HJTLGCCX2:6:1114:25662:52203	ccnd1	GTGTTAAGCCTC	AGCCCGCA	7	54671689	-	T	32
E00516:900:HJTLGCCX2:6:1114:25662:52203	ccnd1	GTGTTAAGCCTC	AGCCCGCA	7	54671694	-	C	41
E00516:900:HJTLGCCX2:6:1114:25733:52221	ccnd1	GTGTTAAGCCTC	AGCCCGCA	7	54671568	-	T	37
E00516:900:HJTLGCCX2:6:1114:25733:52221	ccnd1	GTGTTAAGCCTC	AGCCCGCA	7	54671573	-	T	41
E00516:900:HJTLGCCX2:6:1114:25733:52221	ccnd1	GTGTTAAGCCTC	AGCCCGCA	7	54671575	-	T	41
E00516:900:HJTLGCCX2:6:1114:25733:52221	ccnd1	GTGTTAAGCCTC	AGCCCGCA	7	54671576	-	T	41
E00516:900:HJTLGCCX2:6:1114:25733:52221	ccnd1	GTGTTAAGCCTC	AGCCCGCA	7	54671577	-	T	41
E00516:900:HJTLGCCX2:6:1114:25733:52221	ccnd1	GTGTTAAGCCTC	AGCCCGCA	7	54671584	-	T	37
E00516:900:HJTLGCCX2:6:1114:25733:52221	ccnd1	GTGTTAAGCCTC	AGCCCGCA	7	54671596	-	C	41
E00516:900:HJTLGCCX2:6:1114:25733:52221	ccnd1	GTGTTAAGCCTC	AGCCCGCA	7	54671604	-	T	32
E00516:900:HJTLGCCX2:6:1114:25733:52221	ccnd1	GTGTTAAGCCTC	AGCCCGCA	7	54671610	-	T	41
E00516:900:HJTLGCCX2:6:1114:25733:52221	ccnd1	GTGTTAAGCCTC	AGCCCGCA	7	54671614	-	T	37
E00516:900:HJTLGCCX2:6:1114:25733:52221	ccnd1	GTGTTAAGCCTC	AGCCCGCA	7	54671617	-	T	41
E00516:900:HJTLGCCX2:6:1114:25733:52221	ccnd1	GTGTTAAGCCTC	AGCCCGCA	7	54671639	-	T	41
E00516:900:HJTLGCCX2:6:1114:25733:52221	ccnd1	GTGTTAAGCCTC	AGCCCGCA	7	54671645	-	C	41
E00516:900:HJTLGCCX2:6:1114:25733:52221	ccnd1	GTGTTAAGCCTC	AGCCCGCA	7	54671646	-	T	41
E00516:900:HJTLGCCX2:6:1114:25733:52221	ccnd1	GTGTTAAGCCTC	AGCCCGCA	7	54671648	-	T	41
E00516:900:HJTLGCCX2:6:1114:25733:52221	ccnd1	GTGTTAAGCCTC	AGCCCGCA	7	54671664	-	T	41
E00516:900:HJTLGCCX2:6:1114:25733:52221	ccnd1	GTGTTAAGCCTC	AGCCCGCA	7	54671667	-	C	41
E00516:900:HJTLGCCX2:6:1114:25733:52221	ccnd1	GTGTTAAGCCTC	AGCCCGCA	7	54671674	-	C	37
E00516:900:HJTLGCCX2:6:1114:25733:52221	ccnd1	GTGTTAAGCCTC	AGCCCGCA	7	54671678	-	C	41
E00516:900:HJTLGCCX2:6:1114:25733:52221	ccnd1	GTGTTAAGCCTC	AGCCCGCA	7	54671682	-	T	41
E00516:900:HJTLGCCX2:6:1114:25733:52221	ccnd1	GTGTTAAGCCTC	AGCCCGCA	7	54671684	-	T	37
E00516:900:HJTLGCCX2:6:1114:25733:52221	ccnd1	GTGTTAAGCCTC	AGCCCGCA	7	54671685	-	C	37
E00516:900:HJTLGCCX2:6:1114:25733:52221	ccnd1	GTGTTAAGCCTC	AGCCCGCA	7	54671689	-	T	32
E00516:900:HJTLGCCX2:6:1114:25733:52221	ccnd1	GTGTTAAGCCTC	AGCCCGCA	7	54671690	-	T	37
E00516:900:HJTLGCCX2:6:1114:25266:52361	ccnd1	GTGTTAAGCCTC	AGCCCGCA	7	54671568	-	T	32
E00516:900:HJTLGCCX2:6:1114:25266:52361	ccnd1	GTGTTAAGCCTC	AGCCCGCA	7	54671573	-	T	37
E00516:900:HJTLGCCX2:6:1114:25266:52361	ccnd1	GTGTTAAGCCTC	AGCCCGCA	7	54671575	-	T	37
E00516:900:HJTLGCCX2:6:1114:25266:52361	ccnd1	GTGTTAAGCCTC	AGCCCGCA	7	54671596	-	C	32
E00516:900:HJTLGCCX2:6:1114:25266:52361	ccnd1	GTGTTAAGCCTC	AGCCCGCA	7	54671614	-	T	37
E00516:900:HJTLGCCX2:6:1114:25266:52361	ccnd1	GTGTTAAGCCTC	AGCCCGCA	7	54671617	-	T	41
E00516:900:HJTLGCCX2:6:1114:25266:52361	ccnd1	GTGTTAAGCCTC	AGCCCGCA	7	54671645	-	C	41
E00516:900:HJTLGCCX2:6:1114:25266:52361	ccnd1	GTGTTAAGCCTC	AGCCCGCA	7	54671667	-	C	37
E00516:900:HJTLGCCX2:6:1114:25266:52361	ccnd1	GTGTTAAGCCTC	AGCCCGCA	7	54671676	-	T	37
E00516:900:HJTLGCCX2:6:1114:25266:52361	ccnd1	GTGTTAAGCCTC	AGCCCGCA	7	54671678	-	C	37
E00516:900:HJTLGCCX2:6:1114:25266:52361	ccnd1	GTGTTAAGCCTC	AGCCCGCA	7	54671682	-	T	37
E00516:900:HJTLGCCX2:6:1114:25266:52361	ccnd1	GTGTTAAGCCTC	AGCCCGCA	7	54671684	-	T	37
E00516:900:HJTLGCCX2:6:1114:25266:52361	ccnd1	GTGTTAAGCCTC	AGCCCGCA	7	54671685	-	C	37
E00516:900:HJTLGCCX2:6:1114:25266:52361	ccnd1	GTGTTAAGCCTC	AGCCCGCA	7	54671687	-	T	32
E00516:900:HJTLGCCX2:6:1114:25266:52361	ccnd1	GTGTTAAGCCTC	AGCCCGCA	7	54671689	-	T	37
E00516:900:HJTLGCCX2:6:1114:25266:52361	ccnd1	GTGTTAAGCCTC	AGCCCGCA	7	54671690	-	T	41
E00516:900:HJTLGCCX2:6:1101:24718:59393	ccnd1	GTGTTAAGCCTC	ATTCATCC	7	54671575	-	T	37
E00516:900:HJTLGCCX2:6:1101:24718:59393	ccnd1	GTGTTAAGCCTC	ATTCATCC	7	54671576	-	T	37
E00516:900:HJTLGCCX2:6:1101:24718:59393	ccnd1	GTGTTAAGCCTC	ATTCATCC	7	54671577	-	T	41
E00516:900:HJTLGCCX2:6:1101:24718:59393	ccnd1	GTGTTAAGCCTC	ATTCATCC	7	54671596	-	T	41
E00516:900:HJTLGCCX2:6:1101:24718:59393	ccnd1	GTGTTAAGCCTC	ATTCATCC	7	54671604	-	C	41
E00516:900:HJTLGCCX2:6:1101:24718:59393	ccnd1	GTGTTAAGCCTC	ATTCATCC	7	54671610	-	T	41
E00516:900:HJTLGCCX2:6:1101:24718:59393	ccnd1	GTGTTAAGCCTC	ATTCATCC	7	54671614	-	T	41
E00516:900:HJTLGCCX2:6:1101:24718:59393	ccnd1	GTGTTAAGCCTC	ATTCATCC	7	54671617	-	T	41
E00516:900:HJTLGCCX2:6:1101:24718:59393	ccnd1	GTGTTAAGCCTC	ATTCATCC	7	54671639	-	T	41
E00516:900:HJTLGCCX2:6:1101:24718:59393	ccnd1	GTGTTAAGCCTC	ATTCATCC	7	54671645	-	T	37
E00516:900:HJTLGCCX2:6:1101:24718:59393	ccnd1	GTGTTAAGCCTC	ATTCATCC	7	54671648	-	C	32
E00516:900:HJTLGCCX2:6:1101:24718:59393	ccnd1	GTGTTAAGCCTC	ATTCATCC	7	54671664	-	C	41
E00516:900:HJTLGCCX2:6:1101:24718:59393	ccnd1	GTGTTAAGCCTC	ATTCATCC	7	54671667	-	T	41
E00516:900:HJTLGCCX2:6:1101:24718:59393	ccnd1	GTGTTAAGCCTC	ATTCATCC	7	54671674	-	T	41
E00516:900:HJTLGCCX2:6:1101:24718:59393	ccnd1	GTGTTAAGCCTC	ATTCATCC	7	54671676	-	T	41
E00516:900:HJTLGCCX2:6:1101:24718:59393	ccnd1	GTGTTAAGCCTC	ATTCATCC	7	54671678	-	C	41
E00516:900:HJTLGCCX2:6:1101:24718:59393	ccnd1	GTGTTAAGCCTC	ATTCATCC	7	54671682	-	T	41
E00516:900:HJTLGCCX2:6:1101:24718:59393	ccnd1	GTGTTAAGCCTC	ATTCATCC	7	54671684	-	C	41
E00516:900:HJTLGCCX2:6:1101:24718:59393	ccnd1	GTGTTAAGCCTC	ATTCATCC	7	54671685	-	C	37
E00516:900:HJTLGCCX2:6:1101:24718:59393	ccnd1	GTGTTAAGCCTC	ATTCATCC	7	54671687	-	T	41
E00516:900:HJTLGCCX2:6:1101:24718:59393	ccnd1	GTGTTAAGCCTC	ATTCATCC	7	54671689	-	T	41
E00516:900:HJTLGCCX2:6:1101:24718:59393	ccnd1	GTGTTAAGCCTC	ATTCATCC	7	54671690	-	T	41
E00516:900:HJTLGCCX2:6:1101:24718:59393	ccnd1	GTGTTAAGCCTC	ATTCATCC	7	54671694	-	T	41
E00516:900:HJTLGCCX2:6:1101:24718:59393	ccnd1	GTGTTAAGCCTC	ATTCATCC	7	54671712	-	T	41
E00516:900:HJTLGCCX2:6:1101:24718:59393	ccnd1	GTGTTAAGCCTC	ATTCATCC	7	54671713	-	T	41
E00516:900:HJTLGCCX2:6:1101:24718:59393	ccnd1	GTGTTAAGCCTC	ATTCATCC	7	54671714	-	T	41
E00516:900:HJTLGCCX2:6:1101:24718:59393	ccnd1	GTGTTAAGCCTC	ATTCATCC	7	54671715	-	C	41
E00516:900:HJTLGCCX2:6:1101:24718:59393	ccnd1	GTGTTAAGCCTC	ATTCATCC	7	54671719	-	T	37
E00516:900:HJTLGCCX2:6:1117:7618:39053	ccnd1	GTGTTAAGCCTC	ATTCATCC	7	54671575	-	T	41
E00516:900:HJTLGCCX2:6:1117:7618:39053	ccnd1	GTGTTAAGCCTC	ATTCATCC	7	54671576	-	T	41
E00516:900:HJTLGCCX2:6:1117:7618:39053	ccnd1	GTGTTAAGCCTC	ATTCATCC	7	54671577	-	T	41
E00516:900:HJTLGCCX2:6:1117:7618:39053	ccnd1	GTGTTAAGCCTC	ATTCATCC	7	54671584	-	T	41
E00516:900:HJTLGCCX2:6:1117:7618:39053	ccnd1	GTGTTAAGCCTC	ATTCATCC	7	54671596	-	T	37
E00516:900:HJTLGCCX2:6:1117:7618:39053	ccnd1	GTGTTAAGCCTC	ATTCATCC	7	54671604	-	C	41
E00516:900:HJTLGCCX2:6:1117:7618:39053	ccnd1	GTGTTAAGCCTC	ATTCATCC	7	54671610	-	T	41
E00516:900:HJTLGCCX2:6:1117:7618:39053	ccnd1	GTGTTAAGCCTC	ATTCATCC	7	54671614	-	T	41
E00516:900:HJTLGCCX2:6:1117:7618:39053	ccnd1	GTGTTAAGCCTC	ATTCATCC	7	54671617	-	T	37
E00516:900:HJTLGCCX2:6:1117:7618:39053	ccnd1	GTGTTAAGCCTC	ATTCATCC	7	54671639	-	T	41
E00516:900:HJTLGCCX2:6:1117:7618:39053	ccnd1	GTGTTAAGCCTC	ATTCATCC	7	54671645	-	T	37
E00516:900:HJTLGCCX2:6:1117:7618:39053	ccnd1	GTGTTAAGCCTC	ATTCATCC	7	54671646	-	T	37
E00516:900:HJTLGCCX2:6:1117:7618:39053	ccnd1	GTGTTAAGCCTC	ATTCATCC	7	54671648	-	C	32
E00516:900:HJTLGCCX2:6:1117:7618:39053	ccnd1	GTGTTAAGCCTC	ATTCATCC	7	54671664	-	C	41
E00516:900:HJTLGCCX2:6:1117:7618:39053	ccnd1	GTGTTAAGCCTC	ATTCATCC	7	54671667	-	T	41
E00516:900:HJTLGCCX2:6:1117:7618:39053	ccnd1	GTGTTAAGCCTC	ATTCATCC	7	54671674	-	T	41
E00516:900:HJTLGCCX2:6:1117:7618:39053	ccnd1	GTGTTAAGCCTC	ATTCATCC	7	54671676	-	T	41
E00516:900:HJTLGCCX2:6:1117:7618:39053	ccnd1	GTGTTAAGCCTC	ATTCATCC	7	54671678	-	C	41
E00516:900:HJTLGCCX2:6:1117:7618:39053	ccnd1	GTGTTAAGCCTC	ATTCATCC	7	54671682	-	T	41
E00516:900:HJTLGCCX2:6:1117:7618:39053	ccnd1	GTGTTAAGCCTC	ATTCATCC	7	54671684	-	C	41
E00516:900:HJTLGCCX2:6:1117:7618:39053	ccnd1	GTGTTAAGCCTC	ATTCATCC	7	54671685	-	C	41
E00516:900:HJTLGCCX2:6:1117:7618:39053	ccnd1	GTGTTAAGCCTC	ATTCATCC	7	54671687	-	T	41
E00516:900:HJTLGCCX2:6:1117:7618:39053	ccnd1	GTGTTAAGCCTC	ATTCATCC	7	54671689	-	T	41
E00516:900:HJTLGCCX2:6:1117:7618:39053	ccnd1	GTGTTAAGCCTC	ATTCATCC	7	54671690	-	T	41
E00516:900:HJTLGCCX2:6:1117:7618:39053	ccnd1	GTGTTAAGCCTC	ATTCATCC	7	54671694	-	T	41
E00516:900:HJTLGCCX2:6:1117:7618:39053	ccnd1	GTGTTAAGCCTC	ATTCATCC	7	54671712	-	T	41
E00516:900:HJTLGCCX2:6:1117:7618:39053	ccnd1	GTGTTAAGCCTC	ATTCATCC	7	54671713	-	T	41
E00516:900:HJTLGCCX2:6:1117:7618:39053	ccnd1	GTGTTAAGCCTC	ATTCATCC	7	54671714	-	T	41
E00516:900:HJTLGCCX2:6:1117:7618:39053	ccnd1	GTGTTAAGCCTC	ATTCATCC	7	54671715	-	C	41
E00516:900:HJTLGCCX2:6:1117:7618:39053	ccnd1	GTGTTAAGCCTC	ATTCATCC	7	54671719	-	T	37
E00516:900:HJTLGCCX2:6:1213:8643:32883	ccnd1	GTGTTAAGCCTC	AATCCTCG	7	54671610	-	T	37
E00516:900:HJTLGCCX2:6:1213:8643:32883	ccnd1	GTGTTAAGCCTC	AATCCTCG	7	54671617	-	T	37
E00516:900:HJTLGCCX2:6:1213:8643:32883	ccnd1	GTGTTAAGCCTC	AATCCTCG	7	54671639	-	T	32
E00516:900:HJTLGCCX2:6:1213:8643:32883	ccnd1	GTGTTAAGCCTC	AATCCTCG	7	54671645	-	T	37
E00516:900:HJTLGCCX2:6:1213:8643:32883	ccnd1	GTGTTAAGCCTC	AATCCTCG	7	54671646	-	C	41
E00516:900:HJTLGCCX2:6:1213:8643:32883	ccnd1	GTGTTAAGCCTC	AATCCTCG	7	54671648	-	T	32
E00516:900:HJTLGCCX2:6:1213:8643:32883	ccnd1	GTGTTAAGCCTC	AATCCTCG	7	54671664	-	T	41
E00516:900:HJTLGCCX2:6:1213:8643:32883	ccnd1	GTGTTAAGCCTC	AATCCTCG	7	54671667	-	T	41
E00516:900:HJTLGCCX2:6:1213:8643:32883	ccnd1	GTGTTAAGCCTC	AATCCTCG	7	54671676	-	T	41
E00516:900:HJTLGCCX2:6:1213:8643:32883	ccnd1	GTGTTAAGCCTC	AATCCTCG	7	54671678	-	C	41
E00516:900:HJTLGCCX2:6:1213:8643:32883	ccnd1	GTGTTAAGCCTC	AATCCTCG	7	54671682	-	T	37
E00516:900:HJTLGCCX2:6:1213:8643:32883	ccnd1	GTGTTAAGCCTC	AATCCTCG	7	54671685	-	C	41
E00516:900:HJTLGCCX2:6:1213:8643:32883	ccnd1	GTGTTAAGCCTC	AATCCTCG	7	54671687	-	C	41
E00516:900:HJTLGCCX2:6:1213:8643:32883	ccnd1	GTGTTAAGCCTC	AATCCTCG	7	54671689	-	T	41
E00516:900:HJTLGCCX2:6:1213:8643:32883	ccnd1	GTGTTAAGCCTC	AATCCTCG	7	54671690	-	T	41
E00516:900:HJTLGCCX2:6:1213:8643:32883	ccnd1	GTGTTAAGCCTC	AATCCTCG	7	54671694	-	T	41
E00516:900:HJTLGCCX2:6:1213:8643:32883	ccnd1	GTGTTAAGCCTC	AATCCTCG	7	54671712	-	T	41
E00516:900:HJTLGCCX2:6:1213:8643:32883	ccnd1	GTGTTAAGCCTC	AATCCTCG	7	54671713	-	C	41
E00516:900:HJTLGCCX2:6:1213:8643:32883	ccnd1	GTGTTAAGCCTC	AATCCTCG	7	54671714	-	C	41
E00516:900:HJTLGCCX2:6:1213:8643:32883	ccnd1	GTGTTAAGCCTC	AATCCTCG	7	54671715	-	T	41
E00516:900:HJTLGCCX2:6:1213:8643:32883	ccnd1	GTGTTAAGCCTC	AATCCTCG	7	54671719	-	T	41
E00516:900:HJTLGCCX2:6:1213:8643:32883	ccnd1	GTGTTAAGCCTC	AATCCTCG	7	54671724	-	T	41
E00516:900:HJTLGCCX2:6:1213:8643:32883	ccnd1	GTGTTAAGCCTC	AATCCTCG	7	54671725	-	T	41
E00516:900:HJTLGCCX2:6:1213:8643:32883	ccnd1	GTGTTAAGCCTC	AATCCTCG	7	54671729	-	T	41
E00516:900:HJTLGCCX2:6:1213:8643:32883	ccnd1	GTGTTAAGCCTC	AATCCTCG	7	54671731	-	T	41
E00516:900:HJTLGCCX2:6:1213:8643:32883	ccnd1	GTGTTAAGCCTC	AATCCTCG	7	54671732	-	C	41
E00516:900:HJTLGCCX2:6:1213:8643:32883	ccnd1	GTGTTAAGCCTC	AATCCTCG	7	54671743	-	T	41
E00516:900:HJTLGCCX2:6:1213:8643:32883	ccnd1	GTGTTAAGCCTC	AATCCTCG	7	54671744	-	T	41
E00516:900:HJTLGCCX2:6:1213:8643:32883	ccnd1	GTGTTAAGCCTC	AATCCTCG	7	54671746	-	T	41
E00516:900:HJTLGCCX2:6:1213:8643:32883	ccnd1	GTGTTAAGCCTC	AATCCTCG	7	54671747	-	T	41
E00516:900:HJTLGCCX2:6:1213:8643:32883	ccnd1	GTGTTAAGCCTC	AATCCTCG	7	54671750	-	T	41
E00516:900:HJTLGCCX2:6:1213:8643:32883	ccnd1	GTGTTAAGCCTC	AATCCTCG	7	54671753	-	T	37
E00516:900:HJTLGCCX2:6:1213:8643:32883	ccnd1	GTGTTAAGCCTC	AATCCTCG	7	54671755	-	T	32
E00516:900:HJTLGCCX2:6:2217:31162:22774	ccnd1	GTGTTAAGCCTC	ACACTAGT	7	54671646	-	T	41
E00516:900:HJTLGCCX2:6:2217:31162:22774	ccnd1	GTGTTAAGCCTC	ACACTAGT	7	54671648	-	T	32
E00516:900:HJTLGCCX2:6:2217:31162:22774	ccnd1	GTGTTAAGCCTC	ACACTAGT	7	54671664	-	T	32
E00516:900:HJTLGCCX2:6:2217:31162:22774	ccnd1	GTGTTAAGCCTC	ACACTAGT	7	54671667	-	T	37
E00516:900:HJTLGCCX2:6:2217:31162:22774	ccnd1	GTGTTAAGCCTC	ACACTAGT	7	54671674	-	T	37
E00516:900:HJTLGCCX2:6:2217:31162:22774	ccnd1	GTGTTAAGCCTC	ACACTAGT	7	54671676	-	C	37
E00516:900:HJTLGCCX2:6:2217:31162:22774	ccnd1	GTGTTAAGCCTC	ACACTAGT	7	54671678	-	T	37
E00516:900:HJTLGCCX2:6:2217:31162:22774	ccnd1	GTGTTAAGCCTC	ACACTAGT	7	54671682	-	T	41
E00516:900:HJTLGCCX2:6:2217:31162:22774	ccnd1	GTGTTAAGCCTC	ACACTAGT	7	54671684	-	T	37
E00516:900:HJTLGCCX2:6:2217:31162:22774	ccnd1	GTGTTAAGCCTC	ACACTAGT	7	54671685	-	T	41
E00516:900:HJTLGCCX2:6:2217:31162:22774	ccnd1	GTGTTAAGCCTC	ACACTAGT	7	54671687	-	T	41
E00516:900:HJTLGCCX2:6:2217:31162:22774	ccnd1	GTGTTAAGCCTC	ACACTAGT	7	54671689	-	T	41
E00516:900:HJTLGCCX2:6:2217:31162:22774	ccnd1	GTGTTAAGCCTC	ACACTAGT	7	54671690	-	T	41
E00516:900:HJTLGCCX2:6:2217:31162:22774	ccnd1	GTGTTAAGCCTC	ACACTAGT	7	54671694	-	T	41
E00516:900:HJTLGCCX2:6:2217:31162:22774	ccnd1	GTGTTAAGCCTC	ACACTAGT	7	54671712	-	T	41
E00516:900:HJTLGCCX2:6:2217:31162:22774	ccnd1	GTGTTAAGCCTC	ACACTAGT	7	54671713	-	C	41
E00516:900:HJTLGCCX2:6:2217:31162:22774	ccnd1	GTGTTAAGCCTC	ACACTAGT	7	54671715	-	T	41
E00516:900:HJTLGCCX2:6:2217:31162:22774	ccnd1	GTGTTAAGCCTC	ACACTAGT	7	54671719	-	T	41
E00516:900:HJTLGCCX2:6:2217:31162:22774	ccnd1	GTGTTAAGCCTC	ACACTAGT	7	54671724	-	T	41
E00516:900:HJTLGCCX2:6:2217:31162:22774	ccnd1	GTGTTAAGCCTC	ACACTAGT	7	54671725	-	T	41
E00516:900:HJTLGCCX2:6:2217:31162:22774	ccnd1	GTGTTAAGCCTC	ACACTAGT	7	54671729	-	C	37
E00516:900:HJTLGCCX2:6:2217:31162:22774	ccnd1	GTGTTAAGCCTC	ACACTAGT	7	54671731	-	T	41
E00516:900:HJTLGCCX2:6:2217:31162:22774	ccnd1	GTGTTAAGCCTC	ACACTAGT	7	54671732	-	T	32
E00516:900:HJTLGCCX2:6:2217:31162:22774	ccnd1	GTGTTAAGCCTC	ACACTAGT	7	54671743	-	C	41
E00516:900:HJTLGCCX2:6:2217:31162:22774	ccnd1	GTGTTAAGCCTC	ACACTAGT	7	54671744	-	T	41
E00516:900:HJTLGCCX2:6:2217:31162:22774	ccnd1	GTGTTAAGCCTC	ACACTAGT	7	54671746	-	T	41
E00516:900:HJTLGCCX2:6:2217:31162:22774	ccnd1	GTGTTAAGCCTC	ACACTAGT	7	54671747	-	T	41
E00516:900:HJTLGCCX2:6:2217:31162:22774	ccnd1	GTGTTAAGCCTC	ACACTAGT	7	54671750	-	C	32
E00516:900:HJTLGCCX2:6:2217:31162:22774	ccnd1	GTGTTAAGCCTC	ACACTAGT	7	54671753	-	T	37
E00516:900:HJTLGCCX2:6:2217:31162:22774	ccnd1	GTGTTAAGCCTC	ACACTAGT	7	54671758	-	T	37
E00516:900:HJTLGCCX2:6:2217:31162:22774	ccnd1	GTGTTAAGCCTC	ACACTAGT	7	54671763	-	T	37
E00516:900:HJTLGCCX2:6:2217:31162:22774	ccnd1	GTGTTAAGCCTC	ACACTAGT	7	54671768	-	T	37
E00516:900:HJTLGCCX2:6:2217:31162:22774	ccnd1	GTGTTAAGCCTC	ACACTAGT	7	54671771	-	T	41
E00516:900:HJTLGCCX2:6:2217:31162:22774	ccnd1	GTGTTAAGCCTC	ACACTAGT	7	54671772	-	T	41
E00516:900:HJTLGCCX2:6:2217:31162:22774	ccnd1	GTGTTAAGCCTC	ACACTAGT	7	54671774	-	T	41
E00516:900:HJTLGCCX2:6:2217:31162:22774	ccnd1	GTGTTAAGCCTC	ACACTAGT	7	54671779	-	T	41
E00516:900:HJTLGCCX2:6:2217:31162:22774	ccnd1	GTGTTAAGCCTC	ACACTAGT	7	54671780	-	T	32
E00516:900:HJTLGCCX2:6:2217:31162:22774	ccnd1	GTGTTAAGCCTC	ACACTAGT	7	54671783	-	T	41
E00516:900:HJTLGCCX2:6:2217:31162:22774	ccnd1	GTGTTAAGCCTC	ACACTAGT	7	54671791	-	T	37
E00516:900:HJTLGCCX2:6:2215:2635:71559	ccnd1	GTGTTAAGCCTC	TTCTACTA	7	54672155	-	T	32
E00516:900:HJTLGCCX2:6:2215:2635:71559	ccnd1	GTGTTAAGCCTC	TTCTACTA	7	54672159	-	C	37
E00516:900:HJTLGCCX2:6:2215:2635:71559	ccnd1	GTGTTAAGCCTC	TTCTACTA	7	54672165	-	C	37
E00516:900:HJTLGCCX2:6:2215:2635:71559	ccnd1	GTGTTAAGCCTC	TTCTACTA	7	54672167	-	T	37
E00516:900:HJTLGCCX2:6:2215:2635:71559	ccnd1	GTGTTAAGCCTC	TTCTACTA	7	54672170	-	T	41
E00516:900:HJTLGCCX2:6:2215:2635:71559	ccnd1	GTGTTAAGCCTC	TTCTACTA	7	54672174	-	T	32
E00516:900:HJTLGCCX2:6:2215:2635:71559	ccnd1	GTGTTAAGCCTC	TTCTACTA	7	54672178	-	T	32
E00516:900:HJTLGCCX2:6:2215:2635:71559	ccnd1	GTGTTAAGCCTC	TTCTACTA	7	54672180	-	T	37
E00516:900:HJTLGCCX2:6:2215:2635:71559	ccnd1	GTGTTAAGCCTC	TTCTACTA	7	54672199	-	C	41
E00516:900:HJTLGCCX2:6:2215:2635:71559	ccnd1	GTGTTAAGCCTC	TTCTACTA	7	54672200	-	T	32
E00516:900:HJTLGCCX2:6:2215:2635:71559	ccnd1	GTGTTAAGCCTC	TTCTACTA	7	54672201	-	C	41
E00516:900:HJTLGCCX2:6:2215:2635:71559	ccnd1	GTGTTAAGCCTC	TTCTACTA	7	54672205	-	C	41
E00516:900:HJTLGCCX2:6:2215:2635:71559	ccnd1	GTGTTAAGCCTC	TTCTACTA	7	54672206	-	T	37
E00516:900:HJTLGCCX2:6:2215:2635:71559	ccnd1	GTGTTAAGCCTC	TTCTACTA	7	54672217	-	T	41
E00516:900:HJTLGCCX2:6:2215:2635:71559	ccnd1	GTGTTAAGCCTC	TTCTACTA	7	54672219	-	T	32
E00516:900:HJTLGCCX2:6:2215:2635:71559	ccnd1	GTGTTAAGCCTC	TTCTACTA	7	54672222	-	C	37
E00516:900:HJTLGCCX2:6:2215:2635:71559	ccnd1	GTGTTAAGCCTC	TTCTACTA	7	54672224	-	C	41
E00516:900:HJTLGCCX2:6:2215:2635:71559	ccnd1	GTGTTAAGCCTC	TTCTACTA	7	54672227	-	C	41
E00516:900:HJTLGCCX2:6:2215:2635:71559	ccnd1	GTGTTAAGCCTC	TTCTACTA	7	54672228	-	T	32
E00516:900:HJTLGCCX2:6:2215:2635:71559	ccnd1	GTGTTAAGCCTC	TTCTACTA	7	54672232	-	C	37
E00516:900:HJTLGCCX2:6:2215:2635:71559	ccnd1	GTGTTAAGCCTC	TTCTACTA	7	54672233	-	T	41
E00516:900:HJTLGCCX2:6:2215:2635:71559	ccnd1	GTGTTAAGCCTC	TTCTACTA	7	54672234	-	T	37
E00516:900:HJTLGCCX2:6:2215:2635:71559	ccnd1	GTGTTAAGCCTC	TTCTACTA	7	54672236	-	T	37
E00516:900:HJTLGCCX2:6:2215:2635:71559	ccnd1	GTGTTAAGCCTC	TTCTACTA	7	54672238	-	T	37
E00516:900:HJTLGCCX2:6:2215:2635:71559	ccnd1	GTGTTAAGCCTC	TTCTACTA	7	54672239	-	C	41
E00516:900:HJTLGCCX2:6:2215:2635:71559	ccnd1	GTGTTAAGCCTC	TTCTACTA	7	54672240	-	T	32
E00516:900:HJTLGCCX2:6:2215:2635:71559	ccnd1	GTGTTAAGCCTC	TTCTACTA	7	54672252	-	T	32
E00516:900:HJTLGCCX2:6:2215:8674:50480	ccnd1	GTGTTAAGCCTC	AATACATA	7	54672245	-	C	41
E00516:900:HJTLGCCX2:6:2215:8674:50480	ccnd1	GTGTTAAGCCTC	AATACATA	7	54672252	-	T	41
E00516:900:HJTLGCCX2:6:2215:8674:50480	ccnd1	GTGTTAAGCCTC	AATACATA	7	54672257	-	T	37
E00516:900:HJTLGCCX2:6:2215:8674:50480	ccnd1	GTGTTAAGCCTC	AATACATA	7	54672268	-	T	41
E00516:900:HJTLGCCX2:6:2215:8674:50480	ccnd1	GTGTTAAGCCTC	AATACATA	7	54672271	-	T	41
E00516:900:HJTLGCCX2:6:2215:8674:50480	ccnd1	GTGTTAAGCCTC	AATACATA	7	54672275	-	T	41
E00516:900:HJTLGCCX2:6:2215:8674:50480	ccnd1	GTGTTAAGCCTC	AATACATA	7	54672277	-	C	41
E00516:900:HJTLGCCX2:6:2215:8674:50480	ccnd1	GTGTTAAGCCTC	AATACATA	7	54672278	-	T	41
E00516:900:HJTLGCCX2:6:2215:8674:50480	ccnd1	GTGTTAAGCCTC	AATACATA	7	54672282	-	C	41
E00516:900:HJTLGCCX2:6:2215:8674:50480	ccnd1	GTGTTAAGCCTC	AATACATA	7	54672283	-	T	41
E00516:900:HJTLGCCX2:6:2215:8674:50480	ccnd1	GTGTTAAGCCTC	AATACATA	7	54672288	-	T	37
E00516:900:HJTLGCCX2:6:2215:8674:50480	ccnd1	GTGTTAAGCCTC	AATACATA	7	54672296	-	T	41
E00516:900:HJTLGCCX2:6:2215:8674:50480	ccnd1	GTGTTAAGCCTC	AATACATA	7	54672301	-	C	41
E00516:900:HJTLGCCX2:6:2215:8674:50480	ccnd1	GTGTTAAGCCTC	AATACATA	7	54672305	-	C	41
E00516:900:HJTLGCCX2:6:2215:8674:50480	ccnd1	GTGTTAAGCCTC	AATACATA	7	54672308	-	T	41
E00516:900:HJTLGCCX2:6:2215:8674:50480	ccnd1	GTGTTAAGCCTC	AATACATA	7	54672310	-	T	41
E00516:900:HJTLGCCX2:6:2215:8674:50480	ccnd1	GTGTTAAGCCTC	AATACATA	7	54672313	-	T	41
E00516:900:HJTLGCCX2:6:2215:8674:50480	ccnd1	GTGTTAAGCCTC	AATACATA	7	54672315	-	T	41
E00516:900:HJTLGCCX2:6:2215:8674:50480	ccnd1	GTGTTAAGCCTC	AATACATA	7	54672317	-	T	41
E00516:900:HJTLGCCX2:6:2215:8674:50480	ccnd1	GTGTTAAGCCTC	AATACATA	7	54672320	-	C	41
E00516:900:HJTLGCCX2:6:2215:8674:50480	ccnd1	GTGTTAAGCCTC	AATACATA	7	54672321	-	T	41
E00516:900:HJTLGCCX2:6:2215:8674:50480	ccnd1	GTGTTAAGCCTC	AATACATA	7	54672326	-	T	41
E00516:900:HJTLGCCX2:6:2215:8674:50480	ccnd1	GTGTTAAGCCTC	AATACATA	7	54672330	-	T	41
E00516:900:HJTLGCCX2:6:2215:8674:50480	ccnd1	GTGTTAAGCCTC	AATACATA	7	54672331	-	C	41
E00516:900:HJTLGCCX2:6:2215:8674:50480	ccnd1	GTGTTAAGCCTC	AATACATA	7	54672335	-	T	41
E00516:900:HJTLGCCX2:6:2215:8674:50480	ccnd1	GTGTTAAGCCTC	AATACATA	7	54672336	-	T	41
E00516:900:HJTLGCCX2:6:2215:8674:50480	ccnd1	GTGTTAAGCCTC	AATACATA	7	54672338	-	C	41
E00516:900:HJTLGCCX2:6:2215:8674:50480	ccnd1	GTGTTAAGCCTC	AATACATA	7	54672339	-	T	41
E00516:900:HJTLGCCX2:6:2215:8674:50480	ccnd1	GTGTTAAGCCTC	AATACATA	7	54672343	-	T	41
E00516:900:HJTLGCCX2:6:2215:8674:50480	ccnd1	GTGTTAAGCCTC	AATACATA	7	54672344	-	T	41
E00516:900:HJTLGCCX2:6:2215:8674:50480	ccnd1	GTGTTAAGCCTC	AATACATA	7	54672345	-	T	41
E00516:900:HJTLGCCX2:6:2215:8674:50480	ccnd1	GTGTTAAGCCTC	AATACATA	7	54672347	-	C	41
E00516:900:HJTLGCCX2:6:2215:8674:50480	ccnd1	GTGTTAAGCCTC	AATACATA	7	54672348	-	T	41
E00516:900:HJTLGCCX2:6:2215:8674:50480	ccnd1	GTGTTAAGCCTC	AATACATA	7	54672349	-	T	41
E00516:900:HJTLGCCX2:6:1220:2483:44855	ccnd1	GTGTTAAGCCTC	CGATGACG	7	54672873	-	T	37
E00516:900:HJTLGCCX2:6:1220:2483:44855	ccnd1	GTGTTAAGCCTC	CGATGACG	7	54672875	-	T	37
E00516:900:HJTLGCCX2:6:1220:2483:44855	ccnd1	GTGTTAAGCCTC	CGATGACG	7	54672876	-	C	37
E00516:900:HJTLGCCX2:6:1220:2483:44855	ccnd1	GTGTTAAGCCTC	CGATGACG	7	54672888	-	T	37
E00516:900:HJTLGCCX2:6:1220:2483:44855	ccnd1	GTGTTAAGCCTC	CGATGACG	7	54672900	-	T	41
E00516:900:HJTLGCCX2:6:1220:2483:44855	ccnd1	GTGTTAAGCCTC	CGATGACG	7	54672909	-	T	32
E00516:900:HJTLGCCX2:6:2115:25784:39475	ccnd1	GTGTTAAGCCTC	CGATGACG	7	54672869	-	T	41
E00516:900:HJTLGCCX2:6:2115:25784:39475	ccnd1	GTGTTAAGCCTC	CGATGACG	7	54672873	-	T	41
E00516:900:HJTLGCCX2:6:2115:25784:39475	ccnd1	GTGTTAAGCCTC	CGATGACG	7	54672875	-	T	32
E00516:900:HJTLGCCX2:6:2115:25784:39475	ccnd1	GTGTTAAGCCTC	CGATGACG	7	54672876	-	C	37
E00516:900:HJTLGCCX2:6:2115:25784:39475	ccnd1	GTGTTAAGCCTC	CGATGACG	7	54672884	-	T	41
E00516:900:HJTLGCCX2:6:2115:25784:39475	ccnd1	GTGTTAAGCCTC	CGATGACG	7	54672887	-	T	41
E00516:900:HJTLGCCX2:6:2115:25784:39475	ccnd1	GTGTTAAGCCTC	CGATGACG	7	54672888	-	T	41
E00516:900:HJTLGCCX2:6:2115:25784:39475	ccnd1	GTGTTAAGCCTC	CGATGACG	7	54672889	-	T	41
E00516:900:HJTLGCCX2:6:2115:25784:39475	ccnd1	GTGTTAAGCCTC	CGATGACG	7	54672893	-	C	41
E00516:900:HJTLGCCX2:6:2115:25784:39475	ccnd1	GTGTTAAGCCTC	CGATGACG	7	54672895	-	T	37
E00516:900:HJTLGCCX2:6:2115:25784:39475	ccnd1	GTGTTAAGCCTC	CGATGACG	7	54672900	-	T	37
E00516:900:HJTLGCCX2:6:1114:30371:31318	ccnd1	GTGTTAAGCCTC	GTCAGTCC	7	54677062	-	T	37
E00516:900:HJTLGCCX2:6:1114:30371:31318	ccnd1	GTGTTAAGCCTC	GTCAGTCC	7	54677064	-	T	37
E00516:900:HJTLGCCX2:6:1114:30371:31318	ccnd1	GTGTTAAGCCTC	GTCAGTCC	7	54677076	-	T	41
E00516:900:HJTLGCCX2:6:1114:30371:31318	ccnd1	GTGTTAAGCCTC	GTCAGTCC	7	54677079	-	T	37
E00516:900:HJTLGCCX2:6:1114:30371:31318	ccnd1	GTGTTAAGCCTC	GTCAGTCC	7	54677096	-	C	41
E00516:900:HJTLGCCX2:6:1114:30371:31318	ccnd1	GTGTTAAGCCTC	GTCAGTCC	7	54677106	-	T	37
E00516:900:HJTLGCCX2:6:1114:30371:31318	ccnd1	GTGTTAAGCCTC	GTCAGTCC	7	54677111	-	T	41
E00516:900:HJTLGCCX2:6:1114:30371:31318	ccnd1	GTGTTAAGCCTC	GTCAGTCC	7	54677115	-	T	41
E00516:900:HJTLGCCX2:6:1114:30371:31318	ccnd1	GTGTTAAGCCTC	GTCAGTCC	7	54677122	-	C	37
E00516:900:HJTLGCCX2:6:1114:30371:31318	ccnd1	GTGTTAAGCCTC	GTCAGTCC	7	54677125	-	T	41
E00516:900:HJTLGCCX2:6:1114:30371:31318	ccnd1	GTGTTAAGCCTC	GTCAGTCC	7	54677126	-	C	32
E00516:900:HJTLGCCX2:6:1114:30371:31318	ccnd1	GTGTTAAGCCTC	GTCAGTCC	7	54677127	-	T	41
E00516:900:HJTLGCCX2:6:1114:30371:31318	ccnd1	GTGTTAAGCCTC	GTCAGTCC	7	54677128	-	T	41
E00516:900:HJTLGCCX2:6:1114:30371:31318	ccnd1	GTGTTAAGCCTC	GTCAGTCC	7	54677130	-	T	41
E00516:900:HJTLGCCX2:6:1114:30371:31318	ccnd1	GTGTTAAGCCTC	GTCAGTCC	7	54677131	-	T	37
E00516:900:HJTLGCCX2:6:1114:30371:31318	ccnd1	GTGTTAAGCCTC	GTCAGTCC	7	54677142	-	C	41
E00516:900:HJTLGCCX2:6:1114:30371:31318	ccnd1	GTGTTAAGCCTC	GTCAGTCC	7	54677144	-	C	41
E00516:900:HJTLGCCX2:6:1114:30371:31318	ccnd1	GTGTTAAGCCTC	GTCAGTCC	7	54677150	-	T	41
E00516:900:HJTLGCCX2:6:1114:30371:31318	ccnd1	GTGTTAAGCCTC	GTCAGTCC	7	54677157	-	T	41
E00516:900:HJTLGCCX2:6:1114:30371:31318	ccnd1	GTGTTAAGCCTC	GTCAGTCC	7	54677160	-	T	41
E00516:900:HJTLGCCX2:6:1114:30371:31318	ccnd1	GTGTTAAGCCTC	GTCAGTCC	7	54677164	-	C	41
E00516:900:HJTLGCCX2:6:1114:30371:31318	ccnd1	GTGTTAAGCCTC	GTCAGTCC	7	54677166	-	T	41
E00516:900:HJTLGCCX2:6:1114:30371:31318	ccnd1	GTGTTAAGCCTC	GTCAGTCC	7	54677167	-	T	41
E00516:900:HJTLGCCX2:6:1114:30371:31318	ccnd1	GTGTTAAGCCTC	GTCAGTCC	7	54677168	-	T	41
E00516:900:HJTLGCCX2:6:1114:30371:31318	ccnd1	GTGTTAAGCCTC	GTCAGTCC	7	54677169	-	T	41
E00516:900:HJTLGCCX2:6:1114:30371:31318	ccnd1	GTGTTAAGCCTC	GTCAGTCC	7	54677172	-	T	41
E00516:900:HJTLGCCX2:6:2213:30756:68975	ccnd1	GTGTTAAGCCTC	GTCAGTCC	7	54677061	-	T	32
E00516:900:HJTLGCCX2:6:2213:30756:68975	ccnd1	GTGTTAAGCCTC	GTCAGTCC	7	54677062	-	T	37
E00516:900:HJTLGCCX2:6:2213:30756:68975	ccnd1	GTGTTAAGCCTC	GTCAGTCC	7	54677072	-	C	37
E00516:900:HJTLGCCX2:6:2213:30756:68975	ccnd1	GTGTTAAGCCTC	GTCAGTCC	7	54677076	-	T	41
E00516:900:HJTLGCCX2:6:2213:30756:68975	ccnd1	GTGTTAAGCCTC	GTCAGTCC	7	54677077	-	T	41
E00516:900:HJTLGCCX2:6:2213:30756:68975	ccnd1	GTGTTAAGCCTC	GTCAGTCC	7	54677079	-	T	41
E00516:900:HJTLGCCX2:6:2213:30756:68975	ccnd1	GTGTTAAGCCTC	GTCAGTCC	7	54677106	-	T	32
E00516:900:HJTLGCCX2:6:2213:30756:68975	ccnd1	GTGTTAAGCCTC	GTCAGTCC	7	54677111	-	T	41
E00516:900:HJTLGCCX2:6:2213:30756:68975	ccnd1	GTGTTAAGCCTC	GTCAGTCC	7	54677115	-	T	32
E00516:900:HJTLGCCX2:6:2213:30756:68975	ccnd1	GTGTTAAGCCTC	GTCAGTCC	7	54677122	-	C	32
E00516:900:HJTLGCCX2:6:2213:30756:68975	ccnd1	GTGTTAAGCCTC	GTCAGTCC	7	54677125	-	T	41
E00516:900:HJTLGCCX2:6:2213:30756:68975	ccnd1	GTGTTAAGCCTC	GTCAGTCC	7	54677127	-	T	32
E00516:900:HJTLGCCX2:6:2213:30756:68975	ccnd1	GTGTTAAGCCTC	GTCAGTCC	7	54677130	-	T	37
E00516:900:HJTLGCCX2:6:2213:30756:68975	ccnd1	GTGTTAAGCCTC	GTCAGTCC	7	54677142	-	C	32
E00516:900:HJTLGCCX2:6:2213:30756:68975	ccnd1	GTGTTAAGCCTC	GTCAGTCC	7	54677150	-	T	41
E00516:900:HJTLGCCX2:6:2213:30756:68975	ccnd1	GTGTTAAGCCTC	GTCAGTCC	7	54677157	-	T	41
E00516:900:HJTLGCCX2:6:2213:30756:68975	ccnd1	GTGTTAAGCCTC	GTCAGTCC	7	54677164	-	C	41
E00516:900:HJTLGCCX2:6:2213:30756:68975	ccnd1	GTGTTAAGCCTC	GTCAGTCC	7	54677166	-	T	41
E00516:900:HJTLGCCX2:6:2213:30756:68975	ccnd1	GTGTTAAGCCTC	GTCAGTCC	7	54677167	-	T	41
E00516:900:HJTLGCCX2:6:2213:30756:68975	ccnd1	GTGTTAAGCCTC	GTCAGTCC	7	54677168	-	T	41
E00516:900:HJTLGCCX2:6:2213:30756:68975	ccnd1	GTGTTAAGCCTC	GTCAGTCC	7	54677169	-	T	41
E00516:900:HJTLGCCX2:6:2213:30756:68975	ccnd1	GTGTTAAGCCTC	GTCAGTCC	7	54677172	-	T	37
E00516:900:HJTLGCCX2:6:2124:12063:71893	ccnd1	GTGTTAAGCCTC	CGGGCCTG	7	54677195	-	T	41
E00516:900:HJTLGCCX2:6:2124:12063:71893	ccnd1	GTGTTAAGCCTC	CGGGCCTG	7	54677197	-	T	32
E00516:900:HJTLGCCX2:6:2124:12063:71893	ccnd1	GTGTTAAGCCTC	CGGGCCTG	7	54677210	-	C	37
E00516:900:HJTLGCCX2:6:2124:12063:71893	ccnd1	GTGTTAAGCCTC	CGGGCCTG	7	54677232	-	T	32
E00516:900:HJTLGCCX2:6:2124:12063:71893	ccnd1	GTGTTAAGCCTC	CGGGCCTG	7	54677240	-	T	37
E00516:900:HJTLGCCX2:6:2124:12063:71893	ccnd1	GTGTTAAGCCTC	CGGGCCTG	7	54677241	-	C	32
E00516:900:HJTLGCCX2:6:2124:12063:71893	ccnd1	GTGTTAAGCCTC	CGGGCCTG	7	54677243	-	C	32
E00516:900:HJTLGCCX2:6:2124:12063:71893	ccnd1	GTGTTAAGCCTC	CGGGCCTG	7	54677267	-	T	37
E00516:900:HJTLGCCX2:6:2124:12063:71893	ccnd1	GTGTTAAGCCTC	CGGGCCTG	7	54677270	-	T	37
E00516:900:HJTLGCCX2:6:2124:12063:71893	ccnd1	GTGTTAAGCCTC	CGGGCCTG	7	54677280	-	C	41
E00516:900:HJTLGCCX2:6:2124:12063:71893	ccnd1	GTGTTAAGCCTC	CGGGCCTG	7	54677283	-	T	37
E00516:900:HJTLGCCX2:6:2124:12063:71893	ccnd1	GTGTTAAGCCTC	CGGGCCTG	7	54677297	-	C	32
E00516:900:HJTLGCCX2:6:2124:12063:71893	ccnd1	GTGTTAAGCCTC	CGGGCCTG	7	54677308	-	T	41
E00516:900:HJTLGCCX2:6:2124:12063:71893	ccnd1	GTGTTAAGCCTC	CGGGCCTG	7	54677309	-	T	41
E00516:900:HJTLGCCX2:6:2124:12063:71893	ccnd1	GTGTTAAGCCTC	CGGGCCTG	7	54677310	-	T	37
E00516:900:HJTLGCCX2:6:2124:12063:71893	ccnd1	GTGTTAAGCCTC	CGGGCCTG	7	54677313	-	T	41
E00516:900:HJTLGCCX2:6:2124:12063:71893	ccnd1	GTGTTAAGCCTC	CGGGCCTG	7	54677316	-	T	37
E00516:900:HJTLGCCX2:6:2124:12063:71893	ccnd1	GTGTTAAGCCTC	CGGGCCTG	7	54677319	-	T	32
E00516:900:HJTLGCCX2:6:2124:12063:71893	ccnd1	GTGTTAAGCCTC	CGGGCCTG	7	54677331	-	T	32
E00516:900:HJTLGCCX2:6:2124:12063:71893	ccnd1	GTGTTAAGCCTC	CGGGCCTG	7	54677333	-	T	32
E00516:900:HJTLGCCX2:6:2124:12063:71893	ccnd1	GTGTTAAGCCTC	CGGGCCTG	7	54677335	-	T	32
E00516:900:HJTLGCCX2:6:2124:12063:71893	ccnd1	GTGTTAAGCCTC	CGGGCCTG	7	54677339	-	T	32
