E00499:817:HJTG3CCX2:8:1220:26940:14476	ccnd1	ACCTAGTCCATC	TTGCTCGC	7	54670218	-	T	32
E00499:817:HJTG3CCX2:8:1220:26940:14476	ccnd1	ACCTAGTCCATC	TTGCTCGC	7	54670219	-	T	37
E00499:817:HJTG3CCX2:8:1220:26940:14476	ccnd1	ACCTAGTCCATC	TTGCTCGC	7	54670222	-	T	32
E00499:817:HJTG3CCX2:8:1220:26940:14476	ccnd1	ACCTAGTCCATC	TTGCTCGC	7	54670223	-	T	37
E00499:817:HJTG3CCX2:8:1220:26940:14476	ccnd1	ACCTAGTCCATC	TTGCTCGC	7	54670225	-	T	37
E00499:817:HJTG3CCX2:8:1220:26940:14476	ccnd1	ACCTAGTCCATC	TTGCTCGC	7	54670228	-	T	32
E00499:817:HJTG3CCX2:8:1220:26940:14476	ccnd1	ACCTAGTCCATC	TTGCTCGC	7	54670230	-	T	41
E00499:817:HJTG3CCX2:8:1220:26940:14476	ccnd1	ACCTAGTCCATC	TTGCTCGC	7	54670266	-	T	37
E00499:817:HJTG3CCX2:8:1220:26940:14476	ccnd1	ACCTAGTCCATC	TTGCTCGC	7	54670291	-	T	32
E00499:817:HJTG3CCX2:8:1220:26940:14476	ccnd1	ACCTAGTCCATC	TTGCTCGC	7	54670340	-	C	32
E00499:817:HJTG3CCX2:8:1220:26940:14476	ccnd1	ACCTAGTCCATC	TTGCTCGC	7	54670343	-	C	37
E00499:817:HJTG3CCX2:8:1220:26940:14476	ccnd1	ACCTAGTCCATC	TTGCTCGC	7	54670356	-	T	37
E00499:817:HJTG3CCX2:8:1102:27793:43905	ccnd1	ACCTAGTCCATC	CTGGGCCT	7	54670729	-	T	41
E00499:817:HJTG3CCX2:8:1102:27793:43905	ccnd1	ACCTAGTCCATC	CTGGGCCT	7	54670738	-	T	41
E00499:817:HJTG3CCX2:8:1102:27793:43905	ccnd1	ACCTAGTCCATC	CTGGGCCT	7	54670740	-	T	41
E00499:817:HJTG3CCX2:8:1102:27793:43905	ccnd1	ACCTAGTCCATC	CTGGGCCT	7	54670744	-	T	32
E00499:817:HJTG3CCX2:8:1102:27793:43905	ccnd1	ACCTAGTCCATC	CTGGGCCT	7	54670747	-	T	41
E00499:817:HJTG3CCX2:8:1102:27793:43905	ccnd1	ACCTAGTCCATC	CTGGGCCT	7	54670748	-	T	41
E00499:817:HJTG3CCX2:8:1102:27793:43905	ccnd1	ACCTAGTCCATC	CTGGGCCT	7	54670750	-	T	41
E00499:817:HJTG3CCX2:8:1102:27793:43905	ccnd1	ACCTAGTCCATC	CTGGGCCT	7	54670752	-	T	32
E00499:817:HJTG3CCX2:8:1102:27793:43905	ccnd1	ACCTAGTCCATC	CTGGGCCT	7	54670753	-	T	37
E00499:817:HJTG3CCX2:8:1102:27793:43905	ccnd1	ACCTAGTCCATC	CTGGGCCT	7	54670767	-	T	41
E00499:817:HJTG3CCX2:8:1102:27793:43905	ccnd1	ACCTAGTCCATC	CTGGGCCT	7	54670774	-	C	41
E00499:817:HJTG3CCX2:8:1102:27793:43905	ccnd1	ACCTAGTCCATC	CTGGGCCT	7	54670789	-	T	41
E00499:817:HJTG3CCX2:8:1102:27793:43905	ccnd1	ACCTAGTCCATC	CTGGGCCT	7	54670791	-	T	41
E00499:817:HJTG3CCX2:8:1102:27793:43905	ccnd1	ACCTAGTCCATC	CTGGGCCT	7	54670792	-	T	41
E00499:817:HJTG3CCX2:8:1102:27793:43905	ccnd1	ACCTAGTCCATC	CTGGGCCT	7	54670794	-	T	41
E00499:817:HJTG3CCX2:8:1102:27793:43905	ccnd1	ACCTAGTCCATC	CTGGGCCT	7	54670795	-	T	41
E00499:817:HJTG3CCX2:8:1102:27793:43905	ccnd1	ACCTAGTCCATC	CTGGGCCT	7	54670797	-	T	41
E00499:817:HJTG3CCX2:8:1102:27793:43905	ccnd1	ACCTAGTCCATC	CTGGGCCT	7	54670799	-	T	41
E00499:817:HJTG3CCX2:8:1102:27793:43905	ccnd1	ACCTAGTCCATC	CTGGGCCT	7	54670803	-	T	41
E00499:817:HJTG3CCX2:8:1102:27793:43905	ccnd1	ACCTAGTCCATC	CTGGGCCT	7	54670807	-	T	41
E00499:817:HJTG3CCX2:8:1102:27793:43905	ccnd1	ACCTAGTCCATC	CTGGGCCT	7	54670811	-	C	41
E00499:817:HJTG3CCX2:8:1102:27793:43905	ccnd1	ACCTAGTCCATC	CTGGGCCT	7	54670813	-	C	41
E00499:817:HJTG3CCX2:8:1102:27793:43905	ccnd1	ACCTAGTCCATC	CTGGGCCT	7	54670815	-	T	41
E00499:817:HJTG3CCX2:8:1102:27793:43905	ccnd1	ACCTAGTCCATC	CTGGGCCT	7	54670818	-	T	41
E00499:817:HJTG3CCX2:8:1102:27793:43905	ccnd1	ACCTAGTCCATC	CTGGGCCT	7	54670819	-	T	41
E00499:817:HJTG3CCX2:8:1102:27793:43905	ccnd1	ACCTAGTCCATC	CTGGGCCT	7	54670827	-	T	41
E00499:817:HJTG3CCX2:8:1102:27793:43905	ccnd1	ACCTAGTCCATC	CTGGGCCT	7	54670835	-	T	41
E00499:817:HJTG3CCX2:8:1102:27793:43905	ccnd1	ACCTAGTCCATC	CTGGGCCT	7	54670836	-	T	41
E00499:817:HJTG3CCX2:8:1102:27793:43905	ccnd1	ACCTAGTCCATC	CTGGGCCT	7	54670837	-	T	41
E00499:817:HJTG3CCX2:8:1102:27793:43905	ccnd1	ACCTAGTCCATC	CTGGGCCT	7	54670840	-	T	41
E00499:817:HJTG3CCX2:8:1102:27793:43905	ccnd1	ACCTAGTCCATC	CTGGGCCT	7	54670843	-	T	41
E00499:817:HJTG3CCX2:8:1102:27793:43905	ccnd1	ACCTAGTCCATC	CTGGGCCT	7	54670845	-	C	41
E00499:817:HJTG3CCX2:8:1102:27793:43905	ccnd1	ACCTAGTCCATC	CTGGGCCT	7	54670846	-	T	41
E00499:817:HJTG3CCX2:8:1102:27793:43905	ccnd1	ACCTAGTCCATC	CTGGGCCT	7	54670848	-	T	41
E00499:817:HJTG3CCX2:8:1102:27793:43905	ccnd1	ACCTAGTCCATC	CTGGGCCT	7	54670850	-	T	41
E00499:817:HJTG3CCX2:8:1102:27793:43905	ccnd1	ACCTAGTCCATC	CTGGGCCT	7	54670851	-	T	41
E00499:817:HJTG3CCX2:8:1102:27793:43905	ccnd1	ACCTAGTCCATC	CTGGGCCT	7	54670852	-	T	41
E00499:817:HJTG3CCX2:8:1102:27793:43905	ccnd1	ACCTAGTCCATC	CTGGGCCT	7	54670853	-	T	37
E00499:817:HJTG3CCX2:8:1102:27793:43905	ccnd1	ACCTAGTCCATC	CTGGGCCT	7	54670856	-	T	41
E00499:817:HJTG3CCX2:8:1213:23013:7005	ccnd1	ACCTAGTCCATC	CTGGGCCT	7	54670729	-	T	41
E00499:817:HJTG3CCX2:8:1213:23013:7005	ccnd1	ACCTAGTCCATC	CTGGGCCT	7	54670738	-	T	41
E00499:817:HJTG3CCX2:8:1213:23013:7005	ccnd1	ACCTAGTCCATC	CTGGGCCT	7	54670740	-	T	37
E00499:817:HJTG3CCX2:8:1213:23013:7005	ccnd1	ACCTAGTCCATC	CTGGGCCT	7	54670744	-	T	37
E00499:817:HJTG3CCX2:8:1213:23013:7005	ccnd1	ACCTAGTCCATC	CTGGGCCT	7	54670747	-	T	41
E00499:817:HJTG3CCX2:8:1213:23013:7005	ccnd1	ACCTAGTCCATC	CTGGGCCT	7	54670748	-	T	41
E00499:817:HJTG3CCX2:8:1213:23013:7005	ccnd1	ACCTAGTCCATC	CTGGGCCT	7	54670750	-	T	41
E00499:817:HJTG3CCX2:8:1213:23013:7005	ccnd1	ACCTAGTCCATC	CTGGGCCT	7	54670752	-	T	41
E00499:817:HJTG3CCX2:8:1213:23013:7005	ccnd1	ACCTAGTCCATC	CTGGGCCT	7	54670753	-	T	41
E00499:817:HJTG3CCX2:8:1213:23013:7005	ccnd1	ACCTAGTCCATC	CTGGGCCT	7	54670756	-	T	41
E00499:817:HJTG3CCX2:8:1213:23013:7005	ccnd1	ACCTAGTCCATC	CTGGGCCT	7	54670767	-	T	41
E00499:817:HJTG3CCX2:8:1213:23013:7005	ccnd1	ACCTAGTCCATC	CTGGGCCT	7	54670774	-	C	41
E00499:817:HJTG3CCX2:8:1213:23013:7005	ccnd1	ACCTAGTCCATC	CTGGGCCT	7	54670789	-	T	41
E00499:817:HJTG3CCX2:8:1213:23013:7005	ccnd1	ACCTAGTCCATC	CTGGGCCT	7	54670791	-	T	41
E00499:817:HJTG3CCX2:8:1213:23013:7005	ccnd1	ACCTAGTCCATC	CTGGGCCT	7	54670792	-	T	41
E00499:817:HJTG3CCX2:8:1213:23013:7005	ccnd1	ACCTAGTCCATC	CTGGGCCT	7	54670794	-	T	41
E00499:817:HJTG3CCX2:8:1213:23013:7005	ccnd1	ACCTAGTCCATC	CTGGGCCT	7	54670795	-	T	41
E00499:817:HJTG3CCX2:8:1213:23013:7005	ccnd1	ACCTAGTCCATC	CTGGGCCT	7	54670797	-	T	41
E00499:817:HJTG3CCX2:8:1213:23013:7005	ccnd1	ACCTAGTCCATC	CTGGGCCT	7	54670799	-	T	41
E00499:817:HJTG3CCX2:8:1213:23013:7005	ccnd1	ACCTAGTCCATC	CTGGGCCT	7	54670803	-	T	41
E00499:817:HJTG3CCX2:8:1213:23013:7005	ccnd1	ACCTAGTCCATC	CTGGGCCT	7	54670807	-	T	41
E00499:817:HJTG3CCX2:8:1213:23013:7005	ccnd1	ACCTAGTCCATC	CTGGGCCT	7	54670811	-	C	41
E00499:817:HJTG3CCX2:8:1213:23013:7005	ccnd1	ACCTAGTCCATC	CTGGGCCT	7	54670813	-	C	41
E00499:817:HJTG3CCX2:8:1213:23013:7005	ccnd1	ACCTAGTCCATC	CTGGGCCT	7	54670815	-	T	41
E00499:817:HJTG3CCX2:8:1213:23013:7005	ccnd1	ACCTAGTCCATC	CTGGGCCT	7	54670818	-	T	41
E00499:817:HJTG3CCX2:8:1213:23013:7005	ccnd1	ACCTAGTCCATC	CTGGGCCT	7	54670819	-	T	41
E00499:817:HJTG3CCX2:8:1213:23013:7005	ccnd1	ACCTAGTCCATC	CTGGGCCT	7	54670827	-	T	41
E00499:817:HJTG3CCX2:8:1213:23013:7005	ccnd1	ACCTAGTCCATC	CTGGGCCT	7	54670835	-	T	41
E00499:817:HJTG3CCX2:8:1213:23013:7005	ccnd1	ACCTAGTCCATC	CTGGGCCT	7	54670836	-	T	41
E00499:817:HJTG3CCX2:8:1213:23013:7005	ccnd1	ACCTAGTCCATC	CTGGGCCT	7	54670837	-	T	41
E00499:817:HJTG3CCX2:8:1213:23013:7005	ccnd1	ACCTAGTCCATC	CTGGGCCT	7	54670840	-	T	41
E00499:817:HJTG3CCX2:8:1213:23013:7005	ccnd1	ACCTAGTCCATC	CTGGGCCT	7	54670843	-	T	41
E00499:817:HJTG3CCX2:8:1213:23013:7005	ccnd1	ACCTAGTCCATC	CTGGGCCT	7	54670845	-	C	41
E00499:817:HJTG3CCX2:8:1213:23013:7005	ccnd1	ACCTAGTCCATC	CTGGGCCT	7	54670846	-	T	41
E00499:817:HJTG3CCX2:8:1213:23013:7005	ccnd1	ACCTAGTCCATC	CTGGGCCT	7	54670848	-	T	41
E00499:817:HJTG3CCX2:8:1213:23013:7005	ccnd1	ACCTAGTCCATC	CTGGGCCT	7	54670850	-	T	41
E00499:817:HJTG3CCX2:8:1213:23013:7005	ccnd1	ACCTAGTCCATC	CTGGGCCT	7	54670851	-	T	41
E00499:817:HJTG3CCX2:8:1213:23013:7005	ccnd1	ACCTAGTCCATC	CTGGGCCT	7	54670852	-	T	41
E00499:817:HJTG3CCX2:8:1213:23013:7005	ccnd1	ACCTAGTCCATC	CTGGGCCT	7	54670853	-	T	41
E00499:817:HJTG3CCX2:8:1213:23013:7005	ccnd1	ACCTAGTCCATC	CTGGGCCT	7	54670856	-	T	37
E00499:817:HJTG3CCX2:8:2122:25428:33938	ccnd1	ACCTAGTCCATC	GGGTCACC	7	54671284	-	T	37
E00499:817:HJTG3CCX2:8:2122:25428:33938	ccnd1	ACCTAGTCCATC	GGGTCACC	7	54671289	-	C	32
E00499:817:HJTG3CCX2:8:2122:25428:33938	ccnd1	ACCTAGTCCATC	GGGTCACC	7	54671304	-	T	32
E00499:817:HJTG3CCX2:8:2122:25428:33938	ccnd1	ACCTAGTCCATC	GGGTCACC	7	54671305	-	T	41
E00499:817:HJTG3CCX2:8:2122:25428:33938	ccnd1	ACCTAGTCCATC	GGGTCACC	7	54671312	-	T	37
E00499:817:HJTG3CCX2:8:2122:25428:33938	ccnd1	ACCTAGTCCATC	GGGTCACC	7	54671321	-	T	37
E00499:817:HJTG3CCX2:8:2122:25428:33938	ccnd1	ACCTAGTCCATC	GGGTCACC	7	54671323	-	T	32
E00499:817:HJTG3CCX2:8:2122:25428:33938	ccnd1	ACCTAGTCCATC	GGGTCACC	7	54671324	-	T	32
E00499:817:HJTG3CCX2:8:2122:25428:33938	ccnd1	ACCTAGTCCATC	GGGTCACC	7	54671325	-	T	37
E00499:817:HJTG3CCX2:8:2122:25428:33938	ccnd1	ACCTAGTCCATC	GGGTCACC	7	54671326	-	T	41
E00499:817:HJTG3CCX2:8:2122:25428:33938	ccnd1	ACCTAGTCCATC	GGGTCACC	7	54671329	-	T	32
E00499:817:HJTG3CCX2:8:2122:25428:33938	ccnd1	ACCTAGTCCATC	GGGTCACC	7	54671332	-	T	32
E00499:817:HJTG3CCX2:8:2122:25428:33938	ccnd1	ACCTAGTCCATC	GGGTCACC	7	54671333	-	T	41
E00499:817:HJTG3CCX2:8:2122:25428:33938	ccnd1	ACCTAGTCCATC	GGGTCACC	7	54671334	-	T	32
E00499:817:HJTG3CCX2:8:2122:25428:33938	ccnd1	ACCTAGTCCATC	GGGTCACC	7	54671337	-	T	37
E00499:817:HJTG3CCX2:8:2122:25428:33938	ccnd1	ACCTAGTCCATC	GGGTCACC	7	54671341	-	T	41
E00499:817:HJTG3CCX2:8:2122:25428:33938	ccnd1	ACCTAGTCCATC	GGGTCACC	7	54671342	-	T	37
E00499:817:HJTG3CCX2:8:2122:25428:33938	ccnd1	ACCTAGTCCATC	GGGTCACC	7	54671343	-	T	37
E00499:817:HJTG3CCX2:8:2122:25428:33938	ccnd1	ACCTAGTCCATC	GGGTCACC	7	54671350	-	T	37
E00499:817:HJTG3CCX2:8:2122:25428:33938	ccnd1	ACCTAGTCCATC	GGGTCACC	7	54671353	-	T	32
E00499:817:HJTG3CCX2:8:2122:25428:33938	ccnd1	ACCTAGTCCATC	GGGTCACC	7	54671356	-	T	32
E00499:817:HJTG3CCX2:8:2119:28422:7163	ccnd1	ACCTAGTCCATC	GGGTCACC	7	54671319	-	T	41
E00499:817:HJTG3CCX2:8:2119:28422:7163	ccnd1	ACCTAGTCCATC	GGGTCACC	7	54671320	-	T	41
E00499:817:HJTG3CCX2:8:2119:28422:7163	ccnd1	ACCTAGTCCATC	GGGTCACC	7	54671321	-	T	41
E00499:817:HJTG3CCX2:8:2119:28422:7163	ccnd1	ACCTAGTCCATC	GGGTCACC	7	54671322	-	T	41
E00499:817:HJTG3CCX2:8:2119:28422:7163	ccnd1	ACCTAGTCCATC	GGGTCACC	7	54671323	-	T	41
E00499:817:HJTG3CCX2:8:2119:28422:7163	ccnd1	ACCTAGTCCATC	GGGTCACC	7	54671324	-	T	41
E00499:817:HJTG3CCX2:8:2119:28422:7163	ccnd1	ACCTAGTCCATC	GGGTCACC	7	54671325	-	T	41
E00499:817:HJTG3CCX2:8:2119:28422:7163	ccnd1	ACCTAGTCCATC	GGGTCACC	7	54671326	-	T	37
E00499:817:HJTG3CCX2:8:2119:28422:7163	ccnd1	ACCTAGTCCATC	GGGTCACC	7	54671329	-	T	37
E00499:817:HJTG3CCX2:8:2119:28422:7163	ccnd1	ACCTAGTCCATC	GGGTCACC	7	54671332	-	T	41
E00499:817:HJTG3CCX2:8:2119:28422:7163	ccnd1	ACCTAGTCCATC	GGGTCACC	7	54671333	-	T	41
E00499:817:HJTG3CCX2:8:2119:28422:7163	ccnd1	ACCTAGTCCATC	GGGTCACC	7	54671334	-	T	37
E00499:817:HJTG3CCX2:8:2119:28422:7163	ccnd1	ACCTAGTCCATC	GGGTCACC	7	54671337	-	T	41
E00499:817:HJTG3CCX2:8:2119:28422:7163	ccnd1	ACCTAGTCCATC	GGGTCACC	7	54671338	-	T	41
E00499:817:HJTG3CCX2:8:2119:28422:7163	ccnd1	ACCTAGTCCATC	GGGTCACC	7	54671341	-	T	41
E00499:817:HJTG3CCX2:8:2119:28422:7163	ccnd1	ACCTAGTCCATC	GGGTCACC	7	54671342	-	T	32
E00499:817:HJTG3CCX2:8:2119:28422:7163	ccnd1	ACCTAGTCCATC	GGGTCACC	7	54671343	-	T	32
E00499:817:HJTG3CCX2:8:2119:28422:7163	ccnd1	ACCTAGTCCATC	GGGTCACC	7	54671350	-	T	41
E00499:817:HJTG3CCX2:8:2119:28422:7163	ccnd1	ACCTAGTCCATC	GGGTCACC	7	54671351	-	T	41
E00499:817:HJTG3CCX2:8:2119:28422:7163	ccnd1	ACCTAGTCCATC	GGGTCACC	7	54671353	-	T	41
E00499:817:HJTG3CCX2:8:2119:28422:7163	ccnd1	ACCTAGTCCATC	GGGTCACC	7	54671354	-	T	41
E00499:817:HJTG3CCX2:8:2119:28422:7163	ccnd1	ACCTAGTCCATC	GGGTCACC	7	54671359	-	C	37
E00499:817:HJTG3CCX2:8:2119:28422:7163	ccnd1	ACCTAGTCCATC	GGGTCACC	7	54671366	-	T	41
E00499:817:HJTG3CCX2:8:2119:28422:7163	ccnd1	ACCTAGTCCATC	GGGTCACC	7	54671369	-	T	41
E00499:817:HJTG3CCX2:8:2119:28422:7163	ccnd1	ACCTAGTCCATC	GGGTCACC	7	54671371	-	T	37
E00499:817:HJTG3CCX2:8:2119:28422:7163	ccnd1	ACCTAGTCCATC	GGGTCACC	7	54671372	-	T	37
E00499:817:HJTG3CCX2:8:2119:28422:7163	ccnd1	ACCTAGTCCATC	GGGTCACC	7	54671374	-	T	41
E00499:817:HJTG3CCX2:8:2119:28422:7163	ccnd1	ACCTAGTCCATC	GGGTCACC	7	54671377	-	T	41
E00499:817:HJTG3CCX2:8:2119:28422:7163	ccnd1	ACCTAGTCCATC	GGGTCACC	7	54671378	-	C	37
E00499:817:HJTG3CCX2:8:2119:28422:7163	ccnd1	ACCTAGTCCATC	GGGTCACC	7	54671379	-	T	32
E00499:817:HJTG3CCX2:8:2119:28422:7163	ccnd1	ACCTAGTCCATC	GGGTCACC	7	54671384	-	T	32
E00499:817:HJTG3CCX2:8:2119:28422:7163	ccnd1	ACCTAGTCCATC	GGGTCACC	7	54671387	-	T	41
E00499:817:HJTG3CCX2:8:2119:28422:7163	ccnd1	ACCTAGTCCATC	GGGTCACC	7	54671389	-	T	41
E00499:817:HJTG3CCX2:8:2119:28422:7163	ccnd1	ACCTAGTCCATC	GGGTCACC	7	54671394	-	T	37
E00499:817:HJTG3CCX2:8:2119:28422:7163	ccnd1	ACCTAGTCCATC	GGGTCACC	7	54671398	-	T	41
E00499:817:HJTG3CCX2:8:2119:28422:7163	ccnd1	ACCTAGTCCATC	GGGTCACC	7	54671400	-	T	37
E00499:817:HJTG3CCX2:8:2119:28422:7163	ccnd1	ACCTAGTCCATC	GGGTCACC	7	54671407	-	T	37
E00499:817:HJTG3CCX2:8:2119:28422:7163	ccnd1	ACCTAGTCCATC	GGGTCACC	7	54671410	-	T	32
E00499:817:HJTG3CCX2:8:2119:28422:7163	ccnd1	ACCTAGTCCATC	GGGTCACC	7	54671413	-	T	41
E00499:817:HJTG3CCX2:8:2119:28422:7163	ccnd1	ACCTAGTCCATC	GGGTCACC	7	54671415	-	T	37
E00499:817:HJTG3CCX2:8:2119:28422:7163	ccnd1	ACCTAGTCCATC	GGGTCACC	7	54671416	-	T	41
E00499:817:HJTG3CCX2:8:2119:28422:7163	ccnd1	ACCTAGTCCATC	GGGTCACC	7	54671419	-	C	37
E00499:817:HJTG3CCX2:8:2119:28422:7163	ccnd1	ACCTAGTCCATC	GGGTCACC	7	54671421	-	T	37
E00499:817:HJTG3CCX2:8:2119:28422:7163	ccnd1	ACCTAGTCCATC	GGGTCACC	7	54671434	-	T	32
E00499:817:HJTG3CCX2:8:2120:16884:57319	ccnd1	ACCTAGTCCATC	CTGTTAGA	7	54671494	-	C	37
E00499:817:HJTG3CCX2:8:2120:16884:57319	ccnd1	ACCTAGTCCATC	CTGTTAGA	7	54671496	-	T	41
E00499:817:HJTG3CCX2:8:2120:16884:57319	ccnd1	ACCTAGTCCATC	CTGTTAGA	7	54671505	-	T	37
E00499:817:HJTG3CCX2:8:2120:16884:57319	ccnd1	ACCTAGTCCATC	CTGTTAGA	7	54671506	-	T	41
E00499:817:HJTG3CCX2:8:2120:16884:57319	ccnd1	ACCTAGTCCATC	CTGTTAGA	7	54671507	-	T	37
E00499:817:HJTG3CCX2:8:2120:16884:57319	ccnd1	ACCTAGTCCATC	CTGTTAGA	7	54671513	-	T	41
E00499:817:HJTG3CCX2:8:2120:16884:57319	ccnd1	ACCTAGTCCATC	CTGTTAGA	7	54671515	-	C	41
E00499:817:HJTG3CCX2:8:2120:16884:57319	ccnd1	ACCTAGTCCATC	CTGTTAGA	7	54671517	-	T	41
E00499:817:HJTG3CCX2:8:2120:16884:57319	ccnd1	ACCTAGTCCATC	CTGTTAGA	7	54671520	-	C	41
E00499:817:HJTG3CCX2:8:2120:16884:57319	ccnd1	ACCTAGTCCATC	CTGTTAGA	7	54671524	-	T	41
E00499:817:HJTG3CCX2:8:2120:16884:57319	ccnd1	ACCTAGTCCATC	CTGTTAGA	7	54671525	-	T	41
E00499:817:HJTG3CCX2:8:2120:16884:57319	ccnd1	ACCTAGTCCATC	CTGTTAGA	7	54671526	-	C	41
E00499:817:HJTG3CCX2:8:2120:16884:57319	ccnd1	ACCTAGTCCATC	CTGTTAGA	7	54671527	-	T	41
E00499:817:HJTG3CCX2:8:2120:16884:57319	ccnd1	ACCTAGTCCATC	CTGTTAGA	7	54671528	-	T	37
E00499:817:HJTG3CCX2:8:2120:16884:57319	ccnd1	ACCTAGTCCATC	CTGTTAGA	7	54671531	-	C	41
E00499:817:HJTG3CCX2:8:2120:16884:57319	ccnd1	ACCTAGTCCATC	CTGTTAGA	7	54671534	-	T	41
E00499:817:HJTG3CCX2:8:2120:16884:57319	ccnd1	ACCTAGTCCATC	CTGTTAGA	7	54671568	-	T	41
E00499:817:HJTG3CCX2:8:2120:16884:57319	ccnd1	ACCTAGTCCATC	CTGTTAGA	7	54671573	-	T	41
E00499:817:HJTG3CCX2:8:2120:16884:57319	ccnd1	ACCTAGTCCATC	CTGTTAGA	7	54671575	-	T	41
E00499:817:HJTG3CCX2:8:2120:16884:57319	ccnd1	ACCTAGTCCATC	CTGTTAGA	7	54671576	-	T	41
E00499:817:HJTG3CCX2:8:2120:16884:57319	ccnd1	ACCTAGTCCATC	CTGTTAGA	7	54671577	-	T	41
E00499:817:HJTG3CCX2:8:2120:16884:57319	ccnd1	ACCTAGTCCATC	CTGTTAGA	7	54671584	-	T	41
E00499:817:HJTG3CCX2:8:2120:16884:57319	ccnd1	ACCTAGTCCATC	CTGTTAGA	7	54671596	-	T	37
E00499:817:HJTG3CCX2:8:2120:16884:57319	ccnd1	ACCTAGTCCATC	CTGTTAGA	7	54671604	-	T	41
E00499:817:HJTG3CCX2:8:2120:16884:57319	ccnd1	ACCTAGTCCATC	CTGTTAGA	7	54671610	-	T	41
E00499:817:HJTG3CCX2:8:2120:16884:57319	ccnd1	ACCTAGTCCATC	CTGTTAGA	7	54671614	-	T	41
E00499:817:HJTG3CCX2:8:2120:16884:57319	ccnd1	ACCTAGTCCATC	CTGTTAGA	7	54671617	-	T	41
E00499:817:HJTG3CCX2:8:1211:11221:6337	ccnd1	ACCTAGTCCATC	CAGCCCGT	7	54671513	-	T	41
E00499:817:HJTG3CCX2:8:1211:11221:6337	ccnd1	ACCTAGTCCATC	CAGCCCGT	7	54671515	-	C	37
E00499:817:HJTG3CCX2:8:1211:11221:6337	ccnd1	ACCTAGTCCATC	CAGCCCGT	7	54671517	-	T	41
E00499:817:HJTG3CCX2:8:1211:11221:6337	ccnd1	ACCTAGTCCATC	CAGCCCGT	7	54671520	-	T	41
E00499:817:HJTG3CCX2:8:1211:11221:6337	ccnd1	ACCTAGTCCATC	CAGCCCGT	7	54671524	-	C	37
E00499:817:HJTG3CCX2:8:1211:11221:6337	ccnd1	ACCTAGTCCATC	CAGCCCGT	7	54671525	-	T	41
E00499:817:HJTG3CCX2:8:1211:11221:6337	ccnd1	ACCTAGTCCATC	CAGCCCGT	7	54671526	-	T	41
E00499:817:HJTG3CCX2:8:1211:11221:6337	ccnd1	ACCTAGTCCATC	CAGCCCGT	7	54671527	-	T	37
E00499:817:HJTG3CCX2:8:1211:11221:6337	ccnd1	ACCTAGTCCATC	CAGCCCGT	7	54671528	-	T	41
E00499:817:HJTG3CCX2:8:1211:11221:6337	ccnd1	ACCTAGTCCATC	CAGCCCGT	7	54671531	-	T	41
E00499:817:HJTG3CCX2:8:1211:11221:6337	ccnd1	ACCTAGTCCATC	CAGCCCGT	7	54671534	-	T	41
E00499:817:HJTG3CCX2:8:1211:11221:6337	ccnd1	ACCTAGTCCATC	CAGCCCGT	7	54671568	-	T	41
E00499:817:HJTG3CCX2:8:1211:11221:6337	ccnd1	ACCTAGTCCATC	CAGCCCGT	7	54671573	-	C	41
E00499:817:HJTG3CCX2:8:1211:11221:6337	ccnd1	ACCTAGTCCATC	CAGCCCGT	7	54671577	-	C	41
E00499:817:HJTG3CCX2:8:1211:11221:6337	ccnd1	ACCTAGTCCATC	CAGCCCGT	7	54671584	-	T	37
E00499:817:HJTG3CCX2:8:1211:11221:6337	ccnd1	ACCTAGTCCATC	CAGCCCGT	7	54671596	-	T	41
E00499:817:HJTG3CCX2:8:1211:11221:6337	ccnd1	ACCTAGTCCATC	CAGCCCGT	7	54671604	-	T	41
E00499:817:HJTG3CCX2:8:1211:11221:6337	ccnd1	ACCTAGTCCATC	CAGCCCGT	7	54671610	-	T	37
E00499:817:HJTG3CCX2:8:1211:11221:6337	ccnd1	ACCTAGTCCATC	CAGCCCGT	7	54671614	-	T	41
E00499:817:HJTG3CCX2:8:1211:11221:6337	ccnd1	ACCTAGTCCATC	CAGCCCGT	7	54671617	-	T	41
E00499:817:HJTG3CCX2:8:1211:11221:6337	ccnd1	ACCTAGTCCATC	CAGCCCGT	7	54671639	-	T	41
E00499:817:HJTG3CCX2:8:1211:11221:6337	ccnd1	ACCTAGTCCATC	CAGCCCGT	7	54671645	-	T	41
E00499:817:HJTG3CCX2:8:1211:11221:6337	ccnd1	ACCTAGTCCATC	CAGCCCGT	7	54671646	-	T	41
E00499:817:HJTG3CCX2:8:1211:11221:6337	ccnd1	ACCTAGTCCATC	CAGCCCGT	7	54671648	-	T	41
E00499:817:HJTG3CCX2:8:2211:19786:72438	ccnd1	ACCTAGTCCATC	CAGCCCGT	7	54671513	-	T	37
E00499:817:HJTG3CCX2:8:2211:19786:72438	ccnd1	ACCTAGTCCATC	CAGCCCGT	7	54671515	-	C	37
E00499:817:HJTG3CCX2:8:2211:19786:72438	ccnd1	ACCTAGTCCATC	CAGCCCGT	7	54671517	-	T	37
E00499:817:HJTG3CCX2:8:2211:19786:72438	ccnd1	ACCTAGTCCATC	CAGCCCGT	7	54671520	-	T	41
E00499:817:HJTG3CCX2:8:2211:19786:72438	ccnd1	ACCTAGTCCATC	CAGCCCGT	7	54671524	-	C	41
E00499:817:HJTG3CCX2:8:2211:19786:72438	ccnd1	ACCTAGTCCATC	CAGCCCGT	7	54671525	-	T	41
E00499:817:HJTG3CCX2:8:2211:19786:72438	ccnd1	ACCTAGTCCATC	CAGCCCGT	7	54671526	-	T	41
E00499:817:HJTG3CCX2:8:2211:19786:72438	ccnd1	ACCTAGTCCATC	CAGCCCGT	7	54671527	-	T	41
E00499:817:HJTG3CCX2:8:2211:19786:72438	ccnd1	ACCTAGTCCATC	CAGCCCGT	7	54671528	-	T	37
E00499:817:HJTG3CCX2:8:2211:19786:72438	ccnd1	ACCTAGTCCATC	CAGCCCGT	7	54671531	-	T	41
E00499:817:HJTG3CCX2:8:2211:19786:72438	ccnd1	ACCTAGTCCATC	CAGCCCGT	7	54671534	-	T	41
E00499:817:HJTG3CCX2:8:2211:19786:72438	ccnd1	ACCTAGTCCATC	CAGCCCGT	7	54671568	-	T	41
E00499:817:HJTG3CCX2:8:2211:19786:72438	ccnd1	ACCTAGTCCATC	CAGCCCGT	7	54671577	-	C	41
E00499:817:HJTG3CCX2:8:2211:19786:72438	ccnd1	ACCTAGTCCATC	CAGCCCGT	7	54671584	-	T	37
E00499:817:HJTG3CCX2:8:2211:19786:72438	ccnd1	ACCTAGTCCATC	CAGCCCGT	7	54671596	-	T	37
E00499:817:HJTG3CCX2:8:2211:19786:72438	ccnd1	ACCTAGTCCATC	CAGCCCGT	7	54671604	-	T	37
E00499:817:HJTG3CCX2:8:2211:19786:72438	ccnd1	ACCTAGTCCATC	CAGCCCGT	7	54671610	-	T	41
E00499:817:HJTG3CCX2:8:2211:19786:72438	ccnd1	ACCTAGTCCATC	CAGCCCGT	7	54671614	-	T	41
E00499:817:HJTG3CCX2:8:2211:19786:72438	ccnd1	ACCTAGTCCATC	CAGCCCGT	7	54671639	-	T	41
E00499:817:HJTG3CCX2:8:2211:19786:72438	ccnd1	ACCTAGTCCATC	CAGCCCGT	7	54671645	-	T	41
E00499:817:HJTG3CCX2:8:2211:19786:72438	ccnd1	ACCTAGTCCATC	CAGCCCGT	7	54671646	-	T	41
E00499:817:HJTG3CCX2:8:2105:23054:42517	ccnd1	ACCTAGTCCATC	CAGTCAAA	7	54671528	-	T	32
E00499:817:HJTG3CCX2:8:2105:23054:42517	ccnd1	ACCTAGTCCATC	CAGTCAAA	7	54671531	-	T	37
E00499:817:HJTG3CCX2:8:2105:23054:42517	ccnd1	ACCTAGTCCATC	CAGTCAAA	7	54671534	-	T	32
E00499:817:HJTG3CCX2:8:2105:23054:42517	ccnd1	ACCTAGTCCATC	CAGTCAAA	7	54671573	-	T	41
E00499:817:HJTG3CCX2:8:2105:23054:42517	ccnd1	ACCTAGTCCATC	CAGTCAAA	7	54671575	-	T	32
E00499:817:HJTG3CCX2:8:2105:23054:42517	ccnd1	ACCTAGTCCATC	CAGTCAAA	7	54671576	-	T	32
E00499:817:HJTG3CCX2:8:2105:23054:42517	ccnd1	ACCTAGTCCATC	CAGTCAAA	7	54671596	-	T	41
E00499:817:HJTG3CCX2:8:2105:23054:42517	ccnd1	ACCTAGTCCATC	CAGTCAAA	7	54671604	-	T	32
E00499:817:HJTG3CCX2:8:2105:23054:42517	ccnd1	ACCTAGTCCATC	CAGTCAAA	7	54671610	-	T	32
E00499:817:HJTG3CCX2:8:2105:23054:42517	ccnd1	ACCTAGTCCATC	CAGTCAAA	7	54671614	-	T	41
E00499:817:HJTG3CCX2:8:2105:23054:42517	ccnd1	ACCTAGTCCATC	CAGTCAAA	7	54671639	-	T	32
E00499:817:HJTG3CCX2:8:1220:22475:44292	ccnd1	ACCTAGTCCATC	TCGGTTAG	7	54672199	-	T	41
E00499:817:HJTG3CCX2:8:1220:22475:44292	ccnd1	ACCTAGTCCATC	TCGGTTAG	7	54672200	-	T	41
E00499:817:HJTG3CCX2:8:1220:22475:44292	ccnd1	ACCTAGTCCATC	TCGGTTAG	7	54672201	-	T	41
E00499:817:HJTG3CCX2:8:1220:22475:44292	ccnd1	ACCTAGTCCATC	TCGGTTAG	7	54672205	-	T	41
E00499:817:HJTG3CCX2:8:1220:22475:44292	ccnd1	ACCTAGTCCATC	TCGGTTAG	7	54672206	-	T	41
E00499:817:HJTG3CCX2:8:1220:22475:44292	ccnd1	ACCTAGTCCATC	TCGGTTAG	7	54672215	-	C	41
E00499:817:HJTG3CCX2:8:1220:22475:44292	ccnd1	ACCTAGTCCATC	TCGGTTAG	7	54672217	-	T	41
E00499:817:HJTG3CCX2:8:1220:22475:44292	ccnd1	ACCTAGTCCATC	TCGGTTAG	7	54672219	-	T	41
E00499:817:HJTG3CCX2:8:1220:22475:44292	ccnd1	ACCTAGTCCATC	TCGGTTAG	7	54672220	-	T	41
E00499:817:HJTG3CCX2:8:1220:22475:44292	ccnd1	ACCTAGTCCATC	TCGGTTAG	7	54672224	-	C	41
E00499:817:HJTG3CCX2:8:1220:22475:44292	ccnd1	ACCTAGTCCATC	TCGGTTAG	7	54672227	-	T	41
E00499:817:HJTG3CCX2:8:1220:22475:44292	ccnd1	ACCTAGTCCATC	TCGGTTAG	7	54672228	-	C	41
E00499:817:HJTG3CCX2:8:1220:22475:44292	ccnd1	ACCTAGTCCATC	TCGGTTAG	7	54672232	-	T	41
E00499:817:HJTG3CCX2:8:1220:22475:44292	ccnd1	ACCTAGTCCATC	TCGGTTAG	7	54672233	-	T	41
E00499:817:HJTG3CCX2:8:1220:22475:44292	ccnd1	ACCTAGTCCATC	TCGGTTAG	7	54672234	-	T	41
E00499:817:HJTG3CCX2:8:1220:22475:44292	ccnd1	ACCTAGTCCATC	TCGGTTAG	7	54672236	-	T	41
E00499:817:HJTG3CCX2:8:1220:22475:44292	ccnd1	ACCTAGTCCATC	TCGGTTAG	7	54672238	-	T	41
E00499:817:HJTG3CCX2:8:1220:22475:44292	ccnd1	ACCTAGTCCATC	TCGGTTAG	7	54672239	-	C	41
E00499:817:HJTG3CCX2:8:1220:22475:44292	ccnd1	ACCTAGTCCATC	TCGGTTAG	7	54672240	-	T	41
E00499:817:HJTG3CCX2:8:1220:22475:44292	ccnd1	ACCTAGTCCATC	TCGGTTAG	7	54672245	-	T	41
E00499:817:HJTG3CCX2:8:1220:22475:44292	ccnd1	ACCTAGTCCATC	TCGGTTAG	7	54672252	-	T	41
E00499:817:HJTG3CCX2:8:1220:22475:44292	ccnd1	ACCTAGTCCATC	TCGGTTAG	7	54672257	-	T	41
E00499:817:HJTG3CCX2:8:1220:22475:44292	ccnd1	ACCTAGTCCATC	TCGGTTAG	7	54672268	-	T	41
E00499:817:HJTG3CCX2:8:1220:22475:44292	ccnd1	ACCTAGTCCATC	TCGGTTAG	7	54672271	-	C	41
E00499:817:HJTG3CCX2:8:1220:22475:44292	ccnd1	ACCTAGTCCATC	TCGGTTAG	7	54672275	-	T	41
E00499:817:HJTG3CCX2:8:1220:22475:44292	ccnd1	ACCTAGTCCATC	TCGGTTAG	7	54672277	-	T	41
E00499:817:HJTG3CCX2:8:1220:22475:44292	ccnd1	ACCTAGTCCATC	TCGGTTAG	7	54672278	-	T	41
E00499:817:HJTG3CCX2:8:1220:22475:44292	ccnd1	ACCTAGTCCATC	TCGGTTAG	7	54672282	-	T	41
E00499:817:HJTG3CCX2:8:1220:22475:44292	ccnd1	ACCTAGTCCATC	TCGGTTAG	7	54672283	-	T	41
E00499:817:HJTG3CCX2:8:1220:22475:44292	ccnd1	ACCTAGTCCATC	TCGGTTAG	7	54672288	-	C	41
E00499:817:HJTG3CCX2:8:1220:22475:44292	ccnd1	ACCTAGTCCATC	TCGGTTAG	7	54672296	-	T	41
E00499:817:HJTG3CCX2:8:1220:22475:44292	ccnd1	ACCTAGTCCATC	TCGGTTAG	7	54672301	-	T	41
E00499:817:HJTG3CCX2:8:1220:22475:44292	ccnd1	ACCTAGTCCATC	TCGGTTAG	7	54672305	-	T	41
E00499:817:HJTG3CCX2:8:1220:22475:44292	ccnd1	ACCTAGTCCATC	TCGGTTAG	7	54672308	-	T	41
E00499:817:HJTG3CCX2:8:1220:22475:44292	ccnd1	ACCTAGTCCATC	TCGGTTAG	7	54672310	-	T	41
E00499:817:HJTG3CCX2:8:1220:22475:44292	ccnd1	ACCTAGTCCATC	TCGGTTAG	7	54672313	-	T	41
E00499:817:HJTG3CCX2:8:1220:22475:44292	ccnd1	ACCTAGTCCATC	TCGGTTAG	7	54672315	-	T	41
E00499:817:HJTG3CCX2:8:1220:22475:44292	ccnd1	ACCTAGTCCATC	TCGGTTAG	7	54672317	-	T	41
E00499:817:HJTG3CCX2:8:1220:22475:44292	ccnd1	ACCTAGTCCATC	TCGGTTAG	7	54672320	-	T	41
E00499:817:HJTG3CCX2:8:1220:22475:44292	ccnd1	ACCTAGTCCATC	TCGGTTAG	7	54672321	-	T	41
E00499:817:HJTG3CCX2:8:1220:22475:44292	ccnd1	ACCTAGTCCATC	TCGGTTAG	7	54672326	-	T	41
E00499:817:HJTG3CCX2:8:1220:22475:44292	ccnd1	ACCTAGTCCATC	TCGGTTAG	7	54672330	-	T	41
E00499:817:HJTG3CCX2:8:1220:22475:44292	ccnd1	ACCTAGTCCATC	TCGGTTAG	7	54672331	-	T	41
E00499:817:HJTG3CCX2:8:1220:22475:44292	ccnd1	ACCTAGTCCATC	TCGGTTAG	7	54672335	-	C	41
E00499:817:HJTG3CCX2:8:1220:22475:44292	ccnd1	ACCTAGTCCATC	TCGGTTAG	7	54672336	-	C	41
E00499:817:HJTG3CCX2:8:1220:22475:44292	ccnd1	ACCTAGTCCATC	TCGGTTAG	7	54672338	-	T	41
E00499:817:HJTG3CCX2:8:1220:22475:44292	ccnd1	ACCTAGTCCATC	TCGGTTAG	7	54672339	-	T	41
E00499:817:HJTG3CCX2:8:1220:22475:44292	ccnd1	ACCTAGTCCATC	TCGGTTAG	7	54672343	-	T	37
E00499:817:HJTG3CCX2:8:1220:22475:44292	ccnd1	ACCTAGTCCATC	TCGGTTAG	7	54672344	-	T	37
E00499:817:HJTG3CCX2:8:1220:22475:44292	ccnd1	ACCTAGTCCATC	TCGGTTAG	7	54672345	-	T	37
E00499:817:HJTG3CCX2:8:2204:5568:7761	ccnd1	ACCTAGTCCATC	TCGGTTAG	7	54672200	-	T	41
E00499:817:HJTG3CCX2:8:2204:5568:7761	ccnd1	ACCTAGTCCATC	TCGGTTAG	7	54672201	-	T	41
E00499:817:HJTG3CCX2:8:2204:5568:7761	ccnd1	ACCTAGTCCATC	TCGGTTAG	7	54672205	-	T	37
E00499:817:HJTG3CCX2:8:2204:5568:7761	ccnd1	ACCTAGTCCATC	TCGGTTAG	7	54672206	-	T	41
E00499:817:HJTG3CCX2:8:2204:5568:7761	ccnd1	ACCTAGTCCATC	TCGGTTAG	7	54672215	-	C	32
E00499:817:HJTG3CCX2:8:2204:5568:7761	ccnd1	ACCTAGTCCATC	TCGGTTAG	7	54672217	-	T	41
E00499:817:HJTG3CCX2:8:2204:5568:7761	ccnd1	ACCTAGTCCATC	TCGGTTAG	7	54672219	-	T	37
E00499:817:HJTG3CCX2:8:2204:5568:7761	ccnd1	ACCTAGTCCATC	TCGGTTAG	7	54672220	-	T	37
E00499:817:HJTG3CCX2:8:2204:5568:7761	ccnd1	ACCTAGTCCATC	TCGGTTAG	7	54672224	-	C	41
E00499:817:HJTG3CCX2:8:2204:5568:7761	ccnd1	ACCTAGTCCATC	TCGGTTAG	7	54672227	-	T	41
E00499:817:HJTG3CCX2:8:2204:5568:7761	ccnd1	ACCTAGTCCATC	TCGGTTAG	7	54672228	-	C	41
E00499:817:HJTG3CCX2:8:2204:5568:7761	ccnd1	ACCTAGTCCATC	TCGGTTAG	7	54672232	-	T	37
E00499:817:HJTG3CCX2:8:2204:5568:7761	ccnd1	ACCTAGTCCATC	TCGGTTAG	7	54672233	-	T	41
E00499:817:HJTG3CCX2:8:2204:5568:7761	ccnd1	ACCTAGTCCATC	TCGGTTAG	7	54672234	-	T	37
E00499:817:HJTG3CCX2:8:2204:5568:7761	ccnd1	ACCTAGTCCATC	TCGGTTAG	7	54672236	-	T	41
E00499:817:HJTG3CCX2:8:2204:5568:7761	ccnd1	ACCTAGTCCATC	TCGGTTAG	7	54672238	-	T	37
E00499:817:HJTG3CCX2:8:2204:5568:7761	ccnd1	ACCTAGTCCATC	TCGGTTAG	7	54672239	-	C	41
E00499:817:HJTG3CCX2:8:2204:5568:7761	ccnd1	ACCTAGTCCATC	TCGGTTAG	7	54672240	-	T	41
E00499:817:HJTG3CCX2:8:2204:5568:7761	ccnd1	ACCTAGTCCATC	TCGGTTAG	7	54672245	-	T	37
E00499:817:HJTG3CCX2:8:2204:5568:7761	ccnd1	ACCTAGTCCATC	TCGGTTAG	7	54672257	-	T	41
E00499:817:HJTG3CCX2:8:2105:4036:20999	ccnd1	ACCTAGTCCATC	CTGCGTTA	7	54672772	-	C	32
E00499:817:HJTG3CCX2:8:2105:4036:20999	ccnd1	ACCTAGTCCATC	CTGCGTTA	7	54672777	-	T	37
E00499:817:HJTG3CCX2:8:2105:4036:20999	ccnd1	ACCTAGTCCATC	CTGCGTTA	7	54672782	-	T	37
E00499:817:HJTG3CCX2:8:2105:4036:20999	ccnd1	ACCTAGTCCATC	CTGCGTTA	7	54672789	-	T	37
E00499:817:HJTG3CCX2:8:2105:4036:20999	ccnd1	ACCTAGTCCATC	CTGCGTTA	7	54672796	-	T	37
E00499:817:HJTG3CCX2:8:2105:4036:20999	ccnd1	ACCTAGTCCATC	CTGCGTTA	7	54672798	-	T	41
E00499:817:HJTG3CCX2:8:2105:4036:20999	ccnd1	ACCTAGTCCATC	CTGCGTTA	7	54672800	-	C	37
E00499:817:HJTG3CCX2:8:2105:4036:20999	ccnd1	ACCTAGTCCATC	CTGCGTTA	7	54672813	-	T	37
E00499:817:HJTG3CCX2:8:2105:4036:20999	ccnd1	ACCTAGTCCATC	CTGCGTTA	7	54672814	-	T	37
E00499:817:HJTG3CCX2:8:2108:10267:2047	ccnd1	ACCTAGTCCATC	CCCCGTAA	7	54672813	-	T	41
E00499:817:HJTG3CCX2:8:2108:10267:2047	ccnd1	ACCTAGTCCATC	CCCCGTAA	7	54672814	-	T	41
E00499:817:HJTG3CCX2:8:2108:10267:2047	ccnd1	ACCTAGTCCATC	CCCCGTAA	7	54672818	-	C	41
E00499:817:HJTG3CCX2:8:2108:10267:2047	ccnd1	ACCTAGTCCATC	CCCCGTAA	7	54672820	-	T	41
E00499:817:HJTG3CCX2:8:2108:10267:2047	ccnd1	ACCTAGTCCATC	CCCCGTAA	7	54672821	-	T	41
E00499:817:HJTG3CCX2:8:2108:10267:2047	ccnd1	ACCTAGTCCATC	CCCCGTAA	7	54672822	-	C	41
E00499:817:HJTG3CCX2:8:2108:10267:2047	ccnd1	ACCTAGTCCATC	CCCCGTAA	7	54672823	-	T	41
E00499:817:HJTG3CCX2:8:2108:10267:2047	ccnd1	ACCTAGTCCATC	CCCCGTAA	7	54672826	-	T	41
E00499:817:HJTG3CCX2:8:2108:10267:2047	ccnd1	ACCTAGTCCATC	CCCCGTAA	7	54672827	-	T	41
E00499:817:HJTG3CCX2:8:2108:10267:2047	ccnd1	ACCTAGTCCATC	CCCCGTAA	7	54672828	-	T	41
E00499:817:HJTG3CCX2:8:2108:10267:2047	ccnd1	ACCTAGTCCATC	CCCCGTAA	7	54672829	-	T	41
E00499:817:HJTG3CCX2:8:2108:10267:2047	ccnd1	ACCTAGTCCATC	CCCCGTAA	7	54672835	-	T	37
E00499:817:HJTG3CCX2:8:2108:10267:2047	ccnd1	ACCTAGTCCATC	CCCCGTAA	7	54672839	-	T	41
E00499:817:HJTG3CCX2:8:2108:10267:2047	ccnd1	ACCTAGTCCATC	CCCCGTAA	7	54672849	-	T	32
E00499:817:HJTG3CCX2:8:2108:10267:2047	ccnd1	ACCTAGTCCATC	CCCCGTAA	7	54672873	-	T	32
E00499:817:HJTG3CCX2:8:2108:10267:2047	ccnd1	ACCTAGTCCATC	CCCCGTAA	7	54672876	-	T	32
E00499:817:HJTG3CCX2:8:2108:10267:2047	ccnd1	ACCTAGTCCATC	CCCCGTAA	7	54672884	-	T	41
E00499:817:HJTG3CCX2:8:2108:10267:2047	ccnd1	ACCTAGTCCATC	CCCCGTAA	7	54672887	-	T	41
E00499:817:HJTG3CCX2:8:2108:10267:2047	ccnd1	ACCTAGTCCATC	CCCCGTAA	7	54672888	-	C	41
E00499:817:HJTG3CCX2:8:2108:10267:2047	ccnd1	ACCTAGTCCATC	CCCCGTAA	7	54672889	-	T	41
E00499:817:HJTG3CCX2:8:2108:10267:2047	ccnd1	ACCTAGTCCATC	CCCCGTAA	7	54672893	-	T	41
E00499:817:HJTG3CCX2:8:2108:10267:2047	ccnd1	ACCTAGTCCATC	CCCCGTAA	7	54672895	-	T	41
E00499:817:HJTG3CCX2:8:2108:10267:2047	ccnd1	ACCTAGTCCATC	CCCCGTAA	7	54672900	-	T	37
E00499:817:HJTG3CCX2:8:2108:10267:2047	ccnd1	ACCTAGTCCATC	CCCCGTAA	7	54672909	-	T	37
E00499:817:HJTG3CCX2:8:2108:10267:2047	ccnd1	ACCTAGTCCATC	CCCCGTAA	7	54672912	-	T	37
E00499:817:HJTG3CCX2:8:2108:10267:2047	ccnd1	ACCTAGTCCATC	CCCCGTAA	7	54672916	-	T	41
E00499:817:HJTG3CCX2:8:2108:10267:2047	ccnd1	ACCTAGTCCATC	CCCCGTAA	7	54672917	-	C	41
E00499:817:HJTG3CCX2:8:2108:10267:2047	ccnd1	ACCTAGTCCATC	CCCCGTAA	7	54672919	-	C	41
E00499:817:HJTG3CCX2:8:2108:10267:2047	ccnd1	ACCTAGTCCATC	CCCCGTAA	7	54672934	-	T	37
E00499:817:HJTG3CCX2:8:2108:10267:2047	ccnd1	ACCTAGTCCATC	CCCCGTAA	7	54672941	-	T	41
E00499:817:HJTG3CCX2:8:2108:10267:2047	ccnd1	ACCTAGTCCATC	CCCCGTAA	7	54672942	-	T	41
E00499:817:HJTG3CCX2:8:2108:10267:2047	ccnd1	ACCTAGTCCATC	CCCCGTAA	7	54672950	-	T	32
E00499:817:HJTG3CCX2:8:2218:7770:15689	ccnd1	ACCTAGTCCATC	GATAGGAC	7	54672813	-	T	41
E00499:817:HJTG3CCX2:8:2218:7770:15689	ccnd1	ACCTAGTCCATC	GATAGGAC	7	54672814	-	T	37
E00499:817:HJTG3CCX2:8:2218:7770:15689	ccnd1	ACCTAGTCCATC	GATAGGAC	7	54672818	-	T	41
E00499:817:HJTG3CCX2:8:2218:7770:15689	ccnd1	ACCTAGTCCATC	GATAGGAC	7	54672820	-	C	41
E00499:817:HJTG3CCX2:8:2218:7770:15689	ccnd1	ACCTAGTCCATC	GATAGGAC	7	54672821	-	T	41
E00499:817:HJTG3CCX2:8:2218:7770:15689	ccnd1	ACCTAGTCCATC	GATAGGAC	7	54672822	-	T	37
E00499:817:HJTG3CCX2:8:2218:7770:15689	ccnd1	ACCTAGTCCATC	GATAGGAC	7	54672823	-	T	37
E00499:817:HJTG3CCX2:8:2218:7770:15689	ccnd1	ACCTAGTCCATC	GATAGGAC	7	54672826	-	T	41
E00499:817:HJTG3CCX2:8:2218:7770:15689	ccnd1	ACCTAGTCCATC	GATAGGAC	7	54672827	-	T	37
E00499:817:HJTG3CCX2:8:2218:7770:15689	ccnd1	ACCTAGTCCATC	GATAGGAC	7	54672828	-	T	32
E00499:817:HJTG3CCX2:8:2218:7770:15689	ccnd1	ACCTAGTCCATC	GATAGGAC	7	54672829	-	T	32
E00499:817:HJTG3CCX2:8:2218:7770:15689	ccnd1	ACCTAGTCCATC	GATAGGAC	7	54672835	-	C	41
E00499:817:HJTG3CCX2:8:2218:7770:15689	ccnd1	ACCTAGTCCATC	GATAGGAC	7	54672839	-	C	41
E00499:817:HJTG3CCX2:8:2218:7770:15689	ccnd1	ACCTAGTCCATC	GATAGGAC	7	54672849	-	T	37
E00499:817:HJTG3CCX2:8:2218:7770:15689	ccnd1	ACCTAGTCCATC	GATAGGAC	7	54672869	-	T	41
E00499:817:HJTG3CCX2:8:2218:7770:15689	ccnd1	ACCTAGTCCATC	GATAGGAC	7	54672875	-	C	32
E00499:817:HJTG3CCX2:8:2218:7770:15689	ccnd1	ACCTAGTCCATC	GATAGGAC	7	54672884	-	T	37
E00499:817:HJTG3CCX2:8:2218:7770:15689	ccnd1	ACCTAGTCCATC	GATAGGAC	7	54672887	-	T	41
E00499:817:HJTG3CCX2:8:2218:7770:15689	ccnd1	ACCTAGTCCATC	GATAGGAC	7	54672888	-	T	41
E00499:817:HJTG3CCX2:8:2218:7770:15689	ccnd1	ACCTAGTCCATC	GATAGGAC	7	54672889	-	T	41
E00499:817:HJTG3CCX2:8:2218:7770:15689	ccnd1	ACCTAGTCCATC	GATAGGAC	7	54672893	-	T	41
E00499:817:HJTG3CCX2:8:2218:7770:15689	ccnd1	ACCTAGTCCATC	GATAGGAC	7	54672895	-	T	41
E00499:817:HJTG3CCX2:8:2218:7770:15689	ccnd1	ACCTAGTCCATC	GATAGGAC	7	54672900	-	T	41
E00499:817:HJTG3CCX2:8:2218:7770:15689	ccnd1	ACCTAGTCCATC	GATAGGAC	7	54672909	-	T	41
E00499:817:HJTG3CCX2:8:2218:7770:15689	ccnd1	ACCTAGTCCATC	GATAGGAC	7	54672912	-	T	41
E00499:817:HJTG3CCX2:8:2218:7770:15689	ccnd1	ACCTAGTCCATC	GATAGGAC	7	54672916	-	T	41
E00499:817:HJTG3CCX2:8:2218:7770:15689	ccnd1	ACCTAGTCCATC	GATAGGAC	7	54672917	-	T	41
E00499:817:HJTG3CCX2:8:2218:7770:15689	ccnd1	ACCTAGTCCATC	GATAGGAC	7	54672919	-	T	41
E00499:817:HJTG3CCX2:8:2218:7770:15689	ccnd1	ACCTAGTCCATC	GATAGGAC	7	54672934	-	C	41
E00499:817:HJTG3CCX2:8:2218:7770:15689	ccnd1	ACCTAGTCCATC	GATAGGAC	7	54672941	-	T	41
E00499:817:HJTG3CCX2:8:2218:7770:15689	ccnd1	ACCTAGTCCATC	GATAGGAC	7	54672942	-	T	41
E00499:817:HJTG3CCX2:8:2218:7770:15689	ccnd1	ACCTAGTCCATC	GATAGGAC	7	54672950	-	T	41
E00499:817:HJTG3CCX2:8:2218:7770:15689	ccnd1	ACCTAGTCCATC	GATAGGAC	7	54672954	-	C	41
E00499:817:HJTG3CCX2:8:2216:18923:38209	ccnd1	ACCTAGTCCATC	CTGCGTTA	7	54672818	-	T	41
E00499:817:HJTG3CCX2:8:2216:18923:38209	ccnd1	ACCTAGTCCATC	CTGCGTTA	7	54672820	-	T	41
E00499:817:HJTG3CCX2:8:2216:18923:38209	ccnd1	ACCTAGTCCATC	CTGCGTTA	7	54672821	-	T	41
E00499:817:HJTG3CCX2:8:2216:18923:38209	ccnd1	ACCTAGTCCATC	CTGCGTTA	7	54672822	-	C	41
E00499:817:HJTG3CCX2:8:2216:18923:38209	ccnd1	ACCTAGTCCATC	CTGCGTTA	7	54672823	-	T	41
E00499:817:HJTG3CCX2:8:2216:18923:38209	ccnd1	ACCTAGTCCATC	CTGCGTTA	7	54672826	-	T	41
E00499:817:HJTG3CCX2:8:2216:18923:38209	ccnd1	ACCTAGTCCATC	CTGCGTTA	7	54672827	-	C	41
E00499:817:HJTG3CCX2:8:2216:18923:38209	ccnd1	ACCTAGTCCATC	CTGCGTTA	7	54672828	-	T	41
E00499:817:HJTG3CCX2:8:2216:18923:38209	ccnd1	ACCTAGTCCATC	CTGCGTTA	7	54672829	-	C	41
E00499:817:HJTG3CCX2:8:2216:18923:38209	ccnd1	ACCTAGTCCATC	CTGCGTTA	7	54672835	-	T	37
E00499:817:HJTG3CCX2:8:2216:18923:38209	ccnd1	ACCTAGTCCATC	CTGCGTTA	7	54672839	-	T	37
E00499:817:HJTG3CCX2:8:2216:18923:38209	ccnd1	ACCTAGTCCATC	CTGCGTTA	7	54672849	-	T	41
E00499:817:HJTG3CCX2:8:2216:18923:38209	ccnd1	ACCTAGTCCATC	CTGCGTTA	7	54672869	-	T	41
E00499:817:HJTG3CCX2:8:2216:18923:38209	ccnd1	ACCTAGTCCATC	CTGCGTTA	7	54672873	-	T	37
E00499:817:HJTG3CCX2:8:2216:18923:38209	ccnd1	ACCTAGTCCATC	CTGCGTTA	7	54672875	-	T	37
E00499:817:HJTG3CCX2:8:2216:18923:38209	ccnd1	ACCTAGTCCATC	CTGCGTTA	7	54672876	-	T	32
E00499:817:HJTG3CCX2:8:2216:18923:38209	ccnd1	ACCTAGTCCATC	CTGCGTTA	7	54672884	-	C	41
E00499:817:HJTG3CCX2:8:2216:18923:38209	ccnd1	ACCTAGTCCATC	CTGCGTTA	7	54672887	-	T	41
E00499:817:HJTG3CCX2:8:2216:18923:38209	ccnd1	ACCTAGTCCATC	CTGCGTTA	7	54672888	-	T	41
E00499:817:HJTG3CCX2:8:2216:18923:38209	ccnd1	ACCTAGTCCATC	CTGCGTTA	7	54672889	-	T	41
E00499:817:HJTG3CCX2:8:2216:18923:38209	ccnd1	ACCTAGTCCATC	CTGCGTTA	7	54672893	-	T	41
E00499:817:HJTG3CCX2:8:2216:18923:38209	ccnd1	ACCTAGTCCATC	CTGCGTTA	7	54672895	-	C	41
E00499:817:HJTG3CCX2:8:2216:18923:38209	ccnd1	ACCTAGTCCATC	CTGCGTTA	7	54672900	-	T	41
E00499:817:HJTG3CCX2:8:2216:18923:38209	ccnd1	ACCTAGTCCATC	CTGCGTTA	7	54672909	-	T	41
E00499:817:HJTG3CCX2:8:2216:18923:38209	ccnd1	ACCTAGTCCATC	CTGCGTTA	7	54672912	-	T	41
E00499:817:HJTG3CCX2:8:2216:18923:38209	ccnd1	ACCTAGTCCATC	CTGCGTTA	7	54672916	-	T	41
E00499:817:HJTG3CCX2:8:2216:18923:38209	ccnd1	ACCTAGTCCATC	CTGCGTTA	7	54672917	-	T	41
E00499:817:HJTG3CCX2:8:2216:18923:38209	ccnd1	ACCTAGTCCATC	CTGCGTTA	7	54672919	-	C	41
E00499:817:HJTG3CCX2:8:2216:18923:38209	ccnd1	ACCTAGTCCATC	CTGCGTTA	7	54672934	-	C	41
E00499:817:HJTG3CCX2:8:2216:18923:38209	ccnd1	ACCTAGTCCATC	CTGCGTTA	7	54672941	-	T	41
E00499:817:HJTG3CCX2:8:2216:18923:38209	ccnd1	ACCTAGTCCATC	CTGCGTTA	7	54672942	-	T	41
E00499:817:HJTG3CCX2:8:2216:18923:38209	ccnd1	ACCTAGTCCATC	CTGCGTTA	7	54672950	-	T	41
E00499:817:HJTG3CCX2:8:2216:18923:38209	ccnd1	ACCTAGTCCATC	CTGCGTTA	7	54672954	-	T	41
E00499:817:HJTG3CCX2:8:2216:18923:38209	ccnd1	ACCTAGTCCATC	CTGCGTTA	7	54672961	-	T	37
E00499:817:HJTG3CCX2:8:2216:18923:38209	ccnd1	ACCTAGTCCATC	CTGCGTTA	7	54672963	-	T	37
E00499:817:HJTG3CCX2:8:1114:29609:32953	ccnd1	ACCTAGTCCATC	GATAGGAC	7	54672849	-	T	37
E00499:817:HJTG3CCX2:8:1114:29609:32953	ccnd1	ACCTAGTCCATC	GATAGGAC	7	54672869	-	T	41
E00499:817:HJTG3CCX2:8:1114:29609:32953	ccnd1	ACCTAGTCCATC	GATAGGAC	7	54672873	-	T	41
E00499:817:HJTG3CCX2:8:1114:29609:32953	ccnd1	ACCTAGTCCATC	GATAGGAC	7	54672875	-	C	41
E00499:817:HJTG3CCX2:8:1114:29609:32953	ccnd1	ACCTAGTCCATC	GATAGGAC	7	54672876	-	T	41
E00499:817:HJTG3CCX2:8:1114:29609:32953	ccnd1	ACCTAGTCCATC	GATAGGAC	7	54672884	-	T	41
E00499:817:HJTG3CCX2:8:1114:29609:32953	ccnd1	ACCTAGTCCATC	GATAGGAC	7	54672887	-	T	41
E00499:817:HJTG3CCX2:8:1114:29609:32953	ccnd1	ACCTAGTCCATC	GATAGGAC	7	54672888	-	T	41
E00499:817:HJTG3CCX2:8:1114:29609:32953	ccnd1	ACCTAGTCCATC	GATAGGAC	7	54672889	-	T	41
E00499:817:HJTG3CCX2:8:1114:29609:32953	ccnd1	ACCTAGTCCATC	GATAGGAC	7	54672893	-	T	37
E00499:817:HJTG3CCX2:8:1114:29609:32953	ccnd1	ACCTAGTCCATC	GATAGGAC	7	54672895	-	T	41
E00499:817:HJTG3CCX2:8:1114:29609:32953	ccnd1	ACCTAGTCCATC	GATAGGAC	7	54672900	-	T	41
E00499:817:HJTG3CCX2:8:1114:29609:32953	ccnd1	ACCTAGTCCATC	GATAGGAC	7	54672909	-	T	41
E00499:817:HJTG3CCX2:8:1114:29609:32953	ccnd1	ACCTAGTCCATC	GATAGGAC	7	54672912	-	T	41
E00499:817:HJTG3CCX2:8:1114:29609:32953	ccnd1	ACCTAGTCCATC	GATAGGAC	7	54672916	-	T	37
E00499:817:HJTG3CCX2:8:1114:29609:32953	ccnd1	ACCTAGTCCATC	GATAGGAC	7	54672917	-	T	41
E00499:817:HJTG3CCX2:8:1114:29609:32953	ccnd1	ACCTAGTCCATC	GATAGGAC	7	54672934	-	C	32
E00499:817:HJTG3CCX2:8:1114:29609:32953	ccnd1	ACCTAGTCCATC	GATAGGAC	7	54672941	-	T	41
E00499:817:HJTG3CCX2:8:1114:29609:32953	ccnd1	ACCTAGTCCATC	GATAGGAC	7	54672942	-	T	37
E00499:817:HJTG3CCX2:8:1113:14712:43114	ccnd1	ACCTAGTCCATC	ATAATAAC	7	54673162	-	T	41
E00499:817:HJTG3CCX2:8:1113:14712:43114	ccnd1	ACCTAGTCCATC	ATAATAAC	7	54673164	-	T	37
E00499:817:HJTG3CCX2:8:1113:14712:43114	ccnd1	ACCTAGTCCATC	ATAATAAC	7	54673175	-	T	37
E00499:817:HJTG3CCX2:8:1113:14712:43114	ccnd1	ACCTAGTCCATC	ATAATAAC	7	54673185	-	T	41
E00499:817:HJTG3CCX2:8:1113:14712:43114	ccnd1	ACCTAGTCCATC	ATAATAAC	7	54673187	-	T	37
E00499:817:HJTG3CCX2:8:1113:14712:43114	ccnd1	ACCTAGTCCATC	ATAATAAC	7	54673200	-	C	41
E00499:817:HJTG3CCX2:8:1113:14712:43114	ccnd1	ACCTAGTCCATC	ATAATAAC	7	54673220	-	C	41
E00499:817:HJTG3CCX2:8:1113:14712:43114	ccnd1	ACCTAGTCCATC	ATAATAAC	7	54673222	-	T	41
E00499:817:HJTG3CCX2:8:1113:14712:43114	ccnd1	ACCTAGTCCATC	ATAATAAC	7	54673225	-	T	37
E00499:817:HJTG3CCX2:8:1113:14712:43114	ccnd1	ACCTAGTCCATC	ATAATAAC	7	54673230	-	C	41
E00499:817:HJTG3CCX2:8:1113:14712:43114	ccnd1	ACCTAGTCCATC	ATAATAAC	7	54673232	-	T	37
E00499:817:HJTG3CCX2:8:1113:14712:43114	ccnd1	ACCTAGTCCATC	ATAATAAC	7	54673234	-	T	41
E00499:817:HJTG3CCX2:8:1113:14712:43114	ccnd1	ACCTAGTCCATC	ATAATAAC	7	54673321	-	T	37
E00499:817:HJTG3CCX2:8:1113:14712:43114	ccnd1	ACCTAGTCCATC	ATAATAAC	7	54673327	-	T	32
E00499:817:HJTG3CCX2:8:1113:14712:43114	ccnd1	ACCTAGTCCATC	ATAATAAC	7	54673334	-	T	41
E00499:817:HJTG3CCX2:8:1113:14712:43114	ccnd1	ACCTAGTCCATC	ATAATAAC	7	54673337	-	T	37
E00499:817:HJTG3CCX2:8:1113:14712:43114	ccnd1	ACCTAGTCCATC	ATAATAAC	7	54673344	-	T	41
E00499:817:HJTG3CCX2:8:1113:14712:43114	ccnd1	ACCTAGTCCATC	ATAATAAC	7	54673346	-	T	41
E00499:817:HJTG3CCX2:8:1113:14712:43114	ccnd1	ACCTAGTCCATC	ATAATAAC	7	54673349	-	T	37
E00499:817:HJTG3CCX2:8:1113:14712:43114	ccnd1	ACCTAGTCCATC	ATAATAAC	7	54673350	-	T	41
E00499:817:HJTG3CCX2:8:1113:14712:43114	ccnd1	ACCTAGTCCATC	ATAATAAC	7	54673358	-	T	41
E00499:817:HJTG3CCX2:8:1101:27762:51377	ccnd1	ACCTAGTCCATC	ATAATAAC	7	54673209	-	T	37
E00499:817:HJTG3CCX2:8:1101:27762:51377	ccnd1	ACCTAGTCCATC	ATAATAAC	7	54673220	-	C	41
E00499:817:HJTG3CCX2:8:1101:27762:51377	ccnd1	ACCTAGTCCATC	ATAATAAC	7	54673222	-	T	41
E00499:817:HJTG3CCX2:8:1101:27762:51377	ccnd1	ACCTAGTCCATC	ATAATAAC	7	54673225	-	T	32
E00499:817:HJTG3CCX2:8:1101:27762:51377	ccnd1	ACCTAGTCCATC	ATAATAAC	7	54673230	-	C	37
E00499:817:HJTG3CCX2:8:1101:27762:51377	ccnd1	ACCTAGTCCATC	ATAATAAC	7	54673232	-	T	41
E00499:817:HJTG3CCX2:8:1101:27762:51377	ccnd1	ACCTAGTCCATC	ATAATAAC	7	54673234	-	T	41
E00499:817:HJTG3CCX2:8:1101:27762:51377	ccnd1	ACCTAGTCCATC	ATAATAAC	7	54673321	-	T	41
E00499:817:HJTG3CCX2:8:1101:27762:51377	ccnd1	ACCTAGTCCATC	ATAATAAC	7	54673337	-	T	41
E00499:817:HJTG3CCX2:8:1101:27762:51377	ccnd1	ACCTAGTCCATC	ATAATAAC	7	54673358	-	T	41
E00499:817:HJTG3CCX2:8:1101:27762:51377	ccnd1	ACCTAGTCCATC	ATAATAAC	7	54673368	-	T	41
E00499:817:HJTG3CCX2:8:1101:27762:51377	ccnd1	ACCTAGTCCATC	ATAATAAC	7	54673371	-	T	41
E00499:817:HJTG3CCX2:8:1101:27762:51377	ccnd1	ACCTAGTCCATC	ATAATAAC	7	54673373	-	T	37
E00499:817:HJTG3CCX2:8:1101:27762:51377	ccnd1	ACCTAGTCCATC	ATAATAAC	7	54673377	-	T	41
E00499:817:HJTG3CCX2:8:1101:27762:51377	ccnd1	ACCTAGTCCATC	ATAATAAC	7	54673378	-	C	41
E00499:817:HJTG3CCX2:8:1101:27762:51377	ccnd1	ACCTAGTCCATC	ATAATAAC	7	54673394	-	T	41
E00499:817:HJTG3CCX2:8:1101:27762:51377	ccnd1	ACCTAGTCCATC	ATAATAAC	7	54673398	-	T	41
E00499:817:HJTG3CCX2:8:1101:27762:51377	ccnd1	ACCTAGTCCATC	ATAATAAC	7	54673400	-	C	41
E00499:817:HJTG3CCX2:8:1101:27762:51377	ccnd1	ACCTAGTCCATC	ATAATAAC	7	54673409	-	C	41
E00499:817:HJTG3CCX2:8:1101:27762:51377	ccnd1	ACCTAGTCCATC	ATAATAAC	7	54673417	-	T	41
E00499:817:HJTG3CCX2:8:1101:27762:51377	ccnd1	ACCTAGTCCATC	ATAATAAC	7	54673420	-	T	41
E00499:817:HJTG3CCX2:8:1101:27762:51377	ccnd1	ACCTAGTCCATC	ATAATAAC	7	54673421	-	T	41
E00499:817:HJTG3CCX2:8:1101:27762:51377	ccnd1	ACCTAGTCCATC	ATAATAAC	7	54673423	-	C	37
E00499:817:HJTG3CCX2:8:1215:28077:22985	ccnd1	ACCTAGTCCATC	AGAAACGT	7	54675421	-	T	41
E00499:817:HJTG3CCX2:8:1215:28077:22985	ccnd1	ACCTAGTCCATC	AGAAACGT	7	54675423	-	T	41
E00499:817:HJTG3CCX2:8:1215:28077:22985	ccnd1	ACCTAGTCCATC	AGAAACGT	7	54675424	-	T	41
E00499:817:HJTG3CCX2:8:1215:28077:22985	ccnd1	ACCTAGTCCATC	AGAAACGT	7	54675425	-	T	41
E00499:817:HJTG3CCX2:8:1215:28077:22985	ccnd1	ACCTAGTCCATC	AGAAACGT	7	54675427	-	T	41
E00499:817:HJTG3CCX2:8:1215:28077:22985	ccnd1	ACCTAGTCCATC	AGAAACGT	7	54675429	-	T	41
E00499:817:HJTG3CCX2:8:1215:28077:22985	ccnd1	ACCTAGTCCATC	AGAAACGT	7	54675431	-	T	41
E00499:817:HJTG3CCX2:8:1215:28077:22985	ccnd1	ACCTAGTCCATC	AGAAACGT	7	54675432	-	T	41
E00499:817:HJTG3CCX2:8:1215:28077:22985	ccnd1	ACCTAGTCCATC	AGAAACGT	7	54675442	-	T	41
E00499:817:HJTG3CCX2:8:1215:28077:22985	ccnd1	ACCTAGTCCATC	AGAAACGT	7	54675443	-	T	41
E00499:817:HJTG3CCX2:8:1215:28077:22985	ccnd1	ACCTAGTCCATC	AGAAACGT	7	54675444	-	C	41
E00499:817:HJTG3CCX2:8:1215:28077:22985	ccnd1	ACCTAGTCCATC	AGAAACGT	7	54675445	-	T	37
E00499:817:HJTG3CCX2:8:1215:28077:22985	ccnd1	ACCTAGTCCATC	AGAAACGT	7	54675451	-	C	41
E00499:817:HJTG3CCX2:8:1215:28077:22985	ccnd1	ACCTAGTCCATC	AGAAACGT	7	54675452	-	C	41
E00499:817:HJTG3CCX2:8:1215:28077:22985	ccnd1	ACCTAGTCCATC	AGAAACGT	7	54675475	-	T	41
E00499:817:HJTG3CCX2:8:1215:28077:22985	ccnd1	ACCTAGTCCATC	AGAAACGT	7	54675477	-	T	41
E00499:817:HJTG3CCX2:8:1215:28077:22985	ccnd1	ACCTAGTCCATC	AGAAACGT	7	54675479	-	C	32
E00499:817:HJTG3CCX2:8:1215:28077:22985	ccnd1	ACCTAGTCCATC	AGAAACGT	7	54675482	-	C	32
E00499:817:HJTG3CCX2:8:1215:28077:22985	ccnd1	ACCTAGTCCATC	AGAAACGT	7	54675493	-	T	37
E00499:817:HJTG3CCX2:8:1215:28077:22985	ccnd1	ACCTAGTCCATC	AGAAACGT	7	54675497	-	T	41
E00499:817:HJTG3CCX2:8:1215:28077:22985	ccnd1	ACCTAGTCCATC	AGAAACGT	7	54675502	-	T	37
E00499:817:HJTG3CCX2:8:1215:28077:22985	ccnd1	ACCTAGTCCATC	AGAAACGT	7	54675504	-	T	37
E00499:817:HJTG3CCX2:8:1215:28077:22985	ccnd1	ACCTAGTCCATC	AGAAACGT	7	54675508	-	T	41
E00499:817:HJTG3CCX2:8:1215:28077:22985	ccnd1	ACCTAGTCCATC	AGAAACGT	7	54675509	-	C	41
E00499:817:HJTG3CCX2:8:1215:28077:22985	ccnd1	ACCTAGTCCATC	AGAAACGT	7	54675510	-	T	41
E00499:817:HJTG3CCX2:8:1215:28077:22985	ccnd1	ACCTAGTCCATC	AGAAACGT	7	54675513	-	T	41
E00499:817:HJTG3CCX2:8:1215:28077:22985	ccnd1	ACCTAGTCCATC	AGAAACGT	7	54675514	-	T	41
E00499:817:HJTG3CCX2:8:1215:28077:22985	ccnd1	ACCTAGTCCATC	AGAAACGT	7	54675515	-	T	41
E00499:817:HJTG3CCX2:8:1215:28077:22985	ccnd1	ACCTAGTCCATC	AGAAACGT	7	54675516	-	T	37
E00499:817:HJTG3CCX2:8:1215:28077:22985	ccnd1	ACCTAGTCCATC	AGAAACGT	7	54675517	-	T	41
E00499:817:HJTG3CCX2:8:1215:28077:22985	ccnd1	ACCTAGTCCATC	AGAAACGT	7	54675528	-	T	41
E00499:817:HJTG3CCX2:8:1215:28077:22985	ccnd1	ACCTAGTCCATC	AGAAACGT	7	54675530	-	T	41
E00499:817:HJTG3CCX2:8:1215:28077:22985	ccnd1	ACCTAGTCCATC	AGAAACGT	7	54675543	-	T	41
E00499:817:HJTG3CCX2:8:1215:28077:22985	ccnd1	ACCTAGTCCATC	AGAAACGT	7	54675545	-	T	37
E00499:817:HJTG3CCX2:8:1215:28077:22985	ccnd1	ACCTAGTCCATC	AGAAACGT	7	54675547	-	C	32
E00499:817:HJTG3CCX2:8:1109:16701:70223	ccnd1	ACCTAGTCCATC	CTGGTGCC	7	54675442	-	T	41
E00499:817:HJTG3CCX2:8:1109:16701:70223	ccnd1	ACCTAGTCCATC	CTGGTGCC	7	54675443	-	T	41
E00499:817:HJTG3CCX2:8:1109:16701:70223	ccnd1	ACCTAGTCCATC	CTGGTGCC	7	54675444	-	T	41
E00499:817:HJTG3CCX2:8:1109:16701:70223	ccnd1	ACCTAGTCCATC	CTGGTGCC	7	54675445	-	T	41
E00499:817:HJTG3CCX2:8:1109:16701:70223	ccnd1	ACCTAGTCCATC	CTGGTGCC	7	54675451	-	T	41
E00499:817:HJTG3CCX2:8:1109:16701:70223	ccnd1	ACCTAGTCCATC	CTGGTGCC	7	54675452	-	T	41
E00499:817:HJTG3CCX2:8:1109:16701:70223	ccnd1	ACCTAGTCCATC	CTGGTGCC	7	54675475	-	T	41
E00499:817:HJTG3CCX2:8:1109:16701:70223	ccnd1	ACCTAGTCCATC	CTGGTGCC	7	54675477	-	T	41
E00499:817:HJTG3CCX2:8:1109:16701:70223	ccnd1	ACCTAGTCCATC	CTGGTGCC	7	54675479	-	T	37
E00499:817:HJTG3CCX2:8:1109:16701:70223	ccnd1	ACCTAGTCCATC	CTGGTGCC	7	54675481	-	T	41
E00499:817:HJTG3CCX2:8:1109:16701:70223	ccnd1	ACCTAGTCCATC	CTGGTGCC	7	54675482	-	C	37
E00499:817:HJTG3CCX2:8:1109:16701:70223	ccnd1	ACCTAGTCCATC	CTGGTGCC	7	54675483	-	T	37
E00499:817:HJTG3CCX2:8:1109:16701:70223	ccnd1	ACCTAGTCCATC	CTGGTGCC	7	54675484	-	T	32
E00499:817:HJTG3CCX2:8:1109:16701:70223	ccnd1	ACCTAGTCCATC	CTGGTGCC	7	54675485	-	T	37
E00499:817:HJTG3CCX2:8:1109:16701:70223	ccnd1	ACCTAGTCCATC	CTGGTGCC	7	54675493	-	T	41
E00499:817:HJTG3CCX2:8:1109:16701:70223	ccnd1	ACCTAGTCCATC	CTGGTGCC	7	54675497	-	T	41
E00499:817:HJTG3CCX2:8:1109:16701:70223	ccnd1	ACCTAGTCCATC	CTGGTGCC	7	54675502	-	C	41
E00499:817:HJTG3CCX2:8:1109:16701:70223	ccnd1	ACCTAGTCCATC	CTGGTGCC	7	54675508	-	C	41
E00499:817:HJTG3CCX2:8:1109:16701:70223	ccnd1	ACCTAGTCCATC	CTGGTGCC	7	54675509	-	C	41
E00499:817:HJTG3CCX2:8:1109:16701:70223	ccnd1	ACCTAGTCCATC	CTGGTGCC	7	54675510	-	C	41
E00499:817:HJTG3CCX2:8:1109:16701:70223	ccnd1	ACCTAGTCCATC	CTGGTGCC	7	54675513	-	C	41
E00499:817:HJTG3CCX2:8:1109:16701:70223	ccnd1	ACCTAGTCCATC	CTGGTGCC	7	54675514	-	T	37
E00499:817:HJTG3CCX2:8:1109:16701:70223	ccnd1	ACCTAGTCCATC	CTGGTGCC	7	54675515	-	T	41
E00499:817:HJTG3CCX2:8:1109:16701:70223	ccnd1	ACCTAGTCCATC	CTGGTGCC	7	54675516	-	T	32
E00499:817:HJTG3CCX2:8:1109:16701:70223	ccnd1	ACCTAGTCCATC	CTGGTGCC	7	54675517	-	T	41
E00499:817:HJTG3CCX2:8:1109:16701:70223	ccnd1	ACCTAGTCCATC	CTGGTGCC	7	54675528	-	T	41
E00499:817:HJTG3CCX2:8:1109:16701:70223	ccnd1	ACCTAGTCCATC	CTGGTGCC	7	54675530	-	T	41
E00499:817:HJTG3CCX2:8:1109:16701:70223	ccnd1	ACCTAGTCCATC	CTGGTGCC	7	54675543	-	T	41
E00499:817:HJTG3CCX2:8:1109:16701:70223	ccnd1	ACCTAGTCCATC	CTGGTGCC	7	54675545	-	T	41
E00499:817:HJTG3CCX2:8:1109:16701:70223	ccnd1	ACCTAGTCCATC	CTGGTGCC	7	54675547	-	C	41
E00499:817:HJTG3CCX2:8:1109:16701:70223	ccnd1	ACCTAGTCCATC	CTGGTGCC	7	54676950	-	T	41
E00499:817:HJTG3CCX2:8:1109:16701:70223	ccnd1	ACCTAGTCCATC	CTGGTGCC	7	54676953	-	T	41
E00499:817:HJTG3CCX2:8:1109:16701:70223	ccnd1	ACCTAGTCCATC	CTGGTGCC	7	54676965	-	T	41
E00499:817:HJTG3CCX2:8:1109:16701:70223	ccnd1	ACCTAGTCCATC	CTGGTGCC	7	54676968	-	C	37
E00499:817:HJTG3CCX2:8:1109:16701:70223	ccnd1	ACCTAGTCCATC	CTGGTGCC	7	54676977	-	T	41
E00499:817:HJTG3CCX2:8:1109:16701:70223	ccnd1	ACCTAGTCCATC	CTGGTGCC	7	54676982	-	T	32
E00499:817:HJTG3CCX2:8:1109:16701:70223	ccnd1	ACCTAGTCCATC	CTGGTGCC	7	54676986	-	T	32
E00499:817:HJTG3CCX2:8:1216:27590:34412	ccnd1	ACCTAGTCCATC	TCGGACTC	7	54675508	-	T	41
E00499:817:HJTG3CCX2:8:1216:27590:34412	ccnd1	ACCTAGTCCATC	TCGGACTC	7	54675509	-	T	41
E00499:817:HJTG3CCX2:8:1216:27590:34412	ccnd1	ACCTAGTCCATC	TCGGACTC	7	54675510	-	T	41
E00499:817:HJTG3CCX2:8:1216:27590:34412	ccnd1	ACCTAGTCCATC	TCGGACTC	7	54675513	-	T	41
E00499:817:HJTG3CCX2:8:1216:27590:34412	ccnd1	ACCTAGTCCATC	TCGGACTC	7	54675514	-	T	41
E00499:817:HJTG3CCX2:8:1216:27590:34412	ccnd1	ACCTAGTCCATC	TCGGACTC	7	54675515	-	C	41
E00499:817:HJTG3CCX2:8:1216:27590:34412	ccnd1	ACCTAGTCCATC	TCGGACTC	7	54675516	-	T	41
E00499:817:HJTG3CCX2:8:1216:27590:34412	ccnd1	ACCTAGTCCATC	TCGGACTC	7	54675517	-	T	37
E00499:817:HJTG3CCX2:8:1216:27590:34412	ccnd1	ACCTAGTCCATC	TCGGACTC	7	54675528	-	T	41
E00499:817:HJTG3CCX2:8:1216:27590:34412	ccnd1	ACCTAGTCCATC	TCGGACTC	7	54675530	-	T	37
E00499:817:HJTG3CCX2:8:1216:27590:34412	ccnd1	ACCTAGTCCATC	TCGGACTC	7	54675543	-	T	41
E00499:817:HJTG3CCX2:8:1216:27590:34412	ccnd1	ACCTAGTCCATC	TCGGACTC	7	54675545	-	T	41
E00499:817:HJTG3CCX2:8:1216:27590:34412	ccnd1	ACCTAGTCCATC	TCGGACTC	7	54675547	-	T	41
E00499:817:HJTG3CCX2:8:1216:27590:34412	ccnd1	ACCTAGTCCATC	TCGGACTC	7	54676950	-	T	41
E00499:817:HJTG3CCX2:8:1216:27590:34412	ccnd1	ACCTAGTCCATC	TCGGACTC	7	54676953	-	T	41
E00499:817:HJTG3CCX2:8:1216:27590:34412	ccnd1	ACCTAGTCCATC	TCGGACTC	7	54676957	-	T	37
E00499:817:HJTG3CCX2:8:1216:27590:34412	ccnd1	ACCTAGTCCATC	TCGGACTC	7	54676965	-	T	32
E00499:817:HJTG3CCX2:8:1216:27590:34412	ccnd1	ACCTAGTCCATC	TCGGACTC	7	54676968	-	T	32
E00499:817:HJTG3CCX2:8:1216:27590:34412	ccnd1	ACCTAGTCCATC	TCGGACTC	7	54676977	-	T	41
E00499:817:HJTG3CCX2:8:1216:27590:34412	ccnd1	ACCTAGTCCATC	TCGGACTC	7	54676982	-	T	41
E00499:817:HJTG3CCX2:8:1216:27590:34412	ccnd1	ACCTAGTCCATC	TCGGACTC	7	54676986	-	T	41
E00499:817:HJTG3CCX2:8:1216:27590:34412	ccnd1	ACCTAGTCCATC	TCGGACTC	7	54676988	-	C	41
E00499:817:HJTG3CCX2:8:1216:27590:34412	ccnd1	ACCTAGTCCATC	TCGGACTC	7	54676989	-	T	41
E00499:817:HJTG3CCX2:8:1216:27590:34412	ccnd1	ACCTAGTCCATC	TCGGACTC	7	54677000	-	T	41
E00499:817:HJTG3CCX2:8:1216:27590:34412	ccnd1	ACCTAGTCCATC	TCGGACTC	7	54677001	-	T	41
E00499:817:HJTG3CCX2:8:1216:27590:34412	ccnd1	ACCTAGTCCATC	TCGGACTC	7	54677003	-	T	41
E00499:817:HJTG3CCX2:8:1216:27590:34412	ccnd1	ACCTAGTCCATC	TCGGACTC	7	54677005	-	T	41
E00499:817:HJTG3CCX2:8:1216:27590:34412	ccnd1	ACCTAGTCCATC	TCGGACTC	7	54677010	-	T	41
E00499:817:HJTG3CCX2:8:1216:27590:34412	ccnd1	ACCTAGTCCATC	TCGGACTC	7	54677011	-	C	37
E00499:817:HJTG3CCX2:8:1216:27590:34412	ccnd1	ACCTAGTCCATC	TCGGACTC	7	54677012	-	T	41
E00499:817:HJTG3CCX2:8:1216:27590:34412	ccnd1	ACCTAGTCCATC	TCGGACTC	7	54677014	-	C	41
E00499:817:HJTG3CCX2:8:1216:27590:34412	ccnd1	ACCTAGTCCATC	TCGGACTC	7	54677015	-	T	41
E00499:817:HJTG3CCX2:8:1216:27590:34412	ccnd1	ACCTAGTCCATC	TCGGACTC	7	54677023	-	T	41
E00499:817:HJTG3CCX2:8:1216:27590:34412	ccnd1	ACCTAGTCCATC	TCGGACTC	7	54677028	-	T	41
E00499:817:HJTG3CCX2:8:1216:27590:34412	ccnd1	ACCTAGTCCATC	TCGGACTC	7	54677030	-	C	41
E00499:817:HJTG3CCX2:8:1216:27590:34412	ccnd1	ACCTAGTCCATC	TCGGACTC	7	54677032	-	T	41
E00499:817:HJTG3CCX2:8:1216:27590:34412	ccnd1	ACCTAGTCCATC	TCGGACTC	7	54677042	-	T	41
E00499:817:HJTG3CCX2:8:1216:27590:34412	ccnd1	ACCTAGTCCATC	TCGGACTC	7	54677048	-	T	37
E00499:817:HJTG3CCX2:8:1216:27590:34412	ccnd1	ACCTAGTCCATC	TCGGACTC	7	54677049	-	T	37
E00499:817:HJTG3CCX2:8:2119:24759:46947	ccnd1	ACCTAGTCCATC	TCGGACTC	7	54675508	-	T	32
E00499:817:HJTG3CCX2:8:2119:24759:46947	ccnd1	ACCTAGTCCATC	TCGGACTC	7	54675509	-	T	37
E00499:817:HJTG3CCX2:8:2119:24759:46947	ccnd1	ACCTAGTCCATC	TCGGACTC	7	54675515	-	C	32
E00499:817:HJTG3CCX2:8:2119:24759:46947	ccnd1	ACCTAGTCCATC	TCGGACTC	7	54675516	-	T	37
E00499:817:HJTG3CCX2:8:2119:24759:46947	ccnd1	ACCTAGTCCATC	TCGGACTC	7	54675530	-	T	37
E00499:817:HJTG3CCX2:8:2119:24759:46947	ccnd1	ACCTAGTCCATC	TCGGACTC	7	54675545	-	T	32
E00499:817:HJTG3CCX2:8:2119:24759:46947	ccnd1	ACCTAGTCCATC	TCGGACTC	7	54676953	-	T	37
E00499:817:HJTG3CCX2:8:2119:24759:46947	ccnd1	ACCTAGTCCATC	TCGGACTC	7	54676977	-	T	41
E00499:817:HJTG3CCX2:8:2119:24759:46947	ccnd1	ACCTAGTCCATC	TCGGACTC	7	54676986	-	T	41
E00499:817:HJTG3CCX2:8:2119:24759:46947	ccnd1	ACCTAGTCCATC	TCGGACTC	7	54676988	-	C	41
E00499:817:HJTG3CCX2:8:2119:24759:46947	ccnd1	ACCTAGTCCATC	TCGGACTC	7	54676989	-	T	37
E00499:817:HJTG3CCX2:8:2119:24759:46947	ccnd1	ACCTAGTCCATC	TCGGACTC	7	54677000	-	T	41
E00499:817:HJTG3CCX2:8:2119:24759:46947	ccnd1	ACCTAGTCCATC	TCGGACTC	7	54677001	-	T	41
E00499:817:HJTG3CCX2:8:2119:24759:46947	ccnd1	ACCTAGTCCATC	TCGGACTC	7	54677003	-	T	32
E00499:817:HJTG3CCX2:8:2119:24759:46947	ccnd1	ACCTAGTCCATC	TCGGACTC	7	54677005	-	T	37
E00499:817:HJTG3CCX2:8:2119:24759:46947	ccnd1	ACCTAGTCCATC	TCGGACTC	7	54677012	-	T	41
E00499:817:HJTG3CCX2:8:2119:24759:46947	ccnd1	ACCTAGTCCATC	TCGGACTC	7	54677015	-	T	32
E00499:817:HJTG3CCX2:8:2119:24759:46947	ccnd1	ACCTAGTCCATC	TCGGACTC	7	54677023	-	T	41
E00499:817:HJTG3CCX2:8:2119:24759:46947	ccnd1	ACCTAGTCCATC	TCGGACTC	7	54677028	-	T	32
E00499:817:HJTG3CCX2:8:2119:24759:46947	ccnd1	ACCTAGTCCATC	TCGGACTC	7	54677042	-	T	41
E00499:817:HJTG3CCX2:8:2119:24759:46947	ccnd1	ACCTAGTCCATC	TCGGACTC	7	54677048	-	T	32
E00499:817:HJTG3CCX2:8:1110:3183:62171	ccnd1	ACCTAGTCCATC	TCGGACTC	7	54676957	-	T	32
E00499:817:HJTG3CCX2:8:1110:3183:62171	ccnd1	ACCTAGTCCATC	TCGGACTC	7	54676965	-	T	37
E00499:817:HJTG3CCX2:8:1110:3183:62171	ccnd1	ACCTAGTCCATC	TCGGACTC	7	54676982	-	T	41
E00499:817:HJTG3CCX2:8:1110:3183:62171	ccnd1	ACCTAGTCCATC	TCGGACTC	7	54676986	-	T	41
E00499:817:HJTG3CCX2:8:1110:3183:62171	ccnd1	ACCTAGTCCATC	TCGGACTC	7	54676988	-	C	41
E00499:817:HJTG3CCX2:8:1110:3183:62171	ccnd1	ACCTAGTCCATC	TCGGACTC	7	54676989	-	T	37
E00499:817:HJTG3CCX2:8:1110:3183:62171	ccnd1	ACCTAGTCCATC	TCGGACTC	7	54677000	-	T	41
E00499:817:HJTG3CCX2:8:1110:3183:62171	ccnd1	ACCTAGTCCATC	TCGGACTC	7	54677001	-	T	41
E00499:817:HJTG3CCX2:8:1110:3183:62171	ccnd1	ACCTAGTCCATC	TCGGACTC	7	54677003	-	T	37
E00499:817:HJTG3CCX2:8:1110:3183:62171	ccnd1	ACCTAGTCCATC	TCGGACTC	7	54677005	-	T	37
E00499:817:HJTG3CCX2:8:1110:3183:62171	ccnd1	ACCTAGTCCATC	TCGGACTC	7	54677010	-	T	41
E00499:817:HJTG3CCX2:8:1110:3183:62171	ccnd1	ACCTAGTCCATC	TCGGACTC	7	54677011	-	C	41
E00499:817:HJTG3CCX2:8:1110:3183:62171	ccnd1	ACCTAGTCCATC	TCGGACTC	7	54677012	-	T	41
E00499:817:HJTG3CCX2:8:1110:3183:62171	ccnd1	ACCTAGTCCATC	TCGGACTC	7	54677014	-	C	41
E00499:817:HJTG3CCX2:8:1110:3183:62171	ccnd1	ACCTAGTCCATC	TCGGACTC	7	54677028	-	T	37
E00499:817:HJTG3CCX2:8:1110:3183:62171	ccnd1	ACCTAGTCCATC	TCGGACTC	7	54677032	-	T	32
E00499:817:HJTG3CCX2:8:1110:3183:62171	ccnd1	ACCTAGTCCATC	TCGGACTC	7	54677042	-	T	41
E00499:817:HJTG3CCX2:8:1110:3183:62171	ccnd1	ACCTAGTCCATC	TCGGACTC	7	54677048	-	T	41
E00499:817:HJTG3CCX2:8:1110:3183:62171	ccnd1	ACCTAGTCCATC	TCGGACTC	7	54677049	-	T	41
E00499:817:HJTG3CCX2:8:1110:3183:62171	ccnd1	ACCTAGTCCATC	TCGGACTC	7	54677052	-	C	41
E00499:817:HJTG3CCX2:8:1110:3183:62171	ccnd1	ACCTAGTCCATC	TCGGACTC	7	54677061	-	T	37
E00499:817:HJTG3CCX2:8:1110:3183:62171	ccnd1	ACCTAGTCCATC	TCGGACTC	7	54677062	-	T	32
E00499:817:HJTG3CCX2:8:1110:3183:62171	ccnd1	ACCTAGTCCATC	TCGGACTC	7	54677063	-	T	37
E00499:817:HJTG3CCX2:8:1110:3183:62171	ccnd1	ACCTAGTCCATC	TCGGACTC	7	54677076	-	T	41
E00499:817:HJTG3CCX2:8:1110:3183:62171	ccnd1	ACCTAGTCCATC	TCGGACTC	7	54677077	-	T	32
E00499:817:HJTG3CCX2:8:1110:3183:62171	ccnd1	ACCTAGTCCATC	TCGGACTC	7	54677079	-	T	41
E00499:817:HJTG3CCX2:8:1110:3183:62171	ccnd1	ACCTAGTCCATC	TCGGACTC	7	54677095	-	T	32
E00499:817:HJTG3CCX2:8:2111:10612:20084	ccnd1	ACCTAGTCCATC	CTGGTGCC	7	54677001	-	T	37
E00499:817:HJTG3CCX2:8:2111:10612:20084	ccnd1	ACCTAGTCCATC	CTGGTGCC	7	54677011	-	T	37
E00499:817:HJTG3CCX2:8:2111:10612:20084	ccnd1	ACCTAGTCCATC	CTGGTGCC	7	54677014	-	C	37
E00499:817:HJTG3CCX2:8:2111:10612:20084	ccnd1	ACCTAGTCCATC	CTGGTGCC	7	54677023	-	C	37
E00499:817:HJTG3CCX2:8:2111:10612:20084	ccnd1	ACCTAGTCCATC	CTGGTGCC	7	54677028	-	T	41
E00499:817:HJTG3CCX2:8:2111:10612:20084	ccnd1	ACCTAGTCCATC	CTGGTGCC	7	54677030	-	T	32
E00499:817:HJTG3CCX2:8:2111:10612:20084	ccnd1	ACCTAGTCCATC	CTGGTGCC	7	54677032	-	T	41
E00499:817:HJTG3CCX2:8:2111:10612:20084	ccnd1	ACCTAGTCCATC	CTGGTGCC	7	54677042	-	T	41
E00499:817:HJTG3CCX2:8:2111:10612:20084	ccnd1	ACCTAGTCCATC	CTGGTGCC	7	54677049	-	T	41
E00499:817:HJTG3CCX2:8:2111:10612:20084	ccnd1	ACCTAGTCCATC	CTGGTGCC	7	54677052	-	T	37
E00499:817:HJTG3CCX2:8:2111:10612:20084	ccnd1	ACCTAGTCCATC	CTGGTGCC	7	54677072	-	T	41
E00499:817:HJTG3CCX2:8:2111:10612:20084	ccnd1	ACCTAGTCCATC	CTGGTGCC	7	54677076	-	T	41
E00499:817:HJTG3CCX2:8:2111:10612:20084	ccnd1	ACCTAGTCCATC	CTGGTGCC	7	54677077	-	T	41
E00499:817:HJTG3CCX2:8:2111:10612:20084	ccnd1	ACCTAGTCCATC	CTGGTGCC	7	54677079	-	T	37
E00499:817:HJTG3CCX2:8:2111:10612:20084	ccnd1	ACCTAGTCCATC	CTGGTGCC	7	54677095	-	C	32
E00499:817:HJTG3CCX2:8:2111:10612:20084	ccnd1	ACCTAGTCCATC	CTGGTGCC	7	54677096	-	T	37
E00499:817:HJTG3CCX2:8:2111:10612:20084	ccnd1	ACCTAGTCCATC	CTGGTGCC	7	54677106	-	T	41
E00499:817:HJTG3CCX2:8:2111:10612:20084	ccnd1	ACCTAGTCCATC	CTGGTGCC	7	54677111	-	T	41
E00499:817:HJTG3CCX2:8:2111:10612:20084	ccnd1	ACCTAGTCCATC	CTGGTGCC	7	54677115	-	T	41
E00499:817:HJTG3CCX2:8:2111:10612:20084	ccnd1	ACCTAGTCCATC	CTGGTGCC	7	54677122	-	T	41
E00499:817:HJTG3CCX2:8:2111:10612:20084	ccnd1	ACCTAGTCCATC	CTGGTGCC	7	54677125	-	T	37
E00499:817:HJTG3CCX2:8:2111:10612:20084	ccnd1	ACCTAGTCCATC	CTGGTGCC	7	54677127	-	T	37
E00499:817:HJTG3CCX2:8:2111:10612:20084	ccnd1	ACCTAGTCCATC	CTGGTGCC	7	54677128	-	T	37
E00499:817:HJTG3CCX2:8:2111:10612:20084	ccnd1	ACCTAGTCCATC	CTGGTGCC	7	54677130	-	T	37
E00499:817:HJTG3CCX2:8:2111:10612:20084	ccnd1	ACCTAGTCCATC	CTGGTGCC	7	54677131	-	T	32
E00499:817:HJTG3CCX2:8:2111:10612:20084	ccnd1	ACCTAGTCCATC	CTGGTGCC	7	54677144	-	T	41
E00499:817:HJTG3CCX2:8:2218:14661:6530	ccnd1	ACCTAGTCCATC	TCGGACTC	7	54677095	-	T	41
E00499:817:HJTG3CCX2:8:2218:14661:6530	ccnd1	ACCTAGTCCATC	TCGGACTC	7	54677096	-	T	41
E00499:817:HJTG3CCX2:8:2218:14661:6530	ccnd1	ACCTAGTCCATC	TCGGACTC	7	54677106	-	T	32
E00499:817:HJTG3CCX2:8:2218:14661:6530	ccnd1	ACCTAGTCCATC	TCGGACTC	7	54677111	-	T	41
E00499:817:HJTG3CCX2:8:2218:14661:6530	ccnd1	ACCTAGTCCATC	TCGGACTC	7	54677115	-	T	41
E00499:817:HJTG3CCX2:8:2218:14661:6530	ccnd1	ACCTAGTCCATC	TCGGACTC	7	54677122	-	T	41
E00499:817:HJTG3CCX2:8:2218:14661:6530	ccnd1	ACCTAGTCCATC	TCGGACTC	7	54677125	-	T	41
E00499:817:HJTG3CCX2:8:2218:14661:6530	ccnd1	ACCTAGTCCATC	TCGGACTC	7	54677126	-	T	41
E00499:817:HJTG3CCX2:8:2218:14661:6530	ccnd1	ACCTAGTCCATC	TCGGACTC	7	54677127	-	T	41
E00499:817:HJTG3CCX2:8:2218:14661:6530	ccnd1	ACCTAGTCCATC	TCGGACTC	7	54677128	-	T	41
E00499:817:HJTG3CCX2:8:2218:14661:6530	ccnd1	ACCTAGTCCATC	TCGGACTC	7	54677130	-	T	41
E00499:817:HJTG3CCX2:8:2218:14661:6530	ccnd1	ACCTAGTCCATC	TCGGACTC	7	54677131	-	T	41
E00499:817:HJTG3CCX2:8:2218:14661:6530	ccnd1	ACCTAGTCCATC	TCGGACTC	7	54677142	-	C	41
E00499:817:HJTG3CCX2:8:2218:14661:6530	ccnd1	ACCTAGTCCATC	TCGGACTC	7	54677144	-	T	37
E00499:817:HJTG3CCX2:8:2218:14661:6530	ccnd1	ACCTAGTCCATC	TCGGACTC	7	54677150	-	T	41
E00499:817:HJTG3CCX2:8:2218:14661:6530	ccnd1	ACCTAGTCCATC	TCGGACTC	7	54677164	-	T	41
E00499:817:HJTG3CCX2:8:2218:14661:6530	ccnd1	ACCTAGTCCATC	TCGGACTC	7	54677166	-	T	41
E00499:817:HJTG3CCX2:8:2218:14661:6530	ccnd1	ACCTAGTCCATC	TCGGACTC	7	54677167	-	T	37
E00499:817:HJTG3CCX2:8:2218:14661:6530	ccnd1	ACCTAGTCCATC	TCGGACTC	7	54677168	-	T	41
E00499:817:HJTG3CCX2:8:2218:14661:6530	ccnd1	ACCTAGTCCATC	TCGGACTC	7	54677169	-	T	37
E00499:817:HJTG3CCX2:8:2218:14661:6530	ccnd1	ACCTAGTCCATC	TCGGACTC	7	54677172	-	C	41
E00499:817:HJTG3CCX2:8:2218:14661:6530	ccnd1	ACCTAGTCCATC	TCGGACTC	7	54677173	-	T	41
E00499:817:HJTG3CCX2:8:2218:14661:6530	ccnd1	ACCTAGTCCATC	TCGGACTC	7	54677175	-	T	41
E00499:817:HJTG3CCX2:8:2218:14661:6530	ccnd1	ACCTAGTCCATC	TCGGACTC	7	54677176	-	T	41
E00499:817:HJTG3CCX2:8:2218:14661:6530	ccnd1	ACCTAGTCCATC	TCGGACTC	7	54677177	-	C	41
E00499:817:HJTG3CCX2:8:2218:14661:6530	ccnd1	ACCTAGTCCATC	TCGGACTC	7	54677183	-	T	41
E00499:817:HJTG3CCX2:8:2218:14661:6530	ccnd1	ACCTAGTCCATC	TCGGACTC	7	54677189	-	T	41
E00499:817:HJTG3CCX2:8:2218:14661:6530	ccnd1	ACCTAGTCCATC	TCGGACTC	7	54677195	-	T	37
E00499:817:HJTG3CCX2:8:2218:14661:6530	ccnd1	ACCTAGTCCATC	TCGGACTC	7	54677197	-	C	41
E00499:817:HJTG3CCX2:8:2218:14661:6530	ccnd1	ACCTAGTCCATC	TCGGACTC	7	54677210	-	T	37
E00499:817:HJTG3CCX2:8:2218:14661:6530	ccnd1	ACCTAGTCCATC	TCGGACTC	7	54677232	-	T	37
E00499:817:HJTG3CCX2:8:2218:14661:6530	ccnd1	ACCTAGTCCATC	TCGGACTC	7	54677233	-	T	32
E00499:817:HJTG3CCX2:8:1109:10206:46806	ccnd1	ACCTAGTCCATC	ACGAGAGG	7	54677115	-	C	41
E00499:817:HJTG3CCX2:8:1109:10206:46806	ccnd1	ACCTAGTCCATC	ACGAGAGG	7	54677122	-	C	41
E00499:817:HJTG3CCX2:8:1109:10206:46806	ccnd1	ACCTAGTCCATC	ACGAGAGG	7	54677125	-	C	41
E00499:817:HJTG3CCX2:8:1109:10206:46806	ccnd1	ACCTAGTCCATC	ACGAGAGG	7	54677126	-	T	41
E00499:817:HJTG3CCX2:8:1109:10206:46806	ccnd1	ACCTAGTCCATC	ACGAGAGG	7	54677127	-	T	41
E00499:817:HJTG3CCX2:8:1109:10206:46806	ccnd1	ACCTAGTCCATC	ACGAGAGG	7	54677128	-	T	41
E00499:817:HJTG3CCX2:8:1109:10206:46806	ccnd1	ACCTAGTCCATC	ACGAGAGG	7	54677130	-	T	41
E00499:817:HJTG3CCX2:8:1109:10206:46806	ccnd1	ACCTAGTCCATC	ACGAGAGG	7	54677131	-	T	41
E00499:817:HJTG3CCX2:8:1109:10206:46806	ccnd1	ACCTAGTCCATC	ACGAGAGG	7	54677142	-	T	41
E00499:817:HJTG3CCX2:8:1109:10206:46806	ccnd1	ACCTAGTCCATC	ACGAGAGG	7	54677144	-	C	41
E00499:817:HJTG3CCX2:8:1109:10206:46806	ccnd1	ACCTAGTCCATC	ACGAGAGG	7	54677150	-	T	41
E00499:817:HJTG3CCX2:8:1109:10206:46806	ccnd1	ACCTAGTCCATC	ACGAGAGG	7	54677157	-	T	32
